scenario_id,tau_start,tau_end,o2_net_out_increment,co2_net_out_increment
base,0.0,0.1,-0.007627112518546892,0.007627112518546904
base,0.1,0.2,-0.01870846620613027,0.01870846620613029
base,0.2,0.30000000000000004,-0.026116258361138938,0.026116258361138945
base,0.30000000000000004,0.4,-0.031333035543218625,0.03133303554321861
base,0.4,0.5,-0.0350795135390678,0.0350795135390678
base,0.5,0.6000000000000001,-0.037782888841194795,0.03778288884119477
base,0.6000000000000001,0.7000000000000001,-0.0397224700498896,0.0397224700498896
base,0.7000000000000001,0.8,-0.041091175757996645,0.041091175757996645
base,0.8,0.9,-0.04202669005635812,0.04202669005635812
base,0.9,1.0,-0.0426294307414975,0.0426294307414975
base,1.0,1.1,-0.04297380730439193,0.04297380730439193
base,1.1,1.2000000000000002,-0.04311565058342154,0.04311565058342154
base,1.2000000000000002,1.3,-0.043097287436783926,0.043097287436783926
base,1.3,1.4000000000000001,-0.0429510935251155,0.0429510935251155
base,1.4000000000000001,1.5,-0.042702028399286496,0.042702028399286496
base,1.5,1.6,-0.04236947250095502,0.04236947250095502
base,1.6,1.7000000000000002,-0.041968575560819676,0.041968575560819676
base,1.7000000000000002,1.8,-0.041511257286963255,0.041511257286963255
base,1.8,1.9000000000000001,-0.04100695710874824,0.04100695710874824
base,1.9000000000000001,2.0,-0.04046320061464703,0.04046320061464681
base,2.0,2.1,-0.03988603067944041,0.03988603067944041
base,2.1,2.2,-0.03928033778359252,0.03928033778359252
base,2.2,2.3000000000000003,-0.03865011461020573,0.03865011461020573
base,2.3000000000000003,2.4000000000000004,-0.03799865333909658,0.03799865333909658
base,2.4000000000000004,2.5,-0.037328699280721245,0.037328699280721245
base,2.5,2.6,-0.03664257103212354,0.03664257103212354
base,2.6,2.7,-0.0359422548059154,0.035942254805915175
base,2.7,2.8000000000000003,-0.035229478716109375,0.035229478716109375
base,2.8000000000000003,2.9000000000000004,-0.034505771416909914,0.034505771416909914
base,2.9000000000000004,3.0,-0.03377250845241342,0.03377250845241342
base,3.0,3.1,-0.033030948893982615,0.033030948893982615
base,3.1,3.2,-0.03228226425148373,0.03228226425148373
base,3.2,3.3000000000000003,-0.031527561196043274,0.031527561196043274
base,3.3000000000000003,3.4000000000000004,-0.030767899290440548,0.030767899290440548
base,3.4000000000000004,3.5,-0.030004304662353265,0.030004304662353265
base,3.5,3.6,-0.02923778035620095,0.02923778035620095
base,3.6,3.7,-0.02846931394672092,0.02846931394672092
base,3.7,3.8000000000000003,-0.027699882880610316,0.027699882880610316
base,3.8000000000000003,3.9000000000000004,-0.026930457923508566,0.026930457923508566
base,3.9000000000000004,4.0,-0.026162005021529433,0.026162005021529433
base,4.0,4.1000000000000005,-0.025395485835038922,0.025395485835038922
base,4.1000000000000005,4.2,-0.02463185716314209,0.024631857163141646
base,4.2,4.3,-0.023872069447688826,0.023872069447688826
base,4.3,4.4,-0.023117064523107356,0.023117064523107356
base,4.4,4.5,-0.02236777276109203,0.02236777276109203
base,4.5,4.6000000000000005,-0.021625109745646576,0.021625109745646576
base,4.6000000000000005,4.7,-0.020889972603162388,0.020889972603162388
base,4.7,4.800000000000001,-0.020163236102913817,0.020163236102913817
base,4.800000000000001,4.9,-0.019445748635135818,0.019445748635135818
base,4.9,5.0,-0.01873832816591392,0.01873832816591392
base,5.0,5.1000000000000005,-0.018041758260358698,0.018041758260358698
base,5.1000000000000005,5.2,-0.01735678425727949,0.01735678425727949
base,5.2,5.300000000000001,-0.016684109670189073,0.016684109670189073
base,5.300000000000001,5.4,-0.016024392880379823,0.016024392880379823
base,5.4,5.5,-0.015378244178402278,0.015378244178402278
base,5.5,5.6000000000000005,-0.01474622320047203,0.01474622320047203
base,5.6000000000000005,5.7,-0.014128836796303723,0.014128836796303723
base,5.7,5.800000000000001,-0.013526537354694224,0.013526537354694224
base,5.800000000000001,5.9,-0.01293972160328316,0.01293972160328316
base,5.9,6.0,-0.012368729889121521,0.012368729889121521
base,6.0,6.1000000000000005,-0.011813845937589607,0.011813845937589607
base,6.1000000000000005,6.2,-0.011275297078586322,0.011275297078586322
base,6.2,6.300000000000001,-0.01075325492127921,0.01075325492127921
base,6.300000000000001,6.4,-0.010247836451888537,0.010247836451888537
base,6.4,6.5,-0.009759105523243328,0.009759105523243328
base,6.5,6.6000000000000005,-0.00928707470020429,0.00928707470020429
base,6.6000000000000005,6.7,-0.008831707421478763,0.008831707421478763
base,6.7,6.800000000000001,-0.00839292043588924,0.00839292043588924
base,6.800000000000001,6.9,-0.007970586469712826,0.007970586469712826
base,6.9,7.0,-0.007564537081341749,0.007564537081341749
base,7.0,7.1000000000000005,-0.007174565659909593,0.007174565659909593
base,7.1000000000000005,7.2,-0.006800430525826462,0.006800430525826462
base,7.2,7.300000000000001,-0.006441858093063857,0.006441858093063857
base,7.300000000000001,7.4,-0.006098546055595566,0.006098546055595566
base,7.4,7.5,-0.005770166563265899,0.005770166563265899
base,7.5,7.6000000000000005,-0.005456369355673063,0.005456369355673063
base,7.6000000000000005,7.7,-0.005156784826128025,0.005156784826128025
base,7.7,7.800000000000001,-0.00487102699132258,0.00487102699132258
base,7.800000000000001,7.9,-0.0045986963459867525,0.0045986963459867525
base,7.9,8.0,-0.00433938258536859,0.00433938258536859
base,8.0,8.1,-0.004092667181788023,0.004092667181788023
base,8.1,8.200000000000001,-0.003858125804804491,0.003858125804804491
base,8.200000000000001,8.3,-0.003635330577527185,0.003635330577527185
base,8.3,8.4,-0.003423852164475827,0.003423852164475827
base,8.4,8.5,-0.003223261688821033,0.003223261688821033
base,8.5,8.6,-0.0030331324791219583,0.0030331324791219583
base,8.6,8.700000000000001,-0.0028530416476324483,0.0028530416476324483
base,8.700000000000001,8.8,-0.002682571503887843,0.002682571503887843
base,8.8,8.9,-0.0025213108087682734,0.0025213108087682734
base,8.9,9.0,-0.0023688558752574806,0.0023688558752574806
base,9.0,9.1,-0.0022248115231437993,0.0022248115231437993
base,9.1,9.200000000000001,-0.002088791895537234,0.002088791895537234
base,9.200000000000001,9.3,-0.0019604211456019094,0.0019604211456019094
base,9.3,9.4,-0.0018393340021622961,0.0018393340021622961
base,9.4,9.5,-0.0017251762230969803,0.0017251762230969803
base,9.5,9.600000000000001,-0.0016176049453369146,0.0016176049453369146
base,9.600000000000001,9.700000000000001,-0.001516288940337951,0.001516288940337951
base,9.700000000000001,9.8,-0.001420908783571262,0.001420908783571262
base,9.8,9.9,-0.0013311569464153905,0.0013311569464153905
base,9.9,10.0,-0.0012467378184524147,0.0012467378184524147
base,10.0,10.100000000000001,-0.001167367667838981,0.001167367667838981
base,10.100000000000001,10.200000000000001,-0.0010927745469486716,0.0010927745469486716
base,10.200000000000001,10.3,-0.001022698150149326,0.001022698150149326
base,10.3,10.4,-0.0009568896300262697,0.0009568896300262697
base,10.4,10.5,-0.00089511137796916,0.00089511137796916
base,10.5,10.600000000000001,-0.0008371367745974023,0.0008371367745974023
base,10.600000000000001,10.700000000000001,-0.0007827499149981598,0.0007827499149981598
base,10.700000000000001,10.8,-0.0007317453133857121,0.0007317453133857121
base,10.8,10.9,-0.0006839275913035348,0.0006839275913035348
base,10.9,11.0,-0.0006391111531500737,0.0006391111531500737
base,11.0,11.100000000000001,-0.0005971198523782029,0.0005971198523782029
base,11.100000000000001,11.200000000000001,-0.0005577866513954977,0.0005577866513954977
base,11.200000000000001,11.3,-0.0005209532778318593,0.0005209532778318593
base,11.3,11.4,-0.00048646987954881205,0.00048646987954881205
base,11.4,11.5,-0.00045419468042084965,0.00045419468042084965
base,11.5,11.600000000000001,-0.0004239936387417931,0.0004239936387417931
base,11.600000000000001,11.700000000000001,-0.0003957401097600677,0.0003957401097600677
base,11.700000000000001,11.8,-0.0003693145136933751,0.0003693145136933751
base,11.8,11.9,-0.00034460401033209465,0.00034460401033209465
base,11.9,12.0,-0.0003215021811771024,0.0003215021811771024
base,12.0,12.100000000000001,-0.0002999087198449768,0.0002999087198449768
base,12.100000000000001,12.200000000000001,-0.00027972913139762134,0.00027972913139762134
base,12.200000000000001,12.3,-0.0002608744410428354,0.0002608744410428354
base,12.3,12.4,-0.00024326091257864668,0.00024326091257864668
base,12.4,12.5,-0.00022680977683076087,0.00022680977683076087
base,12.5,12.600000000000001,-0.00021144697024344516,0.00021144697024344516
base,12.600000000000001,12.700000000000001,-0.00019710288370178297,0.00019710288370178297
base,12.700000000000001,12.8,-0.0001837121215986226,0.0001837121215986226
base,12.8,12.9,-0.00017121327108027273,0.00017121327108027273
base,12.9,13.0,-0.00015954868137968425,0.00015954868137968425
base,13.0,13.100000000000001,-0.00014866425306059305,0.00014866425306014897
base,13.100000000000001,13.200000000000001,-0.00013850923702163342,0.00013850923702163342
base,13.200000000000001,13.3,-0.00012903604300795735,0.0001290360430077353
base,13.3,13.4,-0.000120200057402986,0.00012020005740320805
base,13.4,13.5,-0.00011195947002207163,0.00011195947002207163
base,13.5,13.600000000000001,-0.00010427510965449471,0.00010427510965449471
base,13.600000000000001,13.700000000000001,-9.71102880180652e-05,9.71102880180652e-05
base,13.700000000000001,13.8,-9.043065185854182e-05,9.043065185854182e-05
base,13.8,13.9,-8.420404289943839e-05,8.420404289943839e-05
base,13.9,14.0,-7.840036527717587e-05,7.840036527717587e-05
base,14.0,14.100000000000001,-7.299146021311209e-05,7.299146021311209e-05
base,14.100000000000001,14.200000000000001,-6.795098758538565e-05,6.795098758538565e-05
base,14.200000000000001,14.3,-6.32543140928199e-05,6.32543140928199e-05
base,14.3,14.4,-5.887840773066699e-05,5.887840773066699e-05
base,14.4,14.5,-5.4801738264664834e-05,5.4801738264664834e-05
base,14.5,14.600000000000001,-5.1004183424741e-05,5.1004183424741e-05
base,14.600000000000001,14.700000000000001,-4.746694054080791e-05,4.746694054080791e-05
base,14.700000000000001,14.8,-4.4172443353973634e-05,4.4172443353973634e-05
base,14.8,14.9,-4.1104283718729206e-05,4.1104283718729206e-05
base,14.9,15.0,-3.824713796740653e-05,3.824713796740653e-05
base,15.0,15.100000000000001,-3.558669768133349e-05,3.558669768133349e-05
base,15.100000000000001,15.200000000000001,-3.310960463376311e-05,3.310960463376311e-05
base,15.200000000000001,15.3,-3.080338966765517e-05,3.080338966765517e-05
base,15.3,15.4,-2.8656415331118623e-05,2.8656415331118623e-05
base,15.4,15.5,-2.6657822002063014e-05,2.6657822002063014e-05
base,15.5,15.600000000000001,-2.4797477362836773e-05,2.4797477362836773e-05
base,15.600000000000001,15.700000000000001,-2.306592900391813e-05,2.306592900391813e-05
base,15.700000000000001,15.8,-2.145435998213152e-05,2.145435998213152e-05
base,15.8,15.9,-1.9954547165967895e-05,1.9954547165967895e-05
base,15.9,16.0,-1.8558822209913117e-05,1.8558822209913117e-05
base,16.0,16.1,-1.7260034984367678e-05,1.7260034984367678e-05
base,16.1,16.2,-1.6051519354132182e-05,1.6051519354132182e-05
base,16.2,16.3,-1.4927061105840522e-05,1.4927061105840522e-05
base,16.3,16.400000000000002,-1.3880867955951004e-05,1.3880867955951004e-05
base,16.400000000000002,16.5,-1.2907541482309881e-05,1.290754148275397e-05
base,16.5,16.6,-1.200205084694872e-05,1.200205084694872e-05
base,16.6,16.7,-1.1159708249941502e-05,1.1159708249941502e-05
base,16.7,16.8,-1.0376145950230509e-05,1.0376145950230509e-05
base,16.8,16.900000000000002,-9.647294796577555e-06,9.647294796577555e-06
base,16.900000000000002,17.0,-8.969364165167804e-06,8.969364165167804e-06
base,17.0,17.1,-8.338823194176115e-06,8.338823194176115e-06
base,17.1,17.2,-7.75238326999883e-06,7.75238326999883e-06
base,17.2,17.3,-7.206981659013678e-06,7.206981659013678e-06
base,17.3,17.400000000000002,-6.699766217810321e-06,6.699766217810321e-06
base,17.400000000000002,17.5,-6.228081118608841e-06,6.228081118608841e-06
base,17.5,17.6,-5.789453532356603e-06,5.789453532356603e-06
base,17.6,17.7,-5.381581171137739e-06,5.381581171137739e-06
base,17.7,17.8,-5.002320685010275e-06,5.002320685010275e-06
base,17.8,17.900000000000002,-4.649676833778926e-06,4.649676833778926e-06
base,17.900000000000002,18.0,-4.3217923626492905e-06,4.3217923626492905e-06
base,18.0,18.1,-4.016938583095708e-06,4.016938583095708e-06
base,18.1,18.2,-3.7335065585786253e-06,3.7335065585786253e-06
base,18.2,18.3,-3.469998918870232e-06,3.469998918870232e-06
base,18.3,18.400000000000002,-3.22502218974563e-06,3.22502218974563e-06
base,18.400000000000002,18.5,-2.997279664684882e-06,2.997279664684882e-06
base,18.5,18.6,-2.785564754637093e-06,2.785564754637093e-06
base,18.6,18.7,-2.588754776988722e-06,2.588754776988722e-06
base,18.7,18.8,-2.405805186844745e-06,2.4058051864006558e-06
base,18.8,18.900000000000002,-2.2357441746834184e-06,2.2357441746834184e-06
base,18.900000000000002,19.0,-2.077667658362259e-06,2.077667658362259e-06
base,19.0,19.1,-1.930734596200523e-06,1.930734596200523e-06
base,19.1,19.200000000000003,-1.7941626277995226e-06,1.7941626277995226e-06
base,19.200000000000003,19.3,-1.6672240157333817e-06,1.6672240157333817e-06
base,19.3,19.400000000000002,-1.5492418588003432e-06,1.5492418588003432e-06
base,19.400000000000002,19.5,-1.4395865679528441e-06,1.4395865679528441e-06
base,19.5,19.6,-1.3376725884750584e-06,1.3376725884750584e-06
base,19.6,19.700000000000003,-1.2429553328807685e-06,1.2429553328807685e-06
base,19.700000000000003,19.8,-1.1549283387424225e-06,1.1549283387424225e-06
base,19.8,19.900000000000002,-1.0731206239178448e-06,1.0731206239178448e-06
base,19.900000000000002,20.0,-9.970942040915531e-07,9.970942040915531e-07
reaction_slow,0.0,0.1,-0.0008284703321575104,0.0008284703321575131
reaction_slow,0.1,0.2,-0.002247391994689815,0.0022473919946898067
reaction_slow,0.2,0.30000000000000004,-0.0034605994808593866,0.003460599480859392
reaction_slow,0.30000000000000004,0.4,-0.004534373105979354,0.004534373105979361
reaction_slow,0.4,0.5,-0.0054947138716430685,0.005494713871643048
reaction_slow,0.5,0.6000000000000001,-0.006356234492489073,0.006356234492489031
reaction_slow,0.6000000000000001,0.7000000000000001,-0.007129449184689694,0.007129449184689694
reaction_slow,0.7000000000000001,0.8,-0.007823038261734364,0.007823038261734378
reaction_slow,0.8,0.9,-0.00844459665369153,0.008444596653691558
reaction_slow,0.9,1.0,-0.009000914415987424,0.009000914415987465
reaction_slow,1.0,1.1,-0.009498109091987367,0.009498109091987395
reaction_slow,1.1,1.2000000000000002,-0.009941708067330385,0.009941708067330357
reaction_slow,1.2000000000000002,1.3,-0.010336711375776936,0.010336711375776936
reaction_slow,1.3,1.4000000000000001,-0.010687644712636432,0.010687644712636432
reaction_slow,1.4000000000000001,1.5,-0.010998606042074685,0.01099860604207463
reaction_slow,1.5,1.6,-0.011273307194064969,0.011273307194064969
reaction_slow,1.6,1.7000000000000002,-0.011515111198197453,0.011515111198197536
reaction_slow,1.7000000000000002,1.8,-0.011727065867615682,0.011727065867615682
reaction_slow,1.8,1.9000000000000001,-0.01191193404333482,0.011911934043334904
reaction_slow,1.9000000000000001,2.0,-0.01207222084993953,0.012072220849939613
reaction_slow,2.0,2.1,-0.012210198271069728,0.012210198271069783
reaction_slow,2.1,2.2,-0.012327927318450838,0.012327927318450838
reaction_slow,2.2,2.3000000000000003,-0.012427278038502132,0.012427278038502187
reaction_slow,2.3000000000000003,2.4000000000000004,-0.012509947574510932,0.012509947574510932
reaction_slow,2.4000000000000004,2.5,-0.01257747647936644,0.012577476479366495
reaction_slow,2.5,2.6,-0.012631263453422803,0.012631263453422859
reaction_slow,2.6,2.7,-0.01267257866394969,0.01267257866394969
reaction_slow,2.7,2.8000000000000003,-0.01270257578646694,0.01270257578646694
reaction_slow,2.8000000000000003,2.9000000000000004,-0.01272230289388454,0.01272230289388454
reaction_slow,2.9000000000000004,3.0,-0.012732712306523286,0.012732712306523286
reaction_slow,3.0,3.1,-0.01273466950463431,0.01273466950463431
reaction_slow,3.1,3.2,-0.01272896119477157,0.01272896119477157
reaction_slow,3.2,3.3000000000000003,-0.01271630261221468,0.01271630261221468
reaction_slow,3.3000000000000003,3.4000000000000004,-0.012697344133405564,0.012697344133405564
reaction_slow,3.4000000000000004,3.5,-0.012672677265024745,0.012672677265024745
reaction_slow,3.5,3.6,-0.012642840069703287,0.012642840069703287
reaction_slow,3.6,3.7,-0.01260832208246404,0.01260832208246404
reaction_slow,3.7,3.8000000000000003,-0.012569568766654826,0.012569568766654826
reaction_slow,3.8000000000000003,3.9000000000000004,-0.012526985553349801,0.012526985553349801
reaction_slow,3.9000000000000004,4.0,-0.012480941503914211,0.012480941503914211
reaction_slow,4.0,4.1000000000000005,-0.012431772631544047,0.012431772631544047
reaction_slow,4.1000000000000005,4.2,-0.012379784914122671,0.012379784914122671
reaction_slow,4.2,4.3,-0.012325257027607617,0.012325257027607617
reaction_slow,4.3,4.4,-0.012268442826327386,0.012268442826327386
reaction_slow,4.4,4.5,-0.012209573594042011,0.012209573594042011
reaction_slow,4.5,4.6000000000000005,-0.012148860087319635,0.012148860087319635
reaction_slow,4.6000000000000005,4.7,-0.012086494390717628,0.012086494390717628
reaction_slow,4.7,4.800000000000001,-0.01202265160139504,0.01202265160139504
reaction_slow,4.800000000000001,4.9,-0.011957491359104067,0.011957491359104067
reaction_slow,4.9,5.0,-0.011891159235984272,0.011891159235984272
reaction_slow,5.0,5.1000000000000005,-0.011823787999216018,0.011823787999216018
reaction_slow,5.1000000000000005,5.2,-0.011755498758358796,0.011755498758358796
reaction_slow,5.2,5.300000000000001,-0.011686402008070917,0.011686402008070917
reaction_slow,5.300000000000001,5.4,-0.011616598575899584,0.011616598575899362
reaction_slow,5.4,5.5,-0.011546180483934743,0.011546180483934743
reaction_slow,5.5,5.6000000000000005,-0.011475231732258173,0.011475231732258173
reaction_slow,5.6000000000000005,5.7,-0.01140382901141579,0.01140382901141579
reaction_slow,5.7,5.800000000000001,-0.01133204235043428,0.01133204235043428
reaction_slow,5.800000000000001,5.9,-0.011259935706298796,0.011259935706298796
reaction_slow,5.9,6.0,-0.011187567500278828,0.011187567500278828
reaction_slow,6.0,6.1000000000000005,-0.011114991105949712,0.011114991105949712
reaction_slow,6.1000000000000005,6.2,-0.011042255293336245,0.011042255293336245
reaction_slow,6.2,6.300000000000001,-0.010969404633187851,0.010969404633187851
reaction_slow,6.300000000000001,6.4,-0.010896479865005304,0.010896479865005304
reaction_slow,6.4,6.5,-0.010823518232134122,0.010823518232134122
reaction_slow,6.5,6.6000000000000005,-0.010750553786908368,0.010750553786908368
reaction_slow,6.6000000000000005,6.7,-0.010677617668557238,0.010677617668557238
reaction_slow,6.7,6.800000000000001,-0.010604738356358334,0.010604738356358223
reaction_slow,6.800000000000001,6.9,-0.010531941900256525,0.010531941900256414
reaction_slow,6.9,7.0,-0.010459252131004293,0.010459252131004293
reaction_slow,7.0,7.1000000000000005,-0.010386690851654223,0.010386690851654223
reaction_slow,7.1000000000000005,7.2,-0.010314278012088729,0.010314278012088729
reaction_slow,7.2,7.300000000000001,-0.010242031868120782,0.010242031868120782
reaction_slow,7.300000000000001,7.4,-0.01016996912653323,0.01016996912653323
reaction_slow,7.4,7.5,-0.01009810507733866,0.01009810507733866
reaction_slow,7.5,7.6000000000000005,-0.010026453714389594,0.010026453714389594
reaction_slow,7.6000000000000005,7.7,-0.0099550278453866,0.0099550278453866
reaction_slow,7.7,7.800000000000001,-0.009883839192223798,0.009883839192223798
reaction_slow,7.800000000000001,7.9,-0.009812898482553178,0.009812898482553178
reaction_slow,7.9,8.0,-0.009742215533320442,0.009742215533320886
reaction_slow,8.0,8.1,-0.009671799327016006,0.009671799327016006
reaction_slow,8.1,8.200000000000001,-0.009601658081263786,0.009601658081264008
reaction_slow,8.200000000000001,8.3,-0.009531799312354039,0.009531799312354261
reaction_slow,8.3,8.4,-0.009462229893256624,0.009462229893256624
reaction_slow,8.4,8.5,-0.009392956106586636,0.009392956106586636
reaction_slow,8.5,8.6,-0.009323983692992255,0.009323983692992477
reaction_slow,8.6,8.700000000000001,-0.00925531789534939,0.00925531789534939
reaction_slow,8.700000000000001,8.8,-0.009186963499138612,0.009186963499138834
reaction_slow,8.8,8.9,-0.00911892486935173,0.00911892486935173
reaction_slow,8.9,9.0,-0.009051205984205613,0.009051205984205835
reaction_slow,9.0,9.1,-0.008983810465981623,0.008983810465981623
reaction_slow,9.1,9.200000000000001,-0.008916741609203305,0.008916741609203305
reaction_slow,9.200000000000001,9.3,-0.008850002406412427,0.008850002406412427
reaction_slow,9.3,9.4,-0.008783595571747238,0.008783595571747238
reaction_slow,9.4,9.5,-0.008717523562507656,0.008717523562507656
reaction_slow,9.5,9.600000000000001,-0.008651788598888155,0.008651788598888377
reaction_slow,9.600000000000001,9.700000000000001,-0.008586392682038868,0.008586392682038868
reaction_slow,9.700000000000001,9.8,-0.00852133761060303,0.00852133761060303
reaction_slow,9.8,9.9,-0.008456624995852646,0.008456624995852646
reaction_slow,9.9,10.0,-0.008392256275560506,0.008392256275560506
reaction_slow,10.0,10.100000000000001,-0.008328232726690477,0.008328232726690477
reaction_slow,10.100000000000001,10.200000000000001,-0.008264555477048408,0.008264555477048408
reaction_slow,10.200000000000001,10.3,-0.008201225515948929,0.008201225515948929
reaction_slow,10.3,10.4,-0.008138243704003623,0.008138243704003623
reaction_slow,10.4,10.5,-0.00807561078208141,0.00807561078208141
reaction_slow,10.5,10.600000000000001,-0.008013327379554402,0.008013327379554402
reaction_slow,10.600000000000001,10.700000000000001,-0.00795139402185674,0.00795139402185674
reaction_slow,10.700000000000001,10.8,-0.007889811137405944,0.007889811137406388
reaction_slow,10.8,10.9,-0.007828579063995145,0.007828579063995145
reaction_slow,10.9,11.0,-0.0077676980546432794,0.0077676980546432794
reaction_slow,11.0,11.100000000000001,-0.007707168282977683,0.007707168282977683
reaction_slow,11.100000000000001,11.200000000000001,-0.0076469898481867915,0.0076469898481867915
reaction_slow,11.200000000000001,11.3,-0.007587162779587819,0.007587162779587819
reaction_slow,11.3,11.4,-0.0075276870408089724,0.0075276870408089724
reaction_slow,11.4,11.5,-0.007468562533669232,0.007468562533669232
reaction_slow,11.5,11.600000000000001,-0.007409789101739062,0.007409789101739062
reaction_slow,11.600000000000001,11.700000000000001,-0.007351366533623782,0.007351366533623782
reaction_slow,11.700000000000001,11.8,-0.007293294566003805,0.007293294566003805
reaction_slow,11.8,11.9,-0.007235572886441499,0.007235572886441499
reaction_slow,11.9,12.0,-0.007178201135968454,0.007178201135968454
reaction_slow,12.0,12.100000000000001,-0.0071211789114853374,0.0071211789114853374
reaction_slow,12.100000000000001,12.200000000000001,-0.007064505767985452,0.007064505767985452
reaction_slow,12.200000000000001,12.3,-0.007008181220612197,0.007008181220612197
reaction_slow,12.3,12.4,-0.006952204746568658,0.006952204746568658
reaction_slow,12.4,12.5,-0.006896575786895287,0.006896575786895287
reaction_slow,12.5,12.600000000000001,-0.00684129374811171,0.00684129374811171
reaction_slow,12.600000000000001,12.700000000000001,-0.006786358003763038,0.006786358003763038
reaction_slow,12.700000000000001,12.8,-0.006731767895845175,0.006731767895845175
reaction_slow,12.8,12.9,-0.006677522736135311,0.006677522736135311
reaction_slow,12.9,13.0,-0.006623621807446911,0.006623621807446911
reaction_slow,13.0,13.100000000000001,-0.006570064364790351,0.006570064364790351
reaction_slow,13.100000000000001,13.200000000000001,-0.006516849636475364,0.006516849636475364
reaction_slow,13.200000000000001,13.3,-0.0064639768251211205,0.0064639768251211205
reaction_slow,13.3,13.4,-0.0064114451086352275,0.0064114451086352275
reaction_slow,13.4,13.5,-0.006359253641108342,0.006359253641108342
reaction_slow,13.5,13.600000000000001,-0.0063074015536845884,0.0063074015536845884
reaction_slow,13.600000000000001,13.700000000000001,-0.006255887955338046,0.006255887955338046
reaction_slow,13.700000000000001,13.8,-0.006204711933670115,0.006204711933670115
reaction_slow,13.8,13.9,-0.006153872555610285,0.006153872555610285
reaction_slow,13.9,14.0,-0.0061033688681064735,0.0061033688681064735
reaction_slow,14.0,14.100000000000001,-0.006053199898772066,0.006053199898772066
reaction_slow,14.100000000000001,14.200000000000001,-0.006003364656516741,0.006003364656516741
reaction_slow,14.200000000000001,14.3,-0.005953862132122456,0.005953862132122456
reaction_slow,14.3,14.4,-0.0059046912988214295,0.0059046912988214295
reaction_slow,14.4,14.5,-0.005855851112821275,0.005855851112821275
reaction_slow,14.5,14.600000000000001,-0.005807340513836801,0.005807340513836801
reaction_slow,14.600000000000001,14.700000000000001,-0.005759158425576061,0.005759158425576061
reaction_slow,14.700000000000001,14.8,-0.005711303756223307,0.005711303756223307
reaction_slow,14.8,14.9,-0.0056637753988995065,0.0056637753988995065
reaction_slow,14.9,15.0,-0.005616572232097772,0.005616572232097772
reaction_slow,15.0,15.100000000000001,-0.00556969312011768,0.00556969312011768
reaction_slow,15.100000000000001,15.200000000000001,-0.005523136913484938,0.005523136913484938
reaction_slow,15.200000000000001,15.3,-0.00547690244933996,0.00547690244933996
reaction_slow,15.3,15.4,-0.0054309885518391,0.0054309885518391
reaction_slow,15.4,15.5,-0.005385394032522806,0.005385394032522806
reaction_slow,15.5,15.600000000000001,-0.005340117690691315,0.005340117690691315
reaction_slow,15.600000000000001,15.700000000000001,-0.005295158313761483,0.005295158313761483
reaction_slow,15.700000000000001,15.8,-0.005250514677610063,0.005250514677610063
reaction_slow,15.8,15.9,-0.005206185546922981,0.005206185546922981
reaction_slow,15.9,16.0,-0.005162169675521078,0.005162169675521078
reaction_slow,16.0,16.1,-0.0051184658066898425,0.0051184658066898425
reaction_slow,16.1,16.2,-0.0050750726734960505,0.0050750726734960505
reaction_slow,16.2,16.3,-0.005031988999101955,0.005031988999101955
reaction_slow,16.3,16.400000000000002,-0.004989213497060607,0.004989213497060607
reaction_slow,16.400000000000002,16.5,-0.004946744871642483,0.004946744871642483
reaction_slow,16.5,16.6,-0.004904581818093501,0.004904581818093501
reaction_slow,16.6,16.7,-0.004862723022958093,0.004862723022958093
reaction_slow,16.7,16.8,-0.004821167164337226,0.004821167164337226
reaction_slow,16.8,16.900000000000002,-0.004779912912189932,0.004779912912189932
reaction_slow,16.900000000000002,17.0,-0.00473895892858911,0.00473895892858911
reaction_slow,17.0,17.1,-0.004698303868009734,0.004698303868009734
reaction_slow,17.1,17.2,-0.004657946377580879,0.004657946377580879
reaction_slow,17.2,17.3,-0.004617885097361718,0.004617885097361718
reaction_slow,17.3,17.400000000000002,-0.004578118660586661,0.004578118660586661
reaction_slow,17.400000000000002,17.5,-0.004538645693931809,0.004538645693931809
reaction_slow,17.5,17.6,-0.004499464817764087,0.004499464817764087
reaction_slow,17.6,17.7,-0.004460574646384607,0.004460574646384607
reaction_slow,17.7,17.8,-0.004421973788277356,0.004421973788277356
reaction_slow,17.8,17.900000000000002,-0.004383660846353443,0.004383660846353443
reaction_slow,17.900000000000002,18.0,-0.00434563441818181,0.00434563441818181
reaction_slow,18.0,18.1,-0.004307893096227922,0.004307893096227922
reaction_slow,18.1,18.2,-0.004270435468093581,0.004270435468093581
reaction_slow,18.2,18.3,-0.004233260116731419,0.004233260116731419
reaction_slow,18.3,18.400000000000002,-0.004196365620682041,0.004196365620682041
reaction_slow,18.400000000000002,18.5,-0.004159750554290742,0.004159750554290742
reaction_slow,18.5,18.6,-0.0041234134879371,0.0041234134879371
reaction_slow,18.6,18.7,-0.0040873529882381465,0.0040873529882381465
reaction_slow,18.7,18.8,-0.004051567618278407,0.004051567618278407
reaction_slow,18.8,18.900000000000002,-0.004016055937805074,0.004016055937805074
reaction_slow,18.900000000000002,19.0,-0.003980816503455609,0.003980816503455609
reaction_slow,19.0,19.1,-0.003945847868954466,0.003945847868954466
reaction_slow,19.1,19.200000000000003,-0.00391114858531183,0.00391114858531183
reaction_slow,19.200000000000003,19.3,-0.003876717201031221,0.003876717201031221
reaction_slow,19.3,19.400000000000002,-0.0038425522623124486,0.0038425522623124486
reaction_slow,19.400000000000002,19.5,-0.003808652313234129,0.003808652313234129
reaction_slow,19.5,19.6,-0.003775015895963074,0.003775015895963074
reaction_slow,19.6,19.700000000000003,-0.003741641550932817,0.003741641550932817
reaction_slow,19.700000000000003,19.8,-0.0037085278170325697,0.0037085278170325697
reaction_slow,19.8,19.900000000000002,-0.0036756732318006247,0.0036756732318006247
reaction_slow,19.900000000000002,20.0,-0.003643076331601325,0.003643076331601325
reaction_fast,0.0,0.1,-0.0433386330861661,0.04333863308616613
reaction_fast,0.1,0.2,-0.06847700799497757,0.06847700799497759
reaction_fast,0.2,0.30000000000000004,-0.0724270593821989,0.0724270593821989
reaction_fast,0.30000000000000004,0.4,-0.07260679154086092,0.07260679154086086
reaction_fast,0.4,0.5,-0.07171708945019284,0.07171708945019284
reaction_fast,0.5,0.6000000000000001,-0.07045265811337004,0.07045265811337004
reaction_fast,0.6000000000000001,0.7000000000000001,-0.06903696803488196,0.06903696803488196
reaction_fast,0.7000000000000001,0.8,-0.06755406470691072,0.06755406470691072
reaction_fast,0.8,0.9,-0.06604100780615463,0.06604100780615463
reaction_fast,0.9,1.0,-0.06451698655043381,0.06451698655043381
reaction_fast,1.0,1.1,-0.06299298200213377,0.06299298200213377
reaction_fast,1.1,1.2000000000000002,-0.061474996348870325,0.061474996348870325
reaction_fast,1.2000000000000002,1.3,-0.059965120174021336,0.059965120174021336
reaction_fast,1.3,1.4000000000000001,-0.05846192280791718,0.05846192280791718
reaction_fast,1.4000000000000001,1.5,-0.056960695344101975,0.056960695344101975
reaction_fast,1.5,1.6,-0.05545373560000977,0.05545373560000977
reaction_fast,1.6,1.7000000000000002,-0.053930749125839395,0.053930749125839395
reaction_fast,1.7000000000000002,1.8,-0.05237941404521829,0.05237941404521829
reaction_fast,1.8,1.9000000000000001,-0.05078616445424888,0.05078616445424888
reaction_fast,1.9000000000000001,2.0,-0.04913725603792907,0.04913725603792907
reaction_fast,2.0,2.1,-0.047420162539405286,0.047420162539405286
reaction_fast,2.1,2.2,-0.04562528869451743,0.04562528869451743
reaction_fast,2.2,2.3000000000000003,-0.04374786061644809,0.04374786061644809
reaction_fast,2.3000000000000003,2.4000000000000004,-0.041789684503105384,0.041789684503105384
reaction_fast,2.4000000000000004,2.5,-0.03976031395516433,0.03976031395516433
reaction_fast,2.5,2.6,-0.03767714209557904,0.03767714209557904
reaction_fast,2.6,2.7,-0.035564128473628775,0.035564128473628775
reaction_fast,2.7,2.8000000000000003,-0.033449268317640835,0.033449268317640835
reaction_fast,2.8000000000000003,2.9000000000000004,-0.03136135054094358,0.03136135054094358
reaction_fast,2.9000000000000004,3.0,-0.029326799323772246,0.029326799323772246
reaction_fast,3.0,3.1,-0.027367315307354367,0.027367315307354367
reaction_fast,3.1,3.2,-0.025498687278111776,0.025498687278111776
reaction_fast,3.2,3.3000000000000003,-0.023730735412990978,0.023730735412990978
reaction_fast,3.3000000000000003,3.4000000000000004,-0.02206806277397222,0.02206806277397222
reaction_fast,3.4000000000000004,3.5,-0.020511204497743574,0.020511204497743574
reaction_fast,3.5,3.6,-0.019057831075580234,0.019057831075580234
reaction_fast,3.6,3.7,-0.017703794685684615,0.017703794685684615
reaction_fast,3.7,3.8000000000000003,-0.01644393331175542,0.016443933311755865
reaction_fast,3.8000000000000003,3.9000000000000004,-0.01527263261523526,0.01527263261523526
reaction_fast,3.9000000000000004,4.0,-0.014184187714717744,0.014184187714717744
reaction_fast,4.0,4.1000000000000005,-0.013173018352137467,0.013173018352138355
reaction_fast,4.1000000000000005,4.2,-0.012233785646118989,0.012233785646118989
reaction_fast,4.2,4.3,-0.01136144729862365,0.01136144729862365
reaction_fast,4.3,4.4,-0.010551276641034724,0.010551276641034724
reaction_fast,4.4,4.5,-0.009798861706441064,0.009798861706441064
reaction_fast,4.5,4.6000000000000005,-0.009100094035652706,0.009100094035652706
reaction_fast,4.6000000000000005,4.7,-0.008451152742352974,0.008451152742352974
reaction_fast,4.7,4.800000000000001,-0.007848486834511448,0.007848486834511448
reaction_fast,4.800000000000001,4.9,-0.007288797339199515,0.007288797339199515
reaction_fast,4.9,5.0,-0.006769019982471036,0.006769019982471036
reaction_fast,5.0,5.1000000000000005,-0.006286308756782599,0.006286308756782599
reaction_fast,5.1000000000000005,5.2,-0.00583802049565274,0.00583802049565274
reaction_fast,5.2,5.300000000000001,-0.005421700471810675,0.005421700471810675
reaction_fast,5.300000000000001,5.4,-0.005035068987377711,0.005035068987377711
reaction_fast,5.4,5.5,-0.004676008904571871,0.004676008904571871
reaction_fast,5.5,5.6000000000000005,-0.004342554058620385,0.004342554058620385
reaction_fast,5.6000000000000005,5.7,-0.004032878493909431,0.004032878493909431
reaction_fast,5.7,5.800000000000001,-0.0037452864663931607,0.0037452864663931607
reaction_fast,5.800000000000001,5.9,-0.0034782031583742157,0.0034782031583742157
reaction_fast,5.9,6.0,-0.0032301660551969924,0.0032301660551969924
reaction_fast,6.0,6.1000000000000005,-0.002999816936788635,0.002999816936788635
reaction_fast,6.1000000000000005,6.2,-0.002785894440239023,0.002785894440239023
reaction_fast,6.2,6.300000000000001,-0.002587227152749838,0.002587227152749838
reaction_fast,6.300000000000001,6.4,-0.0024027271971405195,0.0024027271971405195
reaction_fast,6.4,6.5,-0.0022313842747605506,0.0022313842747614387
reaction_fast,6.5,6.6000000000000005,-0.0020722601332248125,0.0020722601332248125
reaction_fast,6.6000000000000005,6.7,-0.0019244834286604728,0.0019244834286604728
reaction_fast,6.7,6.800000000000001,-0.0017872449543412383,0.0017872449543412383
reaction_fast,6.800000000000001,6.9,-0.0016597932095678836,0.0016597932095678836
reaction_fast,6.9,7.0,-0.001541430284550449,0.0015414302845508931
reaction_fast,7.0,7.1000000000000005,-0.001431508038729934,0.001431508038729934
reaction_fast,7.1000000000000005,7.2,-0.0013294245516588532,0.0013294245516592973
reaction_fast,7.2,7.300000000000001,-0.0012346208269415904,0.0012346208269420345
reaction_fast,7.300000000000001,7.4,-0.0011465777312595904,0.0011465777312600345
reaction_fast,7.4,7.5,-0.00106481315163931,0.00106481315163931
reaction_fast,7.5,7.6000000000000005,-0.000988879355490635,0.000988879355490635
reaction_fast,7.6000000000000005,7.7,-0.0009183605388494165,0.0009183605388494165
reaction_fast,7.7,7.800000000000001,-0.0008528705495098876,0.0008528705495098876
reaction_fast,7.800000000000001,7.9,-0.0007920507724927806,0.0007920507724927806
reaction_fast,7.9,8.0,-0.0007355681663139269,0.0007355681663143709
reaction_fast,8.0,8.1,-0.0006831134392939475,0.0006831134392939475
reaction_fast,8.1,8.200000000000001,-0.0006343993559219108,0.0006343993559219108
reaction_fast,8.200000000000001,8.3,-0.0005891591639710647,0.0005891591639710647
reaction_fast,8.3,8.4,-0.0005471451338201483,0.0005471451338201483
reaction_fast,8.4,8.5,-0.0005081272019031857,0.0005081272019031857
reaction_fast,8.5,8.6,-0.00047189171090877835,0.00047189171090877835
reaction_fast,8.6,8.700000000000001,-0.0004382402398261931,0.0004382402398261931
reaction_fast,8.700000000000001,8.8,-0.00040698851741449715,0.00040698851741494124
reaction_fast,8.8,8.9,-0.0003779654131534915,0.0003779654131534915
reaction_fast,8.9,9.0,-0.0003510120001641859,0.0003510120001641859
reaction_fast,9.0,9.1,-0.0003259806849276181,0.0003259806849276181
reaction_fast,9.1,9.200000000000001,-0.0003027343990986697,0.0003027343990986697
reaction_fast,9.200000000000001,9.3,-0.000281145848924913,0.000281145848924913
reaction_fast,9.3,9.4,-0.00026109681821195885,0.00026109681821240294
reaction_fast,9.4,9.5,-0.00024247752097883435,0.00024247752097883435
reaction_fast,9.5,9.600000000000001,-0.00022518600028176294,0.00022518600028176294
reaction_fast,9.600000000000001,9.700000000000001,-0.00020912756992252923,0.00020912756992252923
reaction_fast,9.700000000000001,9.8,-0.00019421429594634887,0.00019421429594634887
reaction_fast,9.8,9.9,-0.0001803645151328137,0.0001803645151328137
reaction_fast,9.9,10.0,-0.00016750238781537696,0.00016750238781537696
reaction_fast,10.0,10.100000000000001,-0.000155557482598212,0.000155557482598212
reaction_fast,10.100000000000001,10.200000000000001,-0.0001444643906727272,0.0001444643906727272
reaction_fast,10.200000000000001,10.3,-0.00013416236766028433,0.00013416236766028433
reaction_fast,10.3,10.4,-0.0001245950009720609,0.0001245950009720609
reaction_fast,10.4,10.5,-0.00011570990090525868,0.00011570990090525868
reaction_fast,10.5,10.600000000000001,-0.0001074584137636947,0.0001074584137636947
reaction_fast,10.600000000000001,10.700000000000001,-9.979535543891416e-05,9.979535543891416e-05
reaction_fast,10.700000000000001,10.8,-9.267876398544317e-05,9.267876398544317e-05
reaction_fast,10.8,10.9,-8.60696698339325e-05,8.60696698339325e-05
reaction_fast,10.9,11.0,-7.993188241739446e-05,7.993188241739446e-05
reaction_fast,11.0,11.100000000000001,-7.42317919786295e-05,7.42317919786295e-05
reaction_fast,11.100000000000001,11.200000000000001,-6.893818553455056e-05,6.893818553455056e-05
reaction_fast,11.200000000000001,11.3,-6.402207596356568e-05,6.402207596356568e-05
reaction_fast,11.3,11.4,-5.945654326078298e-05,5.945654326078298e-05
reaction_fast,11.4,11.5,-5.521658714324751e-05,5.521658714324751e-05
reaction_fast,11.5,11.600000000000001,-5.1278990143677206e-05,5.1278990143677206e-05
reaction_fast,11.600000000000001,11.700000000000001,-4.762219046994254e-05,4.762219046994254e-05
reaction_fast,11.700000000000001,11.8,-4.4226163948613006e-05,4.4226163948613006e-05
reaction_fast,11.8,11.9,-4.107231436178971e-05,4.107231436178971e-05
reaction_fast,11.9,12.0,-3.814337162544312e-05,3.814337162544312e-05
reaction_fast,12.0,12.100000000000001,-3.542329721595294e-05,3.542329721595294e-05
reaction_fast,12.100000000000001,12.200000000000001,-3.2897196344583435e-05,3.2897196344583435e-05
reaction_fast,12.200000000000001,12.3,-3.055123640183233e-05,3.055123640183233e-05
reaction_fast,12.3,12.4,-2.8372571202694985e-05,2.8372571202694985e-05
reaction_fast,12.4,12.5,-2.6349270649816958e-05,2.6349270649816958e-05
reaction_fast,12.5,12.600000000000001,-2.447025540419645e-05,2.447025540419645e-05
reaction_fast,12.600000000000001,12.700000000000001,-2.2725236211051936e-05,2.2725236211051936e-05
reaction_fast,12.700000000000001,12.8,-2.1104657567327934e-05,2.1104657567327934e-05
reaction_fast,12.8,12.9,-1.9599645385781628e-05,1.9599645385781628e-05
reaction_fast,12.9,13.0,-1.820195840496197e-05,1.820195840496197e-05
reaction_fast,13.0,13.100000000000001,-1.6903943069745964e-05,1.6903943069745964e-05
reaction_fast,13.100000000000001,13.200000000000001,-1.5698491612869958e-05,1.5698491612869958e-05
reaction_fast,13.200000000000001,13.3,-1.457900312740179e-05,1.457900312740179e-05
reaction_fast,13.3,13.4,-1.3539347437419025e-05,1.3539347437419025e-05
reaction_fast,13.4,13.5,-1.2573831518647438e-05,1.2573831518647438e-05
reaction_fast,13.5,13.600000000000001,-1.1677168326951204e-05,1.1677168326951204e-05
reaction_fast,13.600000000000001,13.700000000000001,-1.0844447846380945e-05,1.0844447846825034e-05
reaction_fast,13.700000000000001,13.8,-1.0071110203568878e-05,1.0071110203568878e-05
reaction_fast,13.8,13.9,-9.352920700589351e-06,9.352920700589351e-06
reaction_fast,13.9,14.0,-8.685946618403051e-06,8.685946618403051e-06
reaction_fast,14.0,14.100000000000001,-8.066535693185273e-06,8.066535693629362e-06
reaction_fast,14.100000000000001,14.200000000000001,-7.491296106332257e-06,7.491296106332257e-06
reaction_fast,14.200000000000001,14.3,-6.957077918423593e-06,6.957077918423593e-06
reaction_fast,14.3,14.4,-6.460955820575265e-06,6.460955820575265e-06
reaction_fast,14.4,14.5,-6.000213104595531e-06,6.000213104595531e-06
reaction_fast,14.5,14.600000000000001,-5.572326806646544e-06,5.572326806646544e-06
reaction_fast,14.600000000000001,14.700000000000001,-5.174953870090704e-06,5.174953870090704e-06
reaction_fast,14.700000000000001,14.8,-4.805918333739001e-06,4.805918333739001e-06
reaction_fast,14.8,14.9,-4.463199405391194e-06,4.463199405391194e-06
reaction_fast,14.9,15.0,-4.1449203969090576e-06,4.1449203969090576e-06
reaction_fast,15.0,15.100000000000001,-3.849338453099094e-06,3.849338453099094e-06
reaction_fast,15.100000000000001,15.200000000000001,-3.5748350060149647e-06,3.5748350060149647e-06
reaction_fast,15.200000000000001,15.3,-3.3199069078282406e-06,3.3199069078282406e-06
reaction_fast,15.3,15.4,-3.083158202743519e-06,3.083158202743519e-06
reaction_fast,15.4,15.5,-2.863292484889257e-06,2.863292484889257e-06
reaction_fast,15.5,15.600000000000001,-2.6591057999958423e-06,2.6591057999958423e-06
reaction_fast,15.600000000000001,15.700000000000001,-2.469480046007888e-06,2.469480046007888e-06
reaction_fast,15.700000000000001,15.8,-2.293376853534923e-06,2.293376853534923e-06
reaction_fast,15.8,15.9,-2.129831907504709e-06,2.129831907504709e-06
reaction_fast,15.9,16.0,-1.977949652731681e-06,1.977949652731681e-06
reaction_fast,16.0,16.1,-1.836898403828613e-06,1.836898403828613e-06
reaction_fast,16.1,16.2,-1.705905778859318e-06,1.705905778859318e-06
reaction_fast,16.2,16.3,-1.5842544811572878e-06,1.5842544811572878e-06
reaction_fast,16.3,16.400000000000002,-1.4712783635850712e-06,1.4712783635850712e-06
reaction_fast,16.400000000000002,16.5,-1.3663587807855038e-06,1.3663587807855038e-06
reaction_fast,16.5,16.6,-1.2689212076644196e-06,1.2689212076644196e-06
reaction_fast,16.6,16.7,-1.1784320887997524e-06,1.1784320887997524e-06
reaction_fast,16.7,16.8,-1.094395915224311e-06,1.094395915224311e-06
reaction_fast,16.8,16.900000000000002,-1.016352517702046e-06,1.016352517702046e-06
reaction_fast,16.900000000000002,17.0,-9.438745391943115e-07,9.438745391943115e-07
reaction_fast,17.0,17.1,-8.765650980624429e-07,8.765650980624429e-07
reaction_fast,17.1,17.2,-8.14055620246279e-07,8.14055620246279e-07
reaction_fast,17.2,17.3,-7.560038075560271e-07,7.560038075560271e-07
reaction_fast,17.3,17.400000000000002,-7.020917760502954e-07,7.020917760502954e-07
reaction_fast,17.400000000000002,17.5,-6.520243129859438e-07,6.520243129859438e-07
reaction_fast,17.5,17.6,-6.055272532279332e-07,6.055272532279332e-07
reaction_fast,17.6,17.7,-5.623459822245991e-07,5.623459822245991e-07
reaction_fast,17.7,17.8,-5.222440504493164e-07,5.222440504493164e-07
reaction_fast,17.8,17.900000000000002,-4.850018613389295e-07,4.850018613389295e-07
reaction_fast,17.900000000000002,18.0,-4.5041548202284787e-07,4.5041548202284787e-07
reaction_fast,18.0,18.1,-4.182955217757467e-07,4.182955217757467e-07
reaction_fast,18.1,18.2,-3.8846609307086055e-07,3.8846609307086055e-07
reaction_fast,18.2,18.3,-3.607638561220483e-07,3.607638561220483e-07
reaction_fast,18.3,18.400000000000002,-3.3503711827087557e-07,3.3503711827087557e-07
reaction_fast,18.400000000000002,18.5,-3.1114500331774764e-07,3.1114500331774764e-07
reaction_fast,18.5,18.6,-2.889566750319261e-07,2.889566750319261e-07
reaction_fast,18.6,18.7,-2.6835063993146946e-07,2.6835063993146946e-07
reaction_fast,18.7,18.8,-2.4921406027722526e-07,2.4921406027722526e-07
reaction_fast,18.8,18.900000000000002,-2.314421441163006e-07,2.314421441163006e-07
reaction_fast,18.900000000000002,19.0,-2.149375772919626e-07,2.149375772919626e-07
reaction_fast,19.0,19.1,-1.9960997965640104e-07,1.9960997965640104e-07
reaction_fast,19.1,19.200000000000003,-1.853754227898463e-07,1.853754227898463e-07
reaction_fast,19.200000000000003,19.3,-1.721559579337395e-07,1.721559579337395e-07
reaction_fast,19.3,19.400000000000002,-1.5987919876891965e-07,1.5987919876891965e-07
reaction_fast,19.400000000000002,19.5,-1.484779168503536e-07,1.484779168503536e-07
reaction_fast,19.5,19.6,-1.3788968278305447e-07,1.3788968278305447e-07
reaction_fast,19.6,19.700000000000003,-1.2805651383729355e-07,1.2805651383729355e-07
reaction_fast,19.700000000000003,19.8,-1.1892456797113482e-07,1.1892456797113482e-07
reaction_fast,19.8,19.900000000000002,-1.1044383496638943e-07,1.1044383496638943e-07
reaction_fast,19.900000000000002,20.0,-1.025678826316323e-07,1.025678826316323e-07
carbon_low,0.0,0.1,-0.001003435097658747,0.00100343509765875
carbon_low,0.1,0.2,-0.0026096669211145757,0.002609666921114598
carbon_low,0.2,0.30000000000000004,-0.0038409056574539185,0.0038409056574539332
carbon_low,0.30000000000000004,0.4,-0.00481368028169416,0.004813680281694169
carbon_low,0.4,0.5,-0.005584172805962944,0.005584172805962968
carbon_low,0.5,0.6000000000000001,-0.006188477121215685,0.006188477121215723
carbon_low,0.6000000000000001,0.7000000000000001,-0.00665352125155283,0.006653521251552878
carbon_low,0.7000000000000001,0.8,-0.007000937792027859,0.007000937792027949
carbon_low,0.8,0.9,-0.007248698209964488,0.007248698209964516
carbon_low,0.9,1.0,-0.007411970828719763,0.007411970828719798
carbon_low,1.0,1.1,-0.007503668279900129,0.007503668279900136
carbon_low,1.1,1.2000000000000002,-0.007534843401069392,0.0075348434010693785
carbon_low,1.2000000000000002,1.3,-0.0075149949087583295,0.007514994908758371
carbon_low,1.3,1.4000000000000001,-0.007452311217704885,0.007452311217704899
carbon_low,1.4000000000000001,1.5,-0.007353868373298517,0.007353868373298517
carbon_low,1.5,1.6,-0.007225792550137167,0.0072257925501371945
carbon_low,1.6,1.7000000000000002,-0.0070733946049955365,0.00707339460499562
carbon_low,1.7000000000000002,1.8,-0.006901282308270029,0.006901282308270085
carbon_low,1.8,1.9000000000000001,-0.006713454583777673,0.006713454583777756
carbon_low,1.9000000000000001,2.0,-0.006513381138575136,0.006513381138575164
carbon_low,2.0,2.1,-0.0063040701494802565,0.006304070149480284
carbon_low,2.1,2.2,-0.00608812612483195,0.006088126124832005
carbon_low,2.2,2.3000000000000003,-0.005867799635191212,0.005867799635191323
carbon_low,2.3000000000000003,2.4000000000000004,-0.005645030274660151,0.005645030274660262
carbon_low,2.4000000000000004,2.5,-0.005421483953327089,0.005421483953327144
carbon_low,2.5,2.6,-0.005198585414670498,0.0051985854146706645
carbon_low,2.6,2.7,-0.0049775467073958635,0.0049775467073958635
carbon_low,2.7,2.8000000000000003,-0.0047593922098714825,0.0047593922098714825
carbon_low,2.8000000000000003,2.9000000000000004,-0.004544980700021017,0.004544980700021017
carbon_low,2.9000000000000004,3.0,-0.004335024878726779,0.004335024878726779
carbon_low,3.0,3.1,-0.004130108686310918,0.004130108686310918
carbon_low,3.1,3.2,-0.003930702696149535,0.003930702696149535
carbon_low,3.2,3.3000000000000003,-0.003737177824348681,0.003737177824348681
carbon_low,3.3000000000000003,3.4000000000000004,-0.00354981755760983,0.00354981755760983
carbon_low,3.4000000000000004,3.5,-0.0033688288713074332,0.0033688288713074332
carbon_low,3.5,3.6,-0.0031943519850799462,0.0031943519850799462
carbon_low,3.6,3.7,-0.0030264690828631924,0.0030264690828631924
carbon_low,3.7,3.8000000000000003,-0.0028652121074351222,0.0028652121074351222
carbon_low,3.8000000000000003,3.9000000000000004,-0.0027105697255175865,0.0027105697255175865
carbon_low,3.9000000000000004,4.0,-0.002562493547754563,0.002562493547754563
carbon_low,4.0,4.1000000000000005,-0.002420903678031605,0.002420903678031605
carbon_low,4.1000000000000005,4.2,-0.002285693658249599,0.002285693658249599
carbon_low,4.2,4.3,-0.0021567348675566866,0.0021567348675566866
carbon_low,4.3,4.4,-0.0020338804289261325,0.0020338804289261325
carbon_low,4.4,4.5,-0.0019169686706847489,0.0019169686706847489
carbon_low,4.5,4.6000000000000005,-0.0018058261859859315,0.0018058261859859315
carbon_low,4.6000000000000005,4.7,-0.0017002705291641607,0.0017002705291641051
carbon_low,4.7,4.800000000000001,-0.0016001125843204678,0.0016001125843204123
carbon_low,4.800000000000001,4.9,-0.0015051586382942017,0.0015051586382942017
carbon_low,4.9,5.0,-0.0014152121872951229,0.0014152121872950674
carbon_low,5.0,5.1000000000000005,-0.0013300755038863077,0.0013300755038862522
carbon_low,5.1000000000000005,5.2,-0.0012495509886537859,0.0012495509886537859
carbon_low,5.2,5.300000000000001,-0.0011734423287604046,0.001173442328760349
carbon_low,5.300000000000001,5.4,-0.001101555483621397,0.001101555483621397
carbon_low,5.4,5.5,-0.001033699516146569,0.001033699516146569
carbon_low,5.5,5.6000000000000005,-0.000969687286351606,0.000969687286351606
carbon_low,5.6000000000000005,5.7,-0.0009093360226161418,0.0009093360226161418
carbon_low,5.7,5.800000000000001,-0.0008524677844862771,0.0008524677844862771
carbon_low,5.800000000000001,5.9,-0.0007989098296214137,0.0007989098296213581
carbon_low,5.9,6.0,-0.000748494896314511,0.0007484948963144555
carbon_low,6.0,6.1000000000000005,-0.0007010614119209724,0.0007010614119209169
carbon_low,6.1000000000000005,6.2,-0.000656453636532689,0.000656453636532689
carbon_low,6.2,6.300000000000001,-0.0006145217503152334,0.0006145217503152334
carbon_low,6.300000000000001,6.4,-0.0005751218920818923,0.0005751218920818923
carbon_low,6.4,6.5,-0.0005381161559022962,0.0005381161559022962
carbon_low,6.5,6.6000000000000005,-0.0005033725518403809,0.0005033725518403809
carbon_low,6.6000000000000005,6.7,-0.0004707649362629407,0.0004707649362629407
carbon_low,6.7,6.800000000000001,-0.0004401729165753321,0.0004401729165752766
carbon_low,6.800000000000001,6.9,-0.0004114817346980715,0.0004114817346980715
carbon_low,6.9,7.0,-0.0003845821331106003,0.0003845821331105448
carbon_low,7.0,7.1000000000000005,-0.00035937020684609355,0.00035937020684609355
carbon_low,7.1000000000000005,7.2,-0.00033574724441490233,0.00033574724441490233
carbon_low,7.2,7.300000000000001,-0.0003136195602750913,0.0003136195602750913
carbon_low,7.300000000000001,7.4,-0.0002928983211346048,0.0002928983211346048
carbon_low,7.4,7.5,-0.0002734993680810205,0.000273499368080965
carbon_low,7.5,7.6000000000000005,-0.00025534303626195687,0.00025534303626195687
carbon_low,7.6000000000000005,7.7,-0.0002383539736045548,0.00023835397360444377
carbon_low,7.7,7.800000000000001,-0.00022246095985228864,0.00022246095985228864
carbon_low,7.800000000000001,7.9,-0.00020759672699746656,0.00020759672699746656
carbon_low,7.9,8.0,-0.00019369778203440213,0.00019369778203440213
carbon_low,8.0,8.1,-0.00018070423278632175,0.00018070423278632175
carbon_low,8.1,8.200000000000001,-0.00016855961744938197,0.00016855961744938197
carbon_low,8.200000000000001,8.3,-0.0001572107383590593,0.0001572107383590038
carbon_low,8.3,8.4,-0.00014660750039485748,0.00014660750039485748
carbon_low,8.4,8.5,-0.00013670275434363166,0.00013670275434368717
carbon_low,8.5,8.6,-0.00012745214545528682,0.00012745214545528682
carbon_low,8.6,8.700000000000001,-0.00011881396737226102,0.00011881396737226102
carbon_low,8.700000000000001,8.8,-0.0001107490215353224,0.00011074902153526689
carbon_low,8.8,8.9,-0.00010322048213240453,0.00010322048213240453
carbon_low,8.9,9.0,-9.61937666006385e-05,9.61937666006385e-05
carbon_low,9.0,9.1,-8.96364116623749e-05,8.96364116623749e-05
carbon_low,9.1,9.200000000000001,-8.351795484240476e-05,8.351795484240476e-05
carbon_low,9.200000000000001,9.3,-7.780982137925441e-05,7.780982137925441e-05
carbon_low,9.3,9.4,-7.248521643718475e-05,7.248521643718475e-05
carbon_low,9.4,9.5,-6.75190224879163e-05,6.75190224879163e-05
carbon_low,9.5,9.600000000000001,-6.288770173049074e-05,6.288770173049074e-05
carbon_low,9.600000000000001,9.700000000000001,-5.856920340616134e-05,5.856920340616134e-05
carbon_low,9.700000000000001,9.8,-5.45428758405575e-05,5.45428758405575e-05
carbon_low,9.8,9.9,-5.078938306307679e-05,5.078938306307679e-05
carbon_low,9.9,10.0,-4.729062582667365e-05,4.729062582667365e-05
carbon_low,10.0,10.100000000000001,-4.402966686381515e-05,4.402966686381515e-05
carbon_low,10.100000000000001,10.200000000000001,-4.09906602040766e-05,4.09906602040766e-05
carbon_low,10.200000000000001,10.3,-3.815878438365172e-05,3.815878438365172e-05
carbon_low,10.3,10.4,-3.5520179376941075e-05,3.552017937688556e-05
carbon_low,10.4,10.5,-3.306188708374069e-05,3.306188708374069e-05
carbon_low,10.5,10.600000000000001,-3.077179520299955e-05,3.077179520299955e-05
carbon_low,10.600000000000001,10.700000000000001,-2.8638584337215e-05,2.8638584337215e-05
carbon_low,10.700000000000001,10.8,-2.6651678166955683e-05,2.6651678166955683e-05
carbon_low,10.8,10.9,-2.4801196541024417e-05,2.4801196541052173e-05
carbon_low,10.9,11.0,-2.30779113393198e-05,2.3077911339347557e-05
carbon_low,11.0,11.100000000000001,-2.147320496007077e-05,2.147320496018179e-05
carbon_low,11.100000000000001,11.200000000000001,-1.9979031295691563e-05,1.9979031295691563e-05
carbon_low,11.200000000000001,11.3,-1.858787906380832e-05,1.8587879063974855e-05
carbon_low,11.3,11.4,-1.729273736772452e-05,1.729273736778003e-05
carbon_low,11.4,11.5,-1.6087063358399822e-05,1.6087063358399822e-05
carbon_low,11.5,11.600000000000001,-1.4964751889640082e-05,1.4964751889695593e-05
carbon_low,11.600000000000001,11.700000000000001,-1.392010704709401e-05,1.392010704709401e-05
carbon_low,11.700000000000001,11.8,-1.2947815447417188e-05,1.2947815447417188e-05
carbon_low,11.8,11.9,-1.20429212079054e-05,1.20429212079054e-05
carbon_low,11.9,12.0,-1.1200802484734318e-05,1.1200802484789829e-05
carbon_low,12.0,12.100000000000001,-1.0417149494512667e-05,1.0417149494512667e-05
carbon_low,12.100000000000001,12.200000000000001,-9.68794392594563e-06,9.68794392594563e-06
carbon_low,12.200000000000001,12.3,-9.009439662699403e-06,9.009439662699403e-06
carbon_low,12.3,12.4,-8.37814473725329e-06,8.378144737364313e-06
carbon_low,12.4,12.5,-7.790804442908694e-06,7.790804442908694e-06
carbon_low,12.5,12.600000000000001,-7.244385531068875e-06,7.244385531068875e-06
carbon_low,12.600000000000001,12.700000000000001,-6.736061430812068e-06,6.736061430812068e-06
carbon_low,12.700000000000001,12.8,-6.2631984258931794e-06,6.2631984258931794e-06
carbon_low,12.8,12.9,-5.823342730498782e-06,5.823342730554293e-06
carbon_low,12.9,13.0,-5.414208407827914e-06,5.414208407883425e-06
carbon_low,13.0,13.100000000000001,-5.03366607831901e-06,5.03366607831901e-06
carbon_low,13.100000000000001,13.200000000000001,-4.679732370088674e-06,4.679732370088674e-06
carbon_low,13.200000000000001,13.3,-4.350560061899822e-06,4.350560061899822e-06
carbon_low,13.3,13.4,-4.044428878108297e-06,4.044428878108297e-06
carbon_low,13.4,13.5,-3.759736889014098e-06,3.759736889014098e-06
carbon_low,13.5,13.600000000000001,-3.4949924843930003e-06,3.4949924843930003e-06
carbon_low,13.600000000000001,13.700000000000001,-3.2488068795466507e-06,3.2488068795466507e-06
carbon_low,13.700000000000001,13.8,-3.0198871179276665e-06,3.0198871179831777e-06
carbon_low,13.8,13.9,-2.807029544776851e-06,2.807029544776851e-06
carbon_low,13.9,14.0,-2.6091137128314568e-06,2.6091137128314568e-06
carbon_low,14.0,14.100000000000001,-2.4250967000927215e-06,2.4250967001482326e-06
carbon_low,14.100000000000001,14.200000000000001,-2.254007807206415e-06,2.254007807206415e-06
carbon_low,14.200000000000001,14.3,-2.0949436103090413e-06,2.0949436103090413e-06
carbon_low,14.3,14.4,-1.947063350993261e-06,1.947063350993261e-06
carbon_low,14.4,14.5,-1.8095846324450715e-06,1.8095846324450715e-06
carbon_low,14.5,14.600000000000001,-1.6817794111778639e-06,1.6817794111778639e-06
carbon_low,14.600000000000001,14.700000000000001,-1.5629702573016768e-06,1.5629702573016768e-06
carbon_low,14.700000000000001,14.8,-1.4525268689502546e-06,1.4525268689502546e-06
carbon_low,14.8,14.9,-1.349862824573389e-06,1.3498628246289002e-06
carbon_low,14.9,15.0,-1.2544325550534197e-06,1.2544325550534197e-06
carbon_low,15.0,15.100000000000001,-1.1657285219346392e-06,1.1657285219346392e-06
carbon_low,15.100000000000001,15.200000000000001,-1.0832785892755936e-06,1.0832785892755936e-06
carbon_low,15.200000000000001,15.3,-1.0066435738864676e-06,1.0066435738864676e-06
carbon_low,15.3,15.4,-9.354149643758802e-07,9.354149643758802e-07
carbon_low,15.4,15.5,-8.692127934639693e-07,8.692127934639693e-07
carbon_low,15.5,15.600000000000001,-8.076836612858074e-07,8.076836612858074e-07
carbon_low,15.600000000000001,15.700000000000001,-7.504988878137553e-07,7.504988878137553e-07
carbon_low,15.700000000000001,15.8,-6.973527990339345e-07,6.973527990339345e-07
carbon_low,15.8,15.9,-6.479611253940032e-07,6.479611253940032e-07
carbon_low,15.9,16.0,-6.020595137989915e-07,6.020595137989915e-07
carbon_low,16.0,16.1,-5.594021406651883e-07,5.594021407206995e-07
carbon_low,16.1,16.2,-5.197604218132312e-07,5.197604218132312e-07
carbon_low,16.2,16.3,-4.829218098467702e-07,4.829218098467702e-07
carbon_low,16.3,16.400000000000002,-4.486886767407494e-07,4.486886767407494e-07
carbon_low,16.400000000000002,16.5,-4.1687727198036484e-07,4.1687727198036484e-07
carbon_low,16.5,16.6,-3.8731675278125266e-07,3.8731675278125266e-07
carbon_low,16.6,16.7,-3.598482835598382e-07,3.598482835598382e-07
carbon_low,16.7,16.8,-3.343241957720622e-07,3.343241957720622e-07
carbon_low,16.8,16.900000000000002,-3.1060720645514905e-07,3.1060720645514905e-07
carbon_low,16.900000000000002,17.0,-2.885696921695047e-07,2.885696921695047e-07
carbon_low,17.0,17.1,-2.680930118736935e-07,2.680930118736935e-07
carbon_low,17.1,17.2,-2.490668782328953e-07,2.490668782328953e-07
carbon_low,17.2,17.3,-2.31388770977059e-07,2.31388770977059e-07
carbon_low,17.3,17.400000000000002,-2.149633941406215e-07,2.149633941406215e-07
carbon_low,17.400000000000002,17.5,-1.9970216783016248e-07,1.9970216783016248e-07
carbon_low,17.5,17.6,-1.8552275649064143e-07,1.8552275649064143e-07
carbon_low,17.6,17.7,-1.7234863192161498e-07,1.7234863192161498e-07
carbon_low,17.7,17.8,-1.601086640767857e-07,1.601086640767857e-07
carbon_low,17.8,17.900000000000002,-1.487367420893726e-07,1.4873674214488375e-07
carbon_low,17.900000000000002,18.0,-1.38171422026101e-07,1.38171422026101e-07
carbon_low,18.0,18.1,-1.2835559726198653e-07,1.2835559731749768e-07
carbon_low,18.1,18.2,-1.1923619469556002e-07,1.1923619469556002e-07
carbon_low,18.2,18.3,-1.1076389033748413e-07,1.1076389039299528e-07
carbon_low,18.3,18.400000000000002,-1.0289284499420681e-07,1.0289284499420681e-07
carbon_low,18.400000000000002,18.5,-9.55804592972509e-08,9.55804592972509e-08
carbon_low,18.5,18.6,-8.878714558013812e-08,8.878714558013812e-08
carbon_low,18.6,18.7,-8.247611477107952e-08,8.247611482659067e-08
carbon_low,18.7,18.8,-7.661318018881147e-08,7.661318018881147e-08
carbon_low,18.8,18.900000000000002,-7.116657330108467e-08,7.116657330108467e-08
carbon_low,18.900000000000002,19.0,-6.610677322216318e-08,6.610677322216318e-08
carbon_low,19.0,19.1,-6.140634845053228e-08,6.140634856155458e-08
carbon_low,19.1,19.200000000000003,-5.703980937576958e-08,5.703980937576958e-08
carbon_low,19.200000000000003,19.3,-5.2983470305578706e-08,5.2983470305578706e-08
carbon_low,19.3,19.400000000000002,-4.9215323399964817e-08,4.9215323399964817e-08
carbon_low,19.400000000000002,19.5,-4.571491896143698e-08,4.571491896143698e-08
carbon_low,19.5,19.6,-4.246325643886273e-08,4.246325643886273e-08
carbon_low,19.6,19.700000000000003,-3.9442681204482355e-08,3.9442681204482355e-08
carbon_low,19.700000000000003,19.8,-3.6636789435551265e-08,3.6636789491062416e-08
carbon_low,19.8,19.900000000000002,-3.4030340101409706e-08,3.4030340101409706e-08
carbon_low,19.900000000000002,20.0,-3.160917277922337e-08,3.160917277922337e-08
carbon_high,0.0,0.1,-0.025840882218259746,0.025840882218259746
carbon_high,0.1,0.2,-0.05299208308403663,0.0529920830840366
carbon_high,0.2,0.30000000000000004,-0.0637102999030721,0.06371029990307207
carbon_high,0.30000000000000004,0.4,-0.06825144345697587,0.06825144345697581
carbon_high,0.4,0.5,-0.07018809989812985,0.07018809989812985
carbon_high,0.5,0.6000000000000001,-0.07097164402707695,0.07097164402707695
carbon_high,0.6000000000000001,0.7000000000000001,-0.07123191751187402,0.07123191751187402
carbon_high,0.7000000000000001,0.8,-0.07125109167499877,0.07125109167499866
carbon_high,0.8,0.9,-0.07115775174517847,0.07115775174517847
carbon_high,0.9,1.0,-0.07101112296213408,0.07101112296213408
carbon_high,1.0,1.1,-0.07083870148589533,0.07083870148589533
carbon_high,1.1,1.2000000000000002,-0.07065333922738493,0.0706533392273847
carbon_high,1.2000000000000002,1.3,-0.0704610806757966,0.0704610806757966
carbon_high,1.3,1.4000000000000001,-0.07026478559432392,0.07026478559432392
carbon_high,1.4000000000000001,1.5,-0.07006581478751117,0.07006581478751117
carbon_high,1.5,1.6,-0.06986481936013667,0.06986481936013667
carbon_high,1.6,1.7000000000000002,-0.06966211242148868,0.06966211242148868
carbon_high,1.7000000000000002,1.8,-0.0694578451539547,0.0694578451539547
carbon_high,1.8,1.9000000000000001,-0.06925209068884075,0.06925209068884075
carbon_high,1.9000000000000001,2.0,-0.06904488428699351,0.06904488428699351
carbon_high,2.0,2.1,-0.06883624269119082,0.06883624269119082
carbon_high,2.1,2.2,-0.06862617349321143,0.06862617349321143
carbon_high,2.2,2.3000000000000003,-0.06841467968628656,0.06841467968628656
carbon_high,2.3000000000000003,2.4000000000000004,-0.06820176188220506,0.06820176188220506
carbon_high,2.4000000000000004,2.5,-0.06798741938895025,0.06798741938895025
carbon_high,2.5,2.6,-0.06777165072870184,0.06777165072870184
carbon_high,2.6,2.7,-0.0675544538789985,0.0675544538789985
carbon_high,2.7,2.8000000000000003,-0.06733582637575553,0.06733582637575553
carbon_high,2.8000000000000003,2.9000000000000004,-0.0671157653465646,0.0671157653465646
carbon_high,2.9000000000000004,3.0,-0.06689426750812522,0.06689426750812566
carbon_high,3.0,3.1,-0.06667132914478868,0.06667132914478868
carbon_high,3.1,3.2,-0.06644694607662238,0.06644694607662238
carbon_high,3.2,3.3000000000000003,-0.06622111362129868,0.06622111362129868
carbon_high,3.3000000000000003,3.4000000000000004,-0.06599382655193242,0.06599382655193242
carbon_high,3.4000000000000004,3.5,-0.06576507905196038,0.06576507905196038
carbon_high,3.5,3.6,-0.06553486466766367,0.06553486466766367
carbon_high,3.6,3.7,-0.06530317625851234,0.06530317625851234
carbon_high,3.7,3.8000000000000003,-0.06507000594557155,0.06507000594557155
carbon_high,3.8000000000000003,3.9000000000000004,-0.06483534505798616,0.06483534505798616
carbon_high,3.9000000000000004,4.0,-0.0645991840775677,0.0645991840775677
carbon_high,4.0,4.1000000000000005,-0.06436151258152689,0.06436151258152689
carbon_high,4.1000000000000005,4.2,-0.06412231918335687,0.06412231918335687
carbon_high,4.2,4.3,-0.06388159147184425,0.06388159147184425
carbon_high,4.3,4.4,-0.06363931594824734,0.06363931594824734
carbon_high,4.4,4.5,-0.06339547796160971,0.06339547796160971
carbon_high,4.5,4.6000000000000005,-0.06315006164226045,0.06315006164226045
carbon_high,4.6000000000000005,4.7,-0.06290304983347639,0.06290304983347639
carbon_high,4.7,4.800000000000001,-0.06265442402133381,0.06265442402133381
carbon_high,4.800000000000001,4.9,-0.0624041642628006,0.0624041642628006
carbon_high,4.9,5.0,-0.062152249112001456,0.062152249112001456
carbon_high,5.0,5.1000000000000005,-0.06189865554482887,0.06189865554482887
carbon_high,5.1000000000000005,5.2,-0.0616433588817733,0.0616433588817733
carbon_high,5.2,5.300000000000001,-0.061386332709155056,0.061386332709155056
carbon_high,5.300000000000001,5.4,-0.06112754879871174,0.06112754879871174
carbon_high,5.4,5.5,-0.06086697702565047,0.06086697702565047
carbon_high,5.5,5.6000000000000005,-0.0606045852851862,0.0606045852851862
carbon_high,5.6000000000000005,5.7,-0.060340339407691346,0.060340339407691346
carbon_high,5.7,5.800000000000001,-0.060074203072512766,0.060074203072512766
carbon_high,5.800000000000001,5.9,-0.05980613772052301,0.0598061377205239
carbon_high,5.9,6.0,-0.05953610246561425,0.05953610246561425
carbon_high,6.0,6.1000000000000005,-0.05926405400513435,0.05926405400513435
carbon_high,6.1000000000000005,6.2,-0.05898994652951206,0.05898994652951117
carbon_high,6.2,6.300000000000001,-0.058713731631194754,0.058713731631194754
carbon_high,6.300000000000001,6.4,-0.058435358213053235,0.058435358213053235
carbon_high,6.4,6.5,-0.05815477239649969,0.05815477239649969
carbon_high,6.5,6.6000000000000005,-0.05787191742956832,0.05787191742956832
carbon_high,6.6000000000000005,6.7,-0.05758673359516209,0.05758673359516209
carbon_high,6.7,6.800000000000001,-0.057299158119779925,0.057299158119779925
carbon_high,6.800000000000001,6.9,-0.057009125083096635,0.057009125083096635
carbon_high,6.9,7.0,-0.05671656532868674,0.05671656532868674
carbon_high,7.0,7.1000000000000005,-0.05642140637642257,0.05642140637642257
carbon_high,7.1000000000000005,7.2,-0.05612357233679788,0.05612357233679788
carbon_high,7.2,7.300000000000001,-0.0558229838279658,0.0558229838279658
carbon_high,7.300000000000001,7.4,-0.055519557895840066,0.055519557895840066
carbon_high,7.4,7.5,-0.055213207937939934,0.055213207937939934
carbon_high,7.5,7.6000000000000005,-0.054903843631808336,0.054903843631808336
carbon_high,7.6000000000000005,7.7,-0.05459137086858057,0.05459137086858057
carbon_high,7.7,7.800000000000001,-0.054275691692701855,0.054275691692701855
carbon_high,7.800000000000001,7.9,-0.05395670424876098,0.05395670424876098
carbon_high,7.9,8.0,-0.05363430273630687,0.05363430273630687
carbon_high,8.0,8.1,-0.0533083773740044,0.0533083773740044
carbon_high,8.1,8.200000000000001,-0.052978814374358585,0.052978814374358585
carbon_high,8.200000000000001,8.3,-0.05264549593011303,0.05264549593011303
carbon_high,8.3,8.4,-0.05230830021424815,0.05230830021424815
carbon_high,8.4,8.5,-0.051967101394939874,0.051967101394939874
carbon_high,8.5,8.6,-0.051621769667339557,0.051621769667339557
carbon_high,8.6,8.700000000000001,-0.051272171304028724,0.051272171304028724
carbon_high,8.700000000000001,8.8,-0.05091816872644017,0.05091816872644017
carbon_high,8.8,8.9,-0.050559620599227806,0.050559620599227806
carbon_high,8.9,9.0,-0.0501963819502107,0.0501963819502107
carbon_high,9.0,9.1,-0.04982830431835161,0.04982830431835161
carbon_high,9.1,9.200000000000001,-0.049455235932571284,0.049455235932571284
carbon_high,9.200000000000001,9.3,-0.049077021924346376,0.049077021924346376
carbon_high,9.3,9.4,-0.048693504577092206,0.048693504577092206
carbon_high,9.4,9.5,-0.0483045236156503,0.0483045236156503
carbon_high,9.5,9.600000000000001,-0.047909916539289554,0.047909916539289554
carbon_high,9.600000000000001,9.700000000000001,-0.04750951900163791,0.04750951900163791
carbon_high,9.700000000000001,9.8,-0.04710316524129077,0.04710316524129077
carbon_high,9.8,9.9,-0.04669068856677239,0.04669068856677239
carbon_high,9.9,10.0,-0.04627192189956908,0.04627192189956908
carbon_high,10.0,10.100000000000001,-0.045846698379084394,0.045846698379084394
carbon_high,10.100000000000001,10.200000000000001,-0.045414852033160535,0.045414852033160535
carbon_high,10.200000000000001,10.3,-0.04497621851791056,0.04497621851791056
carbon_high,10.3,10.4,-0.0445306359301334,0.0445306359301334
carbon_high,10.4,10.5,-0.044077945695661924,0.044077945695661924
carbon_high,10.5,10.600000000000001,-0.04361799353642404,0.04361799353642404
carbon_high,10.600000000000001,10.700000000000001,-0.04315063051856605,0.04315063051856605
carbon_high,10.700000000000001,10.8,-0.04267571418366867,0.04267571418366867
carbon_high,10.8,10.9,-0.04219310976378221,0.04219310976378221
carbon_high,10.9,11.0,-0.04170269148105099,0.04170269148105099
carbon_high,11.0,11.100000000000001,-0.04120434393085759,0.04120434393085759
carbon_high,11.100000000000001,11.200000000000001,-0.040697963546866944,0.040697963546866944
carbon_high,11.200000000000001,11.3,-0.040183460144696426,0.040183460144696426
carbon_high,11.3,11.4,-0.03966075853965023,0.03966075853965023
carbon_high,11.4,11.5,-0.03912980023220758,0.03912980023220758
carbon_high,11.5,11.600000000000001,-0.0385905451532258,0.0385905451532258
carbon_high,11.600000000000001,11.700000000000001,-0.038042973458743745,0.038042973458743745
carbon_high,11.700000000000001,11.8,-0.03748708736230455,0.03748708736230455
carbon_high,11.8,11.9,-0.03692291299034611,0.03692291299034611
carbon_high,11.9,12.0,-0.03635050224408065,0.03635050224408065
carbon_high,12.0,12.100000000000001,-0.03576993464885003,0.03576993464885003
carbon_high,12.100000000000001,12.200000000000001,-0.0351813191695749,0.0351813191695749
carbon_high,12.200000000000001,12.3,-0.03458479596873332,0.03458479596873332
carbon_high,12.3,12.4,-0.03398053808118995,0.03398053808118995
carbon_high,12.4,12.5,-0.03336875297801889,0.03336875297801889
carbon_high,12.5,12.600000000000001,-0.032749683990269673,0.032749683990269673
carbon_high,12.600000000000001,12.700000000000001,-0.03212361156179888,0.03212361156179888
carbon_high,12.700000000000001,12.8,-0.03149085429998877,0.03149085429998877
carbon_high,12.8,12.9,-0.030851769792400674,0.030851769792400674
carbon_high,12.9,13.0,-0.030206755158205922,0.030206755158205922
carbon_high,13.0,13.100000000000001,-0.02955624730401496,0.02955624730401496
carbon_high,13.100000000000001,13.200000000000001,-0.0289007228555338,0.0289007228555338
carbon_high,13.200000000000001,13.3,-0.028240697739259524,0.028240697739259524
carbon_high,13.3,13.4,-0.02757672639181674,0.02757672639181674
carbon_high,13.4,13.5,-0.026909400578748688,0.026909400578748688
carbon_high,13.5,13.600000000000001,-0.02623934780985504,0.02623934780985504
carbon_high,13.600000000000001,13.700000000000001,-0.025567229343876008,0.025567229343876008
carbon_high,13.700000000000001,13.8,-0.02489373778195958,0.02489373778195958
carbon_high,13.8,13.9,-0.0242195942564285,0.0242195942564285
carbon_high,13.9,14.0,-0.02354554522863861,0.02354554522863861
carbon_high,14.0,14.100000000000001,-0.022872358917622293,0.022872358917622293
carbon_high,14.100000000000001,14.200000000000001,-0.02220082138878432,0.02220082138878432
carbon_high,14.200000000000001,14.3,-0.021531732339145293,0.021531732339145293
carbon_high,14.3,14.4,-0.02086590062309135,0.02086590062309135
carbon_high,14.4,14.5,-0.020204139568447133,0.020204139568447133
carbon_high,14.5,14.600000000000001,-0.01954726213850755,0.01954726213850755
carbon_high,14.600000000000001,14.700000000000001,-0.018896075999809803,0.018896075999809803
carbon_high,14.700000000000001,14.8,-0.018251378558685083,0.018251378558685083
carbon_high,14.8,14.9,-0.017613952031505065,0.017613952031505065
carbon_high,14.9,15.0,-0.01698455861355974,0.01698455861355974
carbon_high,15.0,15.100000000000001,-0.01636393581083162,0.01636393581083162
carbon_high,15.100000000000001,15.200000000000001,-0.015752791995858217,0.015752791995858217
carbon_high,15.200000000000001,15.3,-0.01515180224533541,0.01515180224533541
carbon_high,15.3,15.4,-0.014561604511430737,0.014561604511430737
carbon_high,15.4,15.5,-0.013982796172836487,0.013982796172836487
carbon_high,15.5,15.600000000000001,-0.013415931003998516,0.013415931003998516
carbon_high,15.600000000000001,15.700000000000001,-0.012861516593070554,0.012861516593070554
carbon_high,15.700000000000001,15.8,-0.012320012230798483,0.012320012230798483
carbon_high,15.8,15.9,-0.011791827283815337,0.011791827283815337
carbon_high,15.9,16.0,-0.011277320057260454,0.011277320057260454
carbon_high,16.0,16.1,-0.010776797143224215,0.010776797143224215
carbon_high,16.1,16.2,-0.010290513243842447,0.010290513243842447
carbon_high,16.2,16.3,-0.009818671450386951,0.009818671450386951
carbon_high,16.3,16.400000000000002,-0.009361423953484937,0.009361423953484937
carbon_high,16.400000000000002,16.5,-0.008918873154091678,0.008918873154091678
carbon_high,16.5,16.6,-0.008491073140184824,0.008491073140184824
carbon_high,16.6,16.7,-0.008078031490905246,0.008078031490905246
carbon_high,16.7,16.8,-0.007679711367085673,0.007679711367085673
carbon_high,16.8,16.900000000000002,-0.00729603384604971,0.00729603384604971
carbon_high,16.900000000000002,17.0,-0.006926880457720941,0.006926880457720941
carbon_high,17.0,17.1,-0.006572095879626261,0.006572095879626261
carbon_high,17.1,17.2,-0.006231490749441626,0.006231490749441626
carbon_high,17.2,17.3,-0.005904844555596256,0.005904844555596256
carbon_high,17.3,17.400000000000002,-0.005591908568685078,0.005591908568685078
carbon_high,17.400000000000002,17.5,-0.005292408779376423,0.005292408779376423
carbon_high,17.5,17.6,-0.0050060488115475366,0.0050060488115475366
carbon_high,17.6,17.7,-0.004732512782620546,0.004732512782620546
carbon_high,17.7,17.8,-0.004471468086855168,0.004471468086855168
carbon_high,17.8,17.900000000000002,-0.0042225680804168775,0.0042225680804168775
carbon_high,17.900000000000002,18.0,-0.003985454650807796,0.003985454650807796
carbon_high,18.0,18.1,-0.003759760656567579,0.003759760656567579
carbon_high,18.1,18.2,-0.003545112225955549,0.003545112225955549
carbon_high,18.2,18.3,-0.0033411309068878126,0.0033411309068878126
carbon_high,18.3,18.400000000000002,-0.0031474356626102207,0.0031474356626102207
carbon_high,18.400000000000002,18.5,-0.00296364471030941,0.00296364471030941
carbon_high,18.5,18.6,-0.0027893772019389473,0.0027893772019389473
carbon_high,18.6,18.7,-0.0026242547487065337,0.0026242547487065337
carbon_high,18.7,18.8,-0.002467902791934762,0.002467902791934762
carbon_high,18.8,18.900000000000002,-0.0023199518247354334,0.0023199518247354334
carbon_high,18.900000000000002,19.0,-0.0021800384700112474,0.0021800384700112474
carbon_high,19.0,19.1,-0.0020478064210411873,0.0020478064210411873
carbon_high,19.1,19.200000000000003,-0.0019229072519175716,0.0019229072519175716
carbon_high,19.200000000000003,19.3,-0.0018050011053256654,0.0018050011053256654
carbon_high,19.3,19.400000000000002,-0.0016937572656470223,0.0016937572656470223
carbon_high,19.400000000000002,19.5,-0.0015888546256803693,0.0015888546256803693
carbon_high,19.5,19.6,-0.001489982054921235,0.001489982054921235
carbon_high,19.6,19.700000000000003,-0.001396838677821144,0.001396838677821144
carbon_high,19.700000000000003,19.8,-0.0013091340699027398,0.0013091340699027398
carbon_high,19.8,19.900000000000002,-0.001226588379515725,0.001226588379515725
carbon_high,19.900000000000002,20.0,-0.0011489323828666187,0.0011489323828666187
film_weak,0.0,0.1,-0.0008927142574516934,0.0008927142574516936
film_weak,0.1,0.2,-0.0023621516919285364,0.002362151691928536
film_weak,0.2,0.30000000000000004,-0.003483026789644899,0.0034830267896448974
film_weak,0.30000000000000004,0.4,-0.0043614619977011574,0.004361461997701156
film_weak,0.4,0.5,-0.005063496646797911,0.0050634966467979145
film_weak,0.5,0.6000000000000001,-0.005633079029987519,0.005633079029987512
film_weak,0.6000000000000001,0.7000000000000001,-0.00610078431113489,0.006100784311134887
film_weak,0.7000000000000001,0.8,-0.006488608378718386,0.006488608378718383
film_weak,0.8,0.9,-0.006812800513838105,0.006812800513838105
film_weak,0.9,1.0,-0.007085628942976041,0.007085628942976041
film_weak,1.0,1.1,-0.007316527443893307,0.007316527443893307
film_weak,1.1,1.2000000000000002,-0.007512864841453658,0.007512864841453672
film_weak,1.2000000000000002,1.3,-0.007680475648896956,0.007680475648896956
film_weak,1.3,1.4000000000000001,-0.007824034570347235,0.007824034570347235
film_weak,1.4000000000000001,1.5,-0.00794732619364856,0.00794732619364856
film_weak,1.5,1.6,-0.008053442702391,0.008053442702390973
film_weak,1.6,1.7000000000000002,-0.008144931149583326,0.008144931149583326
film_weak,1.7000000000000002,1.8,-0.008223904748487124,0.008223904748487124
film_weak,1.8,1.9000000000000001,-0.008292128074452301,0.008292128074452301
film_weak,1.9000000000000001,2.0,-0.008351083070846463,0.008351083070846435
film_weak,2.0,2.1,-0.008402020739583738,0.008402020739583738
film_weak,2.1,2.2,-0.008446002023082377,0.008446002023082377
film_weak,2.2,2.3000000000000003,-0.00848393043185372,0.00848393043185372
film_weak,2.3000000000000003,2.4000000000000004,-0.00851657830147945,0.00851657830147945
film_weak,2.4000000000000004,2.5,-0.008544608084578437,0.008544608084578437
film_weak,2.5,2.6,-0.008568589737940752,0.008568589737940752
film_weak,2.6,2.7,-0.00858901501262907,0.00858901501262907
film_weak,2.7,2.8000000000000003,-0.008606309268384349,0.008606309268384349
film_weak,2.8000000000000003,2.9000000000000004,-0.008620841294527837,0.008620841294527837
film_weak,2.9000000000000004,3.0,-0.008632931514677838,0.008632931514677838
film_weak,3.0,3.1,-0.00864285887289229,0.00864285887289229
film_weak,3.1,3.2,-0.008650866637683163,0.008650866637683163
film_weak,3.2,3.3000000000000003,-0.008657167313084468,0.008657167313084468
film_weak,3.3000000000000003,3.4000000000000004,-0.008661946809129878,0.008661946809129878
film_weak,3.4000000000000004,3.5,-0.008665367995186246,0.00866536799518619
film_weak,3.5,3.6,-0.008667573736748257,0.008667573736748257
film_weak,3.6,3.7,-0.008668689498144588,0.008668689498144588
film_weak,3.7,3.8000000000000003,-0.008668825579040307,0.008668825579040307
film_weak,3.8000000000000003,3.9000000000000004,-0.008668079040945076,0.008668079040945076
film_weak,3.9000000000000004,4.0,-0.008666535370418393,0.008666535370418393
film_weak,4.0,4.1000000000000005,-0.00866426991797914,0.00866426991797914
film_weak,4.1000000000000005,4.2,-0.00866134914539296,0.00866134914539296
film_weak,4.2,4.3,-0.008657831708825225,0.008657831708825225
film_weak,4.3,4.4,-0.008653769401058387,0.008653769401058387
film_weak,4.4,4.5,-0.008649207972424466,0.008649207972424466
film_weak,4.5,4.6000000000000005,-0.008644187847139162,0.008644187847139162
film_weak,4.6000000000000005,4.7,-0.008638744749240312,0.008638744749240312
film_weak,4.7,4.800000000000001,-0.00863291025027646,0.00863291025027646
film_weak,4.800000000000001,4.9,-0.008626712249125923,0.008626712249125812
film_weak,4.9,5.0,-0.008620175392864582,0.008620175392864582
film_weak,5.0,5.1000000000000005,-0.008613321446347133,0.008613321446347133
film_weak,5.1000000000000005,5.2,-0.00860616961709637,0.00860616961709637
film_weak,5.2,5.300000000000001,-0.00859873684121426,0.00859873684121426
film_weak,5.300000000000001,5.4,-0.008591038035230647,0.008591038035230647
film_weak,5.4,5.5,-0.00858308631816862,0.00858308631816862
film_weak,5.5,5.6000000000000005,-0.008574893207526468,0.008574893207526468
film_weak,5.6000000000000005,5.7,-0.008566468792393811,0.008566468792393811
film_weak,5.7,5.800000000000001,-0.008557821886504224,0.008557821886504224
film_weak,5.800000000000001,5.9,-0.008548960163665964,0.008548960163665964
film_weak,5.9,6.0,-0.008539890277692752,0.008539890277692752
film_weak,6.0,6.1000000000000005,-0.00853061796870136,0.00853061796870136
film_weak,6.1000000000000005,6.2,-0.008521148157396963,0.008521148157396963
film_weak,6.2,6.300000000000001,-0.00851148502876986,0.00851148502876986
film_weak,6.300000000000001,6.4,-0.008501632106449442,0.008501632106449442
film_weak,6.4,6.5,-0.00849159231881802,0.00849159231881802
film_weak,6.5,6.6000000000000005,-0.008481368057829286,0.008481368057829286
film_weak,6.6000000000000005,6.7,-0.008470961231393459,0.008470961231393459
film_weak,6.7,6.800000000000001,-0.008460373310060887,0.008460373310060887
film_weak,6.800000000000001,6.9,-0.008449605368658242,0.008449605368658242
film_weak,6.9,7.0,-0.008438658123464782,0.00843865812346456
film_weak,7.0,7.1000000000000005,-0.008427531965422008,0.008427531965422008
film_weak,7.1000000000000005,7.2,-0.008416226989839903,0.008416226989839903
film_weak,7.2,7.300000000000001,-0.0084047430229921,0.0084047430229921
film_weak,7.300000000000001,7.4,-0.008393079645942603,0.008393079645942603
film_weak,7.4,7.5,-0.008381236215929455,0.008381236215929455
film_weak,7.5,7.6000000000000005,-0.008369211885575156,0.008369211885575156
film_weak,7.6000000000000005,7.7,-0.008357005620160507,0.008357005620160507
film_weak,7.7,7.800000000000001,-0.008344616213193712,0.008344616213193712
film_weak,7.800000000000001,7.9,-0.008332042300450815,0.008332042300450815
film_weak,7.9,8.0,-0.008319282372674541,0.008319282372674541
film_weak,8.0,8.1,-0.008306334787075653,0.008306334787075653
film_weak,8.1,8.200000000000001,-0.008293197777769712,0.008293197777769601
film_weak,8.200000000000001,8.3,-0.008279869465277812,0.008279869465277923
film_weak,8.3,8.4,-0.008266347865202528,0.008266347865202528
film_weak,8.4,8.5,-0.008252630896157354,0.008252630896157354
film_weak,8.5,8.6,-0.008238716387064193,0.008238716387064193
film_weak,8.6,8.700000000000001,-0.008224602083861332,0.008224602083861332
film_weak,8.700000000000001,8.8,-0.00821028565573867,0.00821028565573867
film_weak,8.8,8.9,-0.008195764700907215,0.008195764700906993
film_weak,8.9,9.0,-0.008181036752008874,0.008181036752008874
film_weak,9.0,9.1,-0.008166099281180061,0.008166099281180061
film_weak,9.1,9.200000000000001,-0.00815094970484287,0.00815094970484287
film_weak,9.200000000000001,9.3,-0.008135585388243216,0.008135585388243216
film_weak,9.3,9.4,-0.008120003649788154,0.008120003649788154
film_weak,9.4,9.5,-0.0081042017652031,0.0081042017652031
film_weak,9.5,9.600000000000001,-0.008088176971558836,0.008088176971558836
film_weak,9.600000000000001,9.700000000000001,-0.008071926471168611,0.008071926471168611
film_weak,9.700000000000001,9.8,-0.008055447435409424,0.008055447435409424
film_weak,9.8,9.9,-0.008038737008467467,0.008038737008467467
film_weak,9.9,10.0,-0.00802179231104072,0.00802179231104072
film_weak,10.0,10.100000000000001,-0.008004610444018567,0.008004610444018567
film_weak,10.100000000000001,10.200000000000001,-0.007987188492141528,0.007987188492141528
film_weak,10.200000000000001,10.3,-0.007969523527684874,0.007969523527684874
film_weak,10.3,10.4,-0.007951612614140569,0.007951612614140569
film_weak,10.4,10.5,-0.007933452809954389,0.007933452809954389
film_weak,10.5,10.600000000000001,-0.00791504117229369,0.00791504117229369
film_weak,10.600000000000001,10.700000000000001,-0.00789637476087468,0.00789637476087468
film_weak,10.700000000000001,10.8,-0.007877450641865291,0.007877450641865291
film_weak,10.8,10.9,-0.007858265891849792,0.007858265891849792
film_weak,10.9,11.0,-0.007838817601881765,0.007838817601881765
film_weak,11.0,11.100000000000001,-0.007819102881630235,0.007819102881630235
film_weak,11.100000000000001,11.200000000000001,-0.007799118863613175,0.007799118863613175
film_weak,11.200000000000001,11.3,-0.0077788627075418,0.0077788627075418
film_weak,11.3,11.4,-0.007758331604761248,0.007758331604761248
film_weak,11.4,11.5,-0.0077375227828039295,0.0077375227828039295
film_weak,11.5,11.600000000000001,-0.007716433510057574,0.007716433510057574
film_weak,11.600000000000001,11.700000000000001,-0.007695061100540301,0.007695061100540301
film_weak,11.700000000000001,11.8,-0.007673402918795813,0.007673402918795813
film_weak,11.8,11.9,-0.007651456384903943,0.007651456384903943
film_weak,11.9,12.0,-0.007629218979602559,0.007629218979602559
film_weak,12.0,12.100000000000001,-0.007606688249524041,0.007606688249524041
film_weak,12.100000000000001,12.200000000000001,-0.007583861812548109,0.007583861812548109
film_weak,12.200000000000001,12.3,-0.007560737363260461,0.007560737363260461
film_weak,12.3,12.4,-0.007537312678511543,0.007537312678511543
film_weak,12.4,12.5,-0.007513585623086683,0.007513585623086683
film_weak,12.5,12.600000000000001,-0.007489554155458711,0.007489554155458489
film_weak,12.600000000000001,12.700000000000001,-0.007465216333637503,0.007465216333637503
film_weak,12.700000000000001,12.8,-0.007440570321109563,0.007440570321109563
film_weak,12.8,12.9,-0.007415614392820125,0.007415614392820125
film_weak,12.9,13.0,-0.007390346941257064,0.007390346941257064
film_weak,13.0,13.100000000000001,-0.007364766482558238,0.007364766482558238
film_weak,13.100000000000001,13.200000000000001,-0.007338871662685875,0.007338871662685875
film_weak,13.200000000000001,13.3,-0.0073126612636058574,0.0073126612636058574
film_weak,13.3,13.4,-0.007286134209516959,0.007286134209516959
film_weak,13.4,13.5,-0.007259289573049887,0.007259289573049887
film_weak,13.5,13.600000000000001,-0.007232126581480092,0.007232126581480092
film_weak,13.600000000000001,13.700000000000001,-0.0072046446229065975,0.0072046446229065975
film_weak,13.700000000000001,13.8,-0.007176843252384657,0.007176843252384657
film_weak,13.8,13.9,-0.007148722198003332,0.007148722198003332
film_weak,13.9,14.0,-0.00712028136687648,0.00712028136687648
film_weak,14.0,14.100000000000001,-0.0070915208510520245,0.0070915208510520245
film_weak,14.100000000000001,14.200000000000001,-0.007062440933284231,0.007062440933284231
film_weak,14.200000000000001,14.3,-0.007033042092682296,0.007033042092682296
film_weak,14.3,14.4,-0.007003325010194628,0.007003325010194628
film_weak,14.4,14.5,-0.006973290573912605,0.006973290573912605
film_weak,14.5,14.600000000000001,-0.006942939884180266,0.006942939884180266
film_weak,14.600000000000001,14.700000000000001,-0.0069122742584637464,0.0069122742584637464
film_weak,14.700000000000001,14.8,-0.006881295235994234,0.006881295235994234
film_weak,14.8,14.9,-0.00685000458211471,0.00685000458211471
film_weak,14.9,15.0,-0.00681840429237468,0.00681840429237468
film_weak,15.0,15.100000000000001,-0.0067864965962520785,0.0067864965962520785
film_weak,15.100000000000001,15.200000000000001,-0.006754283960600738,0.006754283960600738
film_weak,15.200000000000001,15.3,-0.0067217690926852924,0.0067217690926852924
film_weak,15.3,15.4,-0.006688954942868364,0.006688954942868364
film_weak,15.4,15.5,-0.006655844706871861,0.006655844706871861
film_weak,15.5,15.600000000000001,-0.006622441827632164,0.006622441827632164
film_weak,15.600000000000001,15.700000000000001,-0.006588749996698784,0.006588749996698784
film_weak,15.700000000000001,15.8,-0.006554773155172944,0.006554773155172944
film_weak,15.8,15.9,-0.006520515494175871,0.006520515494175871
film_weak,15.9,16.0,-0.006485981454805945,0.006485981454805945
film_weak,16.0,16.1,-0.006451175727594682,0.006451175727594682
film_weak,16.1,16.2,-0.006416103251431382,0.006416103251431382
film_weak,16.2,16.3,-0.006380769211961068,0.006380769211961068
film_weak,16.3,16.400000000000002,-0.006345179039423998,0.006345179039423998
film_weak,16.400000000000002,16.5,-0.006309338405948051,0.006309338405948051
film_weak,16.5,16.6,-0.006273253222279784,0.006273253222279784
film_weak,16.6,16.7,-0.00623692963394884,0.00623692963394884
film_weak,16.7,16.8,-0.006200374016875898,0.006200374016875898
film_weak,16.8,16.900000000000002,-0.006163592972396881,0.006163592972396881
film_weak,16.900000000000002,17.0,-0.0061265933217526936,0.0061265933217526936
film_weak,17.0,17.1,-0.006089382099998097,0.006089382099998097
film_weak,17.1,17.2,-0.006051966549374788,0.006051966549374788
film_weak,17.2,17.3,-0.006014354112154452,0.006014354112154452
film_weak,17.3,17.400000000000002,-0.0059765524229369316,0.0059765524229369316
film_weak,17.400000000000002,17.5,-0.00593856930046055,0.00593856930046055
film_weak,17.5,17.6,-0.005900412738914618,0.005900412738914618
film_weak,17.6,17.7,-0.005862090898778982,0.005862090898778982
film_weak,17.7,17.8,-0.005823612097225261,0.005823612097225261
film_weak,17.8,17.900000000000002,-0.0057849847980873115,0.0057849847980873115
film_weak,17.900000000000002,18.0,-0.005746217601436676,0.005746217601436676
film_weak,18.0,18.1,-0.005707319232808761,0.005707319232808761
film_weak,18.1,18.2,-0.005668298532075289,0.005668298532075289
film_weak,18.2,18.3,-0.005629164442023216,0.005629164442023216
film_weak,18.3,18.400000000000002,-0.005589925996671186,0.005589925996671186
film_weak,18.400000000000002,18.5,-0.005550592309352842,0.005550592309352842
film_weak,18.5,18.6,-0.005511172560601851,0.005511172560601851
film_weak,18.6,18.7,-0.005471675985883495,0.005471675985883495
film_weak,18.7,18.8,-0.005432111863217681,0.005432111863217681
film_weak,18.8,18.900000000000002,-0.0053924895007111395,0.0053924895007111395
film_weak,18.900000000000002,19.0,-0.005352818224059863,0.005352818224059863
film_weak,19.0,19.1,-0.005313107364057323,0.005313107364057323
film_weak,19.1,19.200000000000003,-0.005273366244138433,0.005273366244138433
film_weak,19.200000000000003,19.3,-0.005233604168005446,0.005233604168005446
film_weak,19.3,19.400000000000002,-0.005193830407376865,0.005193830407376865
film_weak,19.400000000000002,19.5,-0.00515405418990067,0.00515405418990067
film_weak,19.5,19.6,-0.005114284687247839,0.005114284687247839
film_weak,19.6,19.700000000000003,-0.005074531003461891,0.005074531003461891
film_weak,19.700000000000003,19.8,-0.005034802163549568,0.005034802163549568
film_weak,19.8,19.900000000000002,-0.004995107102384599,0.004995107102384599
film_weak,19.900000000000002,20.0,-0.004955454653953417,0.004955454653953417
film_strong,0.0,0.1,-0.0301831836819883,0.03018318368198828
film_strong,0.1,0.2,-0.057423223529017436,0.05742322352901746
film_strong,0.2,0.30000000000000004,-0.06997026053375352,0.06997026053375358
film_strong,0.30000000000000004,0.4,-0.07658805746841718,0.07658805746841724
film_strong,0.4,0.5,-0.07978582962722258,0.07978582962722269
film_strong,0.5,0.6000000000000001,-0.08082738817445823,0.08082738817445823
film_strong,0.6000000000000001,0.7000000000000001,-0.08047303644686454,0.08047303644686454
film_strong,0.7000000000000001,0.8,-0.07920746512841037,0.07920746512840993
film_strong,0.8,0.9,-0.07734723253713849,0.07734723253713849
film_strong,0.9,1.0,-0.07510218111824896,0.07510218111824896
film_strong,1.0,1.1,-0.07261306060835249,0.07261306060835249
film_strong,1.1,1.2000000000000002,-0.0699752848829358,0.0699752848829358
film_strong,1.2000000000000002,1.3,-0.06725420586302211,0.06725420586302255
film_strong,1.3,1.4000000000000001,-0.06449506349777123,0.06449506349777123
film_strong,1.4000000000000001,1.5,-0.06172953594773101,0.061729535947730785
film_strong,1.5,1.6,-0.05898008913772346,0.0589800891377239
film_strong,1.6,1.7000000000000002,-0.05626288574661764,0.05626288574661764
film_strong,1.7000000000000002,1.8,-0.05358974196387756,0.05358974196387756
film_strong,1.8,1.9000000000000001,-0.05096944938455383,0.05096944938455383
film_strong,1.9000000000000001,2.0,-0.04840867041290231,0.048408670412902755
film_strong,2.0,2.1,-0.045912545261269644,0.04591254526127009
film_strong,2.1,2.2,-0.04348510286697138,0.04348510286697138
film_strong,2.2,2.3000000000000003,-0.04112953798675956,0.04112953798675956
film_strong,2.3000000000000003,2.4000000000000004,-0.038848396814819,0.038848396814819
film_strong,2.4000000000000004,2.5,-0.036643700169783244,0.036643700169783244
film_strong,2.5,2.6,-0.03451702433698434,0.03451702433698434
film_strong,2.6,2.7,-0.032469553560491304,0.032469553560491304
film_strong,2.7,2.8000000000000003,-0.030502113994037128,0.030502113994037128
film_strong,2.8000000000000003,2.9000000000000004,-0.028615196009836197,0.028615196009836197
film_strong,2.9000000000000004,3.0,-0.02680896971369995,0.02680896971369995
film_strong,3.0,3.1,-0.02508329704854506,0.02508329704854506
film_strong,3.1,3.2,-0.02343774280445876,0.02343774280445876
film_strong,3.2,3.3000000000000003,-0.021871586070450144,0.0218715860704497
film_strong,3.3000000000000003,3.4000000000000004,-0.020383833080857006,0.020383833080857006
film_strong,3.4000000000000004,3.5,-0.018973231973858695,0.018973231973858695
film_strong,3.5,3.6,-0.017638289654526407,0.017638289654526407
film_strong,3.6,3.7,-0.016377290715466675,0.016377290715466675
film_strong,3.7,3.8000000000000003,-0.015188318196520445,0.015188318196520445
film_strong,3.8000000000000003,3.9000000000000004,-0.014069275848299645,0.014069275848299645
film_strong,3.9000000000000004,4.0,-0.013017911492416934,0.013017911492416934
film_strong,4.0,4.1000000000000005,-0.012031841035858415,0.012031841035858415
film_strong,4.1000000000000005,4.2,-0.011108572690662566,0.011108572690662566
film_strong,4.2,4.3,-0.01024553096702463,0.01024553096702463
film_strong,4.3,4.4,-0.009440080042142363,0.009440080042142363
film_strong,4.4,4.5,-0.008689546153599181,0.008689546153599181
film_strong,4.5,4.6000000000000005,-0.007991238720631344,0.007991238720631344
film_strong,4.6000000000000005,4.7,-0.007342469954906505,0.007342469954906505
film_strong,4.7,4.800000000000001,-0.006740572781822607,0.006740572781822607
film_strong,4.800000000000001,4.9,-0.006182916950706829,0.006182916950706829
film_strong,4.9,5.0,-0.005666923265933654,0.00566692326593321
film_strong,5.0,5.1000000000000005,-0.005190075919455639,0.005190075919455639
film_strong,5.1000000000000005,5.2,-0.004749932947378577,0.004749932947378577
film_strong,5.2,5.300000000000001,-0.004344134868894178,0.004344134868894178
film_strong,5.300000000000001,5.4,-0.003970411594688583,0.003970411594689027
film_strong,5.4,5.5,-0.003626587714177676,0.003626587714177676
film_strong,5.5,5.6000000000000005,-0.003310586287062156,0.003310586287062156
film_strong,5.6000000000000005,5.7,-0.0030204312751611617,0.0030204312751611617
film_strong,5.7,5.800000000000001,-0.00275424875608854,0.00275424875608854
film_strong,5.800000000000001,5.9,-0.002510267061604843,0.002510267061604843
film_strong,5.9,6.0,-0.0022868159814599665,0.0022868159814599665
film_strong,6.0,6.1000000000000005,-0.0020823251684363164,0.0020823251684363164
film_strong,6.1000000000000005,6.2,-0.0018953218733712696,0.0018953218733712696
film_strong,6.2,6.300000000000001,-0.001724428130133182,0.001724428130133182
film_strong,6.300000000000001,6.4,-0.0015683575009937112,0.0015683575009937112
film_strong,6.4,6.5,-0.001425911482406672,0.001425911482406672
film_strong,6.5,6.6000000000000005,-0.0012959756608323936,0.0012959756608328377
film_strong,6.6000000000000005,6.7,-0.0011775156977504864,0.0011775156977509305
film_strong,6.7,6.800000000000001,-0.0010695732128844782,0.0010695732128844782
film_strong,6.800000000000001,6.9,-0.0009712616251200679,0.0009712616251200679
film_strong,6.9,7.0,-0.0008817620015157956,0.0008817620015157956
film_strong,7.0,7.1000000000000005,-0.0008003189565355395,0.0008003189565355395
film_strong,7.1000000000000005,7.2,-0.0007262366360598627,0.0007262366360598627
film_strong,7.2,7.300000000000001,-0.0006588748139835232,0.0006588748139835232
film_strong,7.300000000000001,7.4,-0.0005976451230707003,0.0005976451230702562
film_strong,7.4,7.5,-0.0005420074365192207,0.0005420074365192207
film_strong,7.5,7.6000000000000005,-0.0004914664120336809,0.0004914664120336809
film_strong,7.6000000000000005,7.7,-0.00044556820619079396,0.00044556820619079396
film_strong,7.7,7.800000000000001,-0.0004038973636395493,0.0004038973636395493
film_strong,7.800000000000001,7.9,-0.00036607388267295704,0.00036607388267295704
film_strong,7.9,8.0,-0.0003317504565618634,0.0003317504565618634
film_strong,8.0,8.1,-0.0003006098879558827,0.0003006098879563268
film_strong,8.1,8.200000000000001,-0.0002723626723213357,0.0002723626723213357
film_strong,8.200000000000001,8.3,-0.0002467447450027471,0.0002467447450027471
film_strong,8.3,8.4,-0.0002235153857950145,0.0002235153857950145
film_strong,8.4,8.5,-0.00020245527411644204,0.00020245527411644204
film_strong,8.5,8.6,-0.00018336468748092472,0.00018336468748092472
film_strong,8.6,8.700000000000001,-0.00016606183576728384,0.00016606183576728384
film_strong,8.700000000000001,8.8,-0.0001503813235279594,0.0001503813235279594
film_strong,8.8,8.9,-0.00013617273268806684,0.00013617273268806684
film_strong,8.9,9.0,-0.00012329931807952832,0.00012329931807952832
film_strong,9.0,9.1,-0.00011163680831849376,0.00011163680831849376
film_strong,9.1,9.200000000000001,-0.00010107230489042607,0.00010107230489087016
film_strong,9.200000000000001,9.3,-9.150327249973778e-05,9.150327249973778e-05
film_strong,9.3,9.4,-8.283661406616183e-05,8.283661406571774e-05
film_strong,9.4,9.5,-7.498782405868099e-05,7.498782405868099e-05
film_strong,9.5,9.600000000000001,-6.788021425618851e-05,6.788021425618851e-05
film_strong,9.600000000000001,9.700000000000001,-6.144420623654945e-05,6.144420623654945e-05
film_strong,9.700000000000001,9.8,-5.561668542064524e-05,5.561668542020115e-05
film_strong,9.8,9.9,-5.0340411619886893e-05,5.0340411619886893e-05
film_strong,9.9,10.0,-4.556348158990531e-05,4.556348158990531e-05
film_strong,10.0,10.100000000000001,-4.1238839215251843e-05,4.1238839215251843e-05
film_strong,10.100000000000001,10.200000000000001,-3.732382939403145e-05,3.732382939403145e-05
film_strong,10.200000000000001,10.3,-3.377979190588576e-05,3.377979190588576e-05
film_strong,10.3,10.4,-3.057169187115072e-05,3.057169187115072e-05
film_strong,10.4,10.5,-2.766778363394451e-05,2.766778363350042e-05
film_strong,10.5,10.600000000000001,-2.503930517305797e-05,2.503930517305797e-05
film_strong,10.600000000000001,10.700000000000001,-2.2660200392543572e-05,2.2660200392543572e-05
film_strong,10.700000000000001,10.8,-2.0506866790004352e-05,2.0506866790004352e-05
film_strong,10.8,10.9,-1.855792631122455e-05,1.855792631122455e-05
film_strong,10.9,11.0,-1.679401727239238e-05,1.679401727239238e-05
film_strong,11.0,11.100000000000001,-1.5197605491401589e-05,1.5197605491401589e-05
film_strong,11.100000000000001,11.200000000000001,-1.3752812898726319e-05,1.3752812898726319e-05
film_strong,11.200000000000001,11.3,-1.244526202981433e-05,1.244526202981433e-05
film_strong,11.3,11.4,-1.1261934979245325e-05,1.1261934978801236e-05
film_strong,11.4,11.5,-1.0191045463736614e-05,1.0191045463736614e-05
film_strong,11.5,11.600000000000001,-9.221922844249164e-06,9.221922844693253e-06
film_strong,11.600000000000001,11.700000000000001,-8.34490695300616e-06,8.34490695300616e-06
film_strong,11.700000000000001,11.8,-7.551252793946972e-06,7.551252793946972e-06
film_strong,11.8,11.9,-6.833044129184174e-06,6.833044129184174e-06
film_strong,11.9,12.0,-6.183115209834611e-06,6.183115209834611e-06
film_strong,12.0,12.100000000000001,-5.594979831879954e-06,5.594979831879954e-06
film_strong,12.100000000000001,12.200000000000001,-5.062767075791896e-06,5.062767075791896e-06
film_strong,12.200000000000001,12.3,-4.58116308710288e-06,4.58116308710288e-06
film_strong,12.3,12.4,-4.145358335483351e-06,4.145358335483351e-06
film_strong,12.4,12.5,-3.7509998636053865e-06,3.7509998636053865e-06
film_strong,12.5,12.600000000000001,-3.394148025082089e-06,3.394148025082089e-06
film_strong,12.600000000000001,12.700000000000001,-3.0712373013663807e-06,3.0712373013663807e-06
film_strong,12.700000000000001,12.8,-2.7790408454464455e-06,2.7790408454464455e-06
film_strong,12.8,12.9,-2.514638359762955e-06,2.514638359762955e-06
film_strong,12.9,13.0,-2.2753870023706213e-06,2.2753870028147105e-06
film_strong,13.0,13.100000000000001,-2.05889507554069e-06,2.0588950750966006e-06
film_strong,13.100000000000001,13.200000000000001,-1.8629981737294798e-06,1.8629981737294798e-06
film_strong,13.200000000000001,13.3,-1.685737622159067e-06,1.685737622159067e-06
film_strong,13.3,13.4,-1.5253409226811954e-06,1.5253409226811954e-06
film_strong,13.4,13.5,-1.3802040845778407e-06,1.3802040841337515e-06
film_strong,13.5,13.600000000000001,-1.2488756198081319e-06,1.2488756198081319e-06
film_strong,13.600000000000001,13.700000000000001,-1.1300420441617831e-06,1.1300420446058723e-06
film_strong,13.700000000000001,13.8,-1.0225147795139833e-06,1.0225147795139833e-06
film_strong,13.8,13.9,-9.252182653352037e-07,9.252182653352037e-07
film_strong,13.9,14.0,-8.371792352690477e-07,8.371792352690477e-07
film_strong,14.0,14.100000000000001,-7.575169862494846e-07,7.575169862494846e-07
film_strong,14.100000000000001,14.200000000000001,-6.854345753204427e-07,6.854345753204427e-07
film_strong,14.200000000000001,14.3,-6.202108637776149e-07,6.202108637776149e-07
film_strong,14.3,14.4,-5.611933129312519e-07,5.611933129312519e-07
film_strong,14.4,14.5,-5.077914431161901e-07,5.077914431161901e-07
film_strong,14.5,14.600000000000001,-4.5947095816956107e-07,4.5947095816956107e-07
film_strong,14.600000000000001,14.700000000000001,-4.1574837927882413e-07,4.1574837927882413e-07
film_strong,14.700000000000001,14.8,-3.7618623016655306e-07,3.7618623016655306e-07
film_strong,14.8,14.9,-3.4038864793473067e-07,3.4038864749064146e-07
film_strong,14.9,15.0,-3.079974348896286e-07,3.079974348896286e-07
film_strong,15.0,15.100000000000001,-2.7868846985690254e-07,2.7868846985690254e-07
film_strong,15.100000000000001,15.200000000000001,-2.5216847054920777e-07,2.5216847054920777e-07
film_strong,15.200000000000001,15.3,-2.281720592467451e-07,2.281720592467451e-07
film_strong,15.3,15.4,-2.0645910425720615e-07,2.0645910425720615e-07
film_strong,15.4,15.5,-1.8681232472061993e-07,1.8681232472061993e-07
film_strong,15.5,15.600000000000001,-1.6903511479426925e-07,1.6903511479426925e-07
film_strong,15.600000000000001,15.700000000000001,-1.5294957034228673e-07,1.5294957034228673e-07
film_strong,15.700000000000001,15.8,-1.3839471924015356e-07,1.3839471924015356e-07
film_strong,15.8,15.9,-1.252249088867785e-07,1.252249088867785e-07
film_strong,15.9,16.0,-1.1330833826761477e-07,1.1330833782352556e-07
film_strong,16.0,16.1,-1.0252575255442764e-07,1.0252575255442764e-07
film_strong,16.1,16.2,-9.276924339829407e-08,9.276924339829407e-08
film_strong,16.2,16.3,-8.394116735033208e-08,8.394116690624287e-08
film_strong,16.3,16.400000000000002,-7.59531815219816e-08,7.59531815219816e-08
film_strong,16.400000000000002,16.5,-6.872534030755162e-08,6.872534030755162e-08
film_strong,16.5,16.6,-6.21853086801849e-08,6.21853086801849e-08
film_strong,16.6,16.7,-5.626763655008915e-08,5.626763610599994e-08
film_strong,16.7,16.8,-5.091309485116824e-08,5.091309485116824e-08
film_strong,16.8,16.900000000000002,-4.6068102665941524e-08,4.6068102665941524e-08
film_strong,16.900000000000002,17.0,-4.168416589678259e-08,4.168416589678259e-08
film_strong,17.0,17.1,-3.771741141633811e-08,3.771741141633811e-08
film_strong,17.1,17.2,-3.412814075787196e-08,3.412814075787196e-08
film_strong,17.2,17.3,-3.088043065702095e-08,3.088043065702095e-08
film_strong,17.3,17.400000000000002,-2.7941781777229835e-08,2.7941781777229835e-08
film_strong,17.400000000000002,17.5,-2.528277898150577e-08,2.528277898150577e-08
film_strong,17.5,17.6,-2.2876810223948496e-08,2.2876810223948496e-08
film_strong,17.6,17.7,-2.0699800540313618e-08,2.0699800540313618e-08
film_strong,17.7,17.8,-1.8729959583296818e-08,1.8729959583296818e-08
film_strong,17.8,17.900000000000002,-1.694757267856062e-08,1.694757267856062e-08
film_strong,17.900000000000002,18.0,-1.5334801650723762e-08,1.5334801650723762e-08
film_strong,18.0,18.1,-1.3875506077454247e-08,1.3875506077454247e-08
film_strong,18.1,18.2,-1.2555079864640106e-08,1.2555079864640106e-08
film_strong,18.2,18.3,-1.1360307583530016e-08,1.1360307583530016e-08
film_strong,18.3,18.400000000000002,-1.0279234352594813e-08,1.0279233908505603e-08
film_strong,18.400000000000002,18.5,-9.301037051656635e-09,9.301037051656635e-09
film_strong,18.5,18.6,-8.415927288396574e-09,8.415926844307364e-09
film_strong,18.6,18.7,-7.61504725943496e-09,7.61504725943496e-09
film_strong,18.7,18.8,-6.890380044310973e-09,6.890380044310973e-09
film_strong,18.8,18.900000000000002,-6.234672778049344e-09,6.234672778049344e-09
film_strong,18.900000000000002,19.0,-5.6413658189313765e-09,5.6413658189313765e-09
film_strong,19.0,19.1,-5.104520361953746e-09,5.104520361953746e-09
film_strong,19.1,19.200000000000003,-4.618762039498847e-09,4.618762039498847e-09
film_strong,19.200000000000003,19.3,-4.179228962897241e-09,4.179228962897241e-09
film_strong,19.3,19.400000000000002,-3.781521540346944e-09,3.781521540346944e-09
film_strong,19.400000000000002,19.5,-3.421661620706118e-09,3.421661620706118e-09
film_strong,19.5,19.6,-3.096049416839719e-09,3.096049416839719e-09
film_strong,19.6,19.700000000000003,-2.8014219832783738e-09,2.8014219832783738e-09
film_strong,19.700000000000003,19.8,-2.5348314558470975e-09,2.5348314558470975e-09
film_strong,19.8,19.900000000000002,-2.293608858394691e-09,2.293608858394691e-09
film_strong,19.900000000000002,20.0,-2.0753443408239036e-09,2.0753443408239036e-09
sealed,0.0,0.1,0.0,0.0
sealed,0.1,0.2,0.0,0.0
sealed,0.2,0.30000000000000004,0.0,0.0
sealed,0.30000000000000004,0.4,0.0,0.0
sealed,0.4,0.5,0.0,0.0
sealed,0.5,0.6000000000000001,0.0,0.0
sealed,0.6000000000000001,0.7000000000000001,0.0,0.0
sealed,0.7000000000000001,0.8,0.0,0.0
sealed,0.8,0.9,0.0,0.0
sealed,0.9,1.0,0.0,0.0
sealed,1.0,1.1,0.0,0.0
sealed,1.1,1.2000000000000002,0.0,0.0
sealed,1.2000000000000002,1.3,0.0,0.0
sealed,1.3,1.4000000000000001,0.0,0.0
sealed,1.4000000000000001,1.5,0.0,0.0
sealed,1.5,1.6,0.0,0.0
sealed,1.6,1.7000000000000002,0.0,0.0
sealed,1.7000000000000002,1.8,0.0,0.0
sealed,1.8,1.9000000000000001,0.0,0.0
sealed,1.9000000000000001,2.0,0.0,0.0
sealed,2.0,2.1,0.0,0.0
sealed,2.1,2.2,0.0,0.0
sealed,2.2,2.3000000000000003,0.0,0.0
sealed,2.3000000000000003,2.4000000000000004,0.0,0.0
sealed,2.4000000000000004,2.5,0.0,0.0
sealed,2.5,2.6,0.0,0.0
sealed,2.6,2.7,0.0,0.0
sealed,2.7,2.8000000000000003,0.0,0.0
sealed,2.8000000000000003,2.9000000000000004,0.0,0.0
sealed,2.9000000000000004,3.0,0.0,0.0
sealed,3.0,3.1,0.0,0.0
sealed,3.1,3.2,0.0,0.0
sealed,3.2,3.3000000000000003,0.0,0.0
sealed,3.3000000000000003,3.4000000000000004,0.0,0.0
sealed,3.4000000000000004,3.5,0.0,0.0
sealed,3.5,3.6,0.0,0.0
sealed,3.6,3.7,0.0,0.0
sealed,3.7,3.8000000000000003,0.0,0.0
sealed,3.8000000000000003,3.9000000000000004,0.0,0.0
sealed,3.9000000000000004,4.0,0.0,0.0
sealed,4.0,4.1000000000000005,0.0,0.0
sealed,4.1000000000000005,4.2,0.0,0.0
sealed,4.2,4.3,0.0,0.0
sealed,4.3,4.4,0.0,0.0
sealed,4.4,4.5,0.0,0.0
sealed,4.5,4.6000000000000005,0.0,0.0
sealed,4.6000000000000005,4.7,0.0,0.0
sealed,4.7,4.800000000000001,0.0,0.0
sealed,4.800000000000001,4.9,0.0,0.0
sealed,4.9,5.0,0.0,0.0
sealed,5.0,5.1000000000000005,0.0,0.0
sealed,5.1000000000000005,5.2,0.0,0.0
sealed,5.2,5.300000000000001,0.0,0.0
sealed,5.300000000000001,5.4,0.0,0.0
sealed,5.4,5.5,0.0,0.0
sealed,5.5,5.6000000000000005,0.0,0.0
sealed,5.6000000000000005,5.7,0.0,0.0
sealed,5.7,5.800000000000001,0.0,0.0
sealed,5.800000000000001,5.9,0.0,0.0
sealed,5.9,6.0,0.0,0.0
sealed,6.0,6.1000000000000005,0.0,0.0
sealed,6.1000000000000005,6.2,0.0,0.0
sealed,6.2,6.300000000000001,0.0,0.0
sealed,6.300000000000001,6.4,0.0,0.0
sealed,6.4,6.5,0.0,0.0
sealed,6.5,6.6000000000000005,0.0,0.0
sealed,6.6000000000000005,6.7,0.0,0.0
sealed,6.7,6.800000000000001,0.0,0.0
sealed,6.800000000000001,6.9,0.0,0.0
sealed,6.9,7.0,0.0,0.0
sealed,7.0,7.1000000000000005,0.0,0.0
sealed,7.1000000000000005,7.2,0.0,0.0
sealed,7.2,7.300000000000001,0.0,0.0
sealed,7.300000000000001,7.4,0.0,0.0
sealed,7.4,7.5,0.0,0.0
sealed,7.5,7.6000000000000005,0.0,0.0
sealed,7.6000000000000005,7.7,0.0,0.0
sealed,7.7,7.800000000000001,0.0,0.0
sealed,7.800000000000001,7.9,0.0,0.0
sealed,7.9,8.0,0.0,0.0
sealed,8.0,8.1,0.0,0.0
sealed,8.1,8.200000000000001,0.0,0.0
sealed,8.200000000000001,8.3,0.0,0.0
sealed,8.3,8.4,0.0,0.0
sealed,8.4,8.5,0.0,0.0
sealed,8.5,8.6,0.0,0.0
sealed,8.6,8.700000000000001,0.0,0.0
sealed,8.700000000000001,8.8,0.0,0.0
sealed,8.8,8.9,0.0,0.0
sealed,8.9,9.0,0.0,0.0
sealed,9.0,9.1,0.0,0.0
sealed,9.1,9.200000000000001,0.0,0.0
sealed,9.200000000000001,9.3,0.0,0.0
sealed,9.3,9.4,0.0,0.0
sealed,9.4,9.5,0.0,0.0
sealed,9.5,9.600000000000001,0.0,0.0
sealed,9.600000000000001,9.700000000000001,0.0,0.0
sealed,9.700000000000001,9.8,0.0,0.0
sealed,9.8,9.9,0.0,0.0
sealed,9.9,10.0,0.0,0.0
sealed,10.0,10.100000000000001,0.0,0.0
sealed,10.100000000000001,10.200000000000001,0.0,0.0
sealed,10.200000000000001,10.3,0.0,0.0
sealed,10.3,10.4,0.0,0.0
sealed,10.4,10.5,0.0,0.0
sealed,10.5,10.600000000000001,0.0,0.0
sealed,10.600000000000001,10.700000000000001,0.0,0.0
sealed,10.700000000000001,10.8,0.0,0.0
sealed,10.8,10.9,0.0,0.0
sealed,10.9,11.0,0.0,0.0
sealed,11.0,11.100000000000001,0.0,0.0
sealed,11.100000000000001,11.200000000000001,0.0,0.0
sealed,11.200000000000001,11.3,0.0,0.0
sealed,11.3,11.4,0.0,0.0
sealed,11.4,11.5,0.0,0.0
sealed,11.5,11.600000000000001,0.0,0.0
sealed,11.600000000000001,11.700000000000001,0.0,0.0
sealed,11.700000000000001,11.8,0.0,0.0
sealed,11.8,11.9,0.0,0.0
sealed,11.9,12.0,0.0,0.0
sealed,12.0,12.100000000000001,0.0,0.0
sealed,12.100000000000001,12.200000000000001,0.0,0.0
sealed,12.200000000000001,12.3,0.0,0.0
sealed,12.3,12.4,0.0,0.0
sealed,12.4,12.5,0.0,0.0
sealed,12.5,12.600000000000001,0.0,0.0
sealed,12.600000000000001,12.700000000000001,0.0,0.0
sealed,12.700000000000001,12.8,0.0,0.0
sealed,12.8,12.9,0.0,0.0
sealed,12.9,13.0,0.0,0.0
sealed,13.0,13.100000000000001,0.0,0.0
sealed,13.100000000000001,13.200000000000001,0.0,0.0
sealed,13.200000000000001,13.3,0.0,0.0
sealed,13.3,13.4,0.0,0.0
sealed,13.4,13.5,0.0,0.0
sealed,13.5,13.600000000000001,0.0,0.0
sealed,13.600000000000001,13.700000000000001,0.0,0.0
sealed,13.700000000000001,13.8,0.0,0.0
sealed,13.8,13.9,0.0,0.0
sealed,13.9,14.0,0.0,0.0
sealed,14.0,14.100000000000001,0.0,0.0
sealed,14.100000000000001,14.200000000000001,0.0,0.0
sealed,14.200000000000001,14.3,0.0,0.0
sealed,14.3,14.4,0.0,0.0
sealed,14.4,14.5,0.0,0.0
sealed,14.5,14.600000000000001,0.0,0.0
sealed,14.600000000000001,14.700000000000001,0.0,0.0
sealed,14.700000000000001,14.8,0.0,0.0
sealed,14.8,14.9,0.0,0.0
sealed,14.9,15.0,0.0,0.0
sealed,15.0,15.100000000000001,0.0,0.0
sealed,15.100000000000001,15.200000000000001,0.0,0.0
sealed,15.200000000000001,15.3,0.0,0.0
sealed,15.3,15.4,0.0,0.0
sealed,15.4,15.5,0.0,0.0
sealed,15.5,15.600000000000001,0.0,0.0
sealed,15.600000000000001,15.700000000000001,0.0,0.0
sealed,15.700000000000001,15.8,0.0,0.0
sealed,15.8,15.9,0.0,0.0
sealed,15.9,16.0,0.0,0.0
sealed,16.0,16.1,0.0,0.0
sealed,16.1,16.2,0.0,0.0
sealed,16.2,16.3,0.0,0.0
sealed,16.3,16.400000000000002,0.0,0.0
sealed,16.400000000000002,16.5,0.0,0.0
sealed,16.5,16.6,0.0,0.0
sealed,16.6,16.7,0.0,0.0
sealed,16.7,16.8,0.0,0.0
sealed,16.8,16.900000000000002,0.0,0.0
sealed,16.900000000000002,17.0,0.0,0.0
sealed,17.0,17.1,0.0,0.0
sealed,17.1,17.2,0.0,0.0
sealed,17.2,17.3,0.0,0.0
sealed,17.3,17.400000000000002,0.0,0.0
sealed,17.400000000000002,17.5,0.0,0.0
sealed,17.5,17.6,0.0,0.0
sealed,17.6,17.7,0.0,0.0
sealed,17.7,17.8,0.0,0.0
sealed,17.8,17.900000000000002,0.0,0.0
sealed,17.900000000000002,18.0,0.0,0.0
sealed,18.0,18.1,0.0,0.0
sealed,18.1,18.2,0.0,0.0
sealed,18.2,18.3,0.0,0.0
sealed,18.3,18.400000000000002,0.0,0.0
sealed,18.400000000000002,18.5,0.0,0.0
sealed,18.5,18.6,0.0,0.0
sealed,18.6,18.7,0.0,0.0
sealed,18.7,18.8,0.0,0.0
sealed,18.8,18.900000000000002,0.0,0.0
sealed,18.900000000000002,19.0,0.0,0.0
sealed,19.0,19.1,0.0,0.0
sealed,19.1,19.200000000000003,0.0,0.0
sealed,19.200000000000003,19.3,0.0,0.0
sealed,19.3,19.400000000000002,0.0,0.0
sealed,19.400000000000002,19.5,0.0,0.0
sealed,19.5,19.6,0.0,0.0
sealed,19.6,19.700000000000003,0.0,0.0
sealed,19.700000000000003,19.8,0.0,0.0
sealed,19.8,19.900000000000002,0.0,0.0
sealed,19.900000000000002,20.0,0.0,0.0
finite_small,0.0,0.1,-0.006791815499725483,0.006791815499725476
finite_small,0.1,0.2,-0.014356553483268239,0.014356553483268239
finite_small,0.2,0.30000000000000004,-0.01714131165821927,0.01714131165821925
finite_small,0.30000000000000004,0.4,-0.01766755859654215,0.017667558596542177
finite_small,0.4,0.5,-0.017074247915560767,0.017074247915560795
finite_small,0.5,0.6000000000000001,-0.015949358982575226,0.015949358982575226
finite_small,0.6000000000000001,0.7000000000000001,-0.01461153742246829,0.01461153742246829
finite_small,0.7000000000000001,0.8,-0.013234247931476442,0.013234247931476442
finite_small,0.8,0.9,-0.011908980180215592,0.011908980180215564
finite_small,0.9,1.0,-0.01068022724147974,0.01068022724147974
finite_small,1.0,1.1,-0.009565678407584072,0.009565678407584072
finite_small,1.1,1.2000000000000002,-0.00856809001553846,0.008568090015538515
finite_small,1.2000000000000002,1.3,-0.0076822905198963565,0.007682290519896412
finite_small,1.3,1.4000000000000001,-0.006899286600314886,0.006899286600314886
finite_small,1.4000000000000001,1.5,-0.006208628676710626,0.006208628676710626
finite_small,1.5,1.6,-0.005599730965207439,0.005599730965207439
finite_small,1.6,1.7000000000000002,-0.005062567316057476,0.005062567316057476
finite_small,1.7000000000000002,1.8,-0.004587999129655573,0.004587999129655629
finite_small,1.8,1.9000000000000001,-0.004167891218812059,0.004167891218812059
finite_small,1.9000000000000001,2.0,-0.003795109958455112,0.0037951099584551673
finite_small,2.0,2.1,-0.003463460268641305,0.0034634602686413607
finite_small,2.1,2.2,-0.0031675947701790275,0.003167594770179083
finite_small,2.2,2.3000000000000003,-0.002902914255749789,0.0029029142557499
finite_small,2.3000000000000003,2.4000000000000004,-0.002665469999773906,0.002665469999773906
finite_small,2.4000000000000004,2.5,-0.002451873261470394,0.002451873261470394
finite_small,2.5,2.6,-0.002259214296112644,0.002259214296112644
finite_small,2.6,2.7,-0.002084991456306806,0.0020849914563067506
finite_small,2.7,2.8000000000000003,-0.0019270500256076406,0.001927050025607585
finite_small,2.8000000000000003,2.9000000000000004,-0.0017835299623155942,0.0017835299623155942
finite_small,2.9000000000000004,3.0,-0.0016528215448047834,0.0016528215448047834
finite_small,3.0,3.1,-0.0015335278801363872,0.0015335278801363872
finite_small,3.1,3.2,-0.0014244332916455993,0.0014244332916456548
finite_small,3.2,3.3000000000000003,-0.0013244766947806408,0.0013244766947806408
finite_small,3.3000000000000003,3.4000000000000004,-0.0012327291783362226,0.0012327291783362782
finite_small,3.4000000000000004,3.5,-0.0011483751161676103,0.0011483751161676103
finite_small,3.5,3.6,-0.0010706962351150762,0.0010706962351150762
finite_small,3.6,3.7,-0.0009990581549411126,0.0009990581549411126
finite_small,3.7,3.8000000000000003,-0.0009328989945431021,0.0009328989945431021
finite_small,3.8000000000000003,3.9000000000000004,-0.0008717197058871196,0.0008717197058872306
finite_small,3.9000000000000004,4.0,-0.0008150758538887637,0.0008150758538887637
finite_small,4.0,4.1000000000000005,-0.0007625706080864325,0.000762570608086488
finite_small,4.1000000000000005,4.2,-0.000713848751610402,0.000713848751610402
finite_small,4.2,4.3,-0.000668591545887387,0.000668591545887387
finite_small,4.3,4.4,-0.0006265123167527309,0.0006265123167527864
finite_small,4.4,4.5,-0.0005873526501839199,0.0005873526501838644
finite_small,4.5,4.6000000000000005,-0.0005508791044511185,0.0005508791044511185
finite_small,4.6000000000000005,4.7,-0.0005168803608650296,0.0005168803608650296
finite_small,4.7,4.800000000000001,-0.00048516474798362963,0.00048516474798362963
finite_small,4.800000000000001,4.9,-0.0004555580846616336,0.0004555580846616336
finite_small,4.9,5.0,-0.0004279017960205356,0.0004279017960205356
finite_small,5.0,5.1000000000000005,-0.00040205126364784016,0.00040205126364784016
finite_small,5.1000000000000005,5.2,-0.00037787437733755036,0.00037787437733755036
finite_small,5.2,5.300000000000001,-0.00035525026068988774,0.00035525026068988774
finite_small,5.300000000000001,5.4,-0.0003340681470708762,0.00033406814707082066
finite_small,5.4,5.5,-0.00031422638592232266,0.00031422638592232266
finite_small,5.5,5.6000000000000005,-0.0002956315623560135,0.0002956315623560135
finite_small,5.6000000000000005,5.7,-0.0002781977154281967,0.0002781977154281967
finite_small,5.7,5.800000000000001,-0.000261845642574865,0.000261845642574865
finite_small,5.800000000000001,5.9,-0.0002465022794391758,0.0002465022794391203
finite_small,5.9,6.0,-0.0002321001458253369,0.0002321001458253369
finite_small,6.0,6.1000000000000005,-0.00021857684976214764,0.00021857684976214764
finite_small,6.1000000000000005,6.2,-0.0002058746427485436,0.0002058746427485436
finite_small,6.2,6.300000000000001,-0.00019394002016617784,0.00019394002016617784
finite_small,6.300000000000001,6.4,-0.00018272336163047131,0.00018272336163052683
finite_small,6.4,6.5,-0.00017217860672871788,0.00017217860672871788
finite_small,6.5,6.6000000000000005,-0.0001622629621650662,0.00016226296216498293
finite_small,6.6000000000000005,6.7,-0.00015293663683960124,0.00015293663683951797
finite_small,6.7,6.800000000000001,-0.00014416260181185359,0.00014416260181179807
finite_small,6.800000000000001,6.9,-0.00013590637247012927,0.00013590637247012927
finite_small,6.9,7.0,-0.0001281358105592323,0.0001281358105592323
finite_small,7.0,7.1000000000000005,-0.00012082094398410681,0.00012082094398410681
finite_small,7.1000000000000005,7.2,-0.00011393380256366492,0.00011393380256366492
finite_small,7.2,7.300000000000001,-0.00010744826811331931,0.00010744826811331931
finite_small,7.300000000000001,7.4,-0.00010133993742045266,0.00010133993742045266
finite_small,7.4,7.5,-9.558599683945346e-05,9.558599683945346e-05
finite_small,7.5,7.6000000000000005,-9.016510737663852e-05,9.016510737663852e-05
finite_small,7.6000000000000005,7.7,-8.505729925656347e-05,8.505729925656347e-05
finite_small,7.7,7.800000000000001,-8.024387507088449e-05,8.024387507088449e-05
finite_small,7.800000000000001,7.9,-7.57073207078851e-05,7.57073207078851e-05
finite_small,7.9,8.0,-7.143122334787866e-05,7.143122334787866e-05
finite_small,8.0,8.1,-6.740019587789248e-05,6.740019587794799e-05
finite_small,8.1,8.200000000000001,-6.359980715447966e-05,6.359980715459068e-05
finite_small,8.200000000000001,8.3,-6.001651759174331e-05,6.001651759174331e-05
finite_small,8.3,8.4,-5.6637619613220114e-05,5.6637619613275625e-05
finite_small,8.4,8.5,-5.345118254898584e-05,5.345118254898584e-05
finite_small,8.5,8.6,-5.044600159317958e-05,5.044600159317958e-05
finite_small,8.6,8.700000000000001,-4.7611550489490284e-05,4.7611550489490284e-05
finite_small,8.700000000000001,8.8,-4.493793762955223e-05,4.493793762955223e-05
finite_small,8.8,8.9,-4.2415865286027365e-05,4.2415865286027365e-05
finite_small,8.9,9.0,-4.0036591727909965e-05,4.0036591727909965e-05
finite_small,9.0,9.1,-3.779189598598909e-05,3.779189598598909e-05
finite_small,9.1,9.200000000000001,-3.5674045061023785e-05,3.5674045061023785e-05
finite_small,9.200000000000001,9.3,-3.367576338328404e-05,3.367576338328404e-05
finite_small,9.3,9.4,-3.179020434904145e-05,3.179020434904145e-05
finite_small,9.4,9.5,-3.001092377796777e-05,3.0010923777912257e-05
finite_small,9.5,9.600000000000001,-2.8331855142255113e-05,2.8331855142199602e-05
finite_small,9.600000000000001,9.700000000000001,-2.6747286443445928e-05,2.6747286443445928e-05
finite_small,9.700000000000001,9.8,-2.5251838605300225e-05,2.5251838605300225e-05
finite_small,9.8,9.9,-2.3840445281142486e-05,2.3840445281086975e-05
finite_small,9.9,10.0,-2.2508333967358185e-05,2.2508333967358185e-05
finite_small,10.0,10.100000000000001,-2.125100833447191e-05,2.125100833447191e-05
finite_small,10.100000000000001,10.200000000000001,-2.0064231685823497e-05,2.0064231685823497e-05
finite_small,10.200000000000001,10.3,-1.8944011465932276e-05,1.8944011465932276e-05
finite_small,10.3,10.4,-1.7886584748910694e-05,1.7886584748910694e-05
finite_small,10.4,10.5,-1.6888404633874643e-05,1.6888404633930154e-05
finite_small,10.5,10.600000000000001,-1.5946127491506257e-05,1.5946127491561768e-05
finite_small,10.600000000000001,10.700000000000001,-1.5056600998153424e-05,1.5056600998153424e-05
finite_small,10.700000000000001,10.8,-1.4216852909532118e-05,1.4216852909532118e-05
finite_small,10.8,10.9,-1.3424080524793158e-05,1.342408052484867e-05
finite_small,10.9,11.0,-1.2675640790882348e-05,1.2675640790882348e-05
finite_small,11.0,11.100000000000001,-1.1969041009418646e-05,1.1969041009474157e-05
finite_small,11.100000000000001,11.200000000000001,-1.1301930107343594e-05,1.1301930107343594e-05
finite_small,11.200000000000001,11.3,-1.0672090430485781e-05,1.0672090430485781e-05
finite_small,11.3,11.4,-1.0077430032701118e-05,1.0077430032590096e-05
finite_small,11.4,11.5,-9.515975423424194e-06,9.515975423424194e-06
finite_small,11.5,11.600000000000001,-8.985864748400907e-06,8.985864748400907e-06
finite_small,11.600000000000001,11.700000000000001,-8.48534137451451e-06,8.48534137451451e-06
finite_small,11.700000000000001,11.8,-8.01274785389161e-06,8.012747853947122e-06
finite_small,11.8,11.9,-7.566520244445263e-06,7.566520244445263e-06
finite_small,11.9,12.0,-7.145182763151903e-06,7.145182763262925e-06
finite_small,12.0,12.100000000000001,-6.747342754354069e-06,6.747342754354069e-06
finite_small,12.100000000000001,12.200000000000001,-6.371685949912997e-06,6.371685949912997e-06
finite_small,12.200000000000001,12.3,-6.016972007139021e-06,6.016972007194532e-06
finite_small,12.3,12.4,-5.682030306375374e-06,5.682030306375374e-06
finite_small,12.4,12.5,-5.3657559905828656e-06,5.3657559905828656e-06
finite_small,12.5,12.600000000000001,-5.067106236072982e-06,5.067106236072982e-06
finite_small,12.600000000000001,12.700000000000001,-4.785096737430772e-06,4.7850967373197495e-06
finite_small,12.700000000000001,12.8,-4.5187983956085365e-06,4.518798395553025e-06
finite_small,12.8,12.9,-4.267334196200734e-06,4.267334196200734e-06
finite_small,12.9,13.0,-4.0298762668533605e-06,4.029876266742338e-06
finite_small,13.0,13.100000000000001,-3.8056431036770366e-06,3.8056431035660143e-06
finite_small,13.100000000000001,13.200000000000001,-3.5938969565607604e-06,3.593896956505249e-06
finite_small,13.200000000000001,13.3,-3.393941363061259e-06,3.393941362950237e-06
finite_small,13.3,13.4,-3.205118823734754e-06,3.205118823790265e-06
finite_small,13.4,13.5,-3.0268086100848635e-06,3.0268086100848635e-06
finite_small,13.5,13.600000000000001,-2.858424695106887e-06,2.858424695106887e-06
finite_small,13.600000000000001,13.700000000000001,-2.6994138058178407e-06,2.6994138058178407e-06
finite_small,13.700000000000001,13.8,-2.54925358139646e-06,2.549253581340949e-06
finite_small,13.8,13.9,-2.4074508386540128e-06,2.4074508384874793e-06
finite_small,13.9,14.0,-2.273539935537805e-06,2.273539935537805e-06
finite_small,14.0,14.100000000000001,-2.1470812263391093e-06,2.1470812263391093e-06
finite_small,14.100000000000001,14.200000000000001,-2.0276596049140228e-06,2.0276596048030004e-06
finite_small,14.200000000000001,14.3,-1.914883128589784e-06,1.914883128589784e-06
finite_small,14.3,14.4,-1.8083817235892141e-06,1.8083817235892141e-06
finite_small,14.4,14.5,-1.7078059583175431e-06,1.707805958262032e-06
finite_small,14.5,14.600000000000001,-1.612825889479863e-06,1.612825889479863e-06
finite_small,14.600000000000001,14.700000000000001,-1.5231299720086522e-06,1.523129971953141e-06
finite_small,14.700000000000001,14.8,-1.4384240299425421e-06,1.4384240298315198e-06
finite_small,14.8,14.9,-1.358430285924861e-06,1.358430285786083e-06
finite_small,14.9,15.0,-1.2828864442426813e-06,1.2828864442149257e-06
finite_small,15.0,15.100000000000001,-1.2115448261851292e-06,1.2115448260185957e-06
finite_small,15.100000000000001,15.200000000000001,-1.1441715539184383e-06,1.144171553807416e-06
finite_small,15.200000000000001,15.3,-1.0805457795470819e-06,1.0805457795470819e-06
finite_small,15.3,15.4,-1.020458957945447e-06,1.0204589578344248e-06
finite_small,15.4,15.5,-9.637141593910048e-07,9.637141593910048e-07
finite_small,15.5,15.600000000000001,-9.101254229981759e-07,9.101254229981759e-07
finite_small,15.600000000000001,15.700000000000001,-8.595171434866433e-07,8.595171434866433e-07
finite_small,15.700000000000001,15.8,-8.117234931992456e-07,8.117234931437345e-07
finite_small,15.8,15.9,-7.665878785922953e-07,7.665878785922953e-07
finite_small,15.9,16.0,-7.239624238430942e-07,7.239624238430942e-07
finite_small,16.0,16.1,-6.837074854049163e-07,6.837074854049163e-07
finite_small,16.1,16.2,-6.456911927910092e-07,6.456911927910092e-07
finite_small,16.2,16.3,-6.097890163370145e-07,6.097890163370145e-07
finite_small,16.3,16.400000000000002,-5.758833565294719e-07,5.75883356584983e-07
finite_small,16.400000000000002,16.5,-5.438631596743626e-07,5.438631597576293e-07
finite_small,16.5,16.6,-5.136235518288235e-07,5.13623551856579e-07
finite_small,16.6,16.7,-4.850654951038536e-07,4.850654951038536e-07
finite_small,16.7,16.8,-4.580954627853018e-07,4.580954627853018e-07
finite_small,16.8,16.900000000000002,-4.326251318853558e-07,4.3262513194086694e-07
finite_small,16.900000000000002,17.0,-4.0857109445679995e-07,4.0857109445679995e-07
finite_small,17.0,17.1,-3.8585458173034937e-07,3.8585458184137167e-07
finite_small,17.1,17.2,-3.64401208707843e-07,3.64401208707843e-07
finite_small,17.2,17.3,-3.441407277759989e-07,3.441407277759989e-07
finite_small,17.3,17.400000000000002,-3.250067992233152e-07,3.2500679927882636e-07
finite_small,17.400000000000002,17.5,-3.069367743857576e-07,3.069367743857576e-07
finite_small,17.5,17.6,-2.8987148870118773e-07,2.8987148870118773e-07
finite_small,17.6,17.7,-2.7375506933546845e-07,2.7375506933546845e-07
finite_small,17.7,17.8,-2.5853475066339726e-07,2.585347507189084e-07
finite_small,17.8,17.900000000000002,-2.441607025727155e-07,2.441607025727155e-07
finite_small,17.900000000000002,18.0,-2.3058586615110066e-07,2.3058586615110066e-07
finite_small,18.0,18.1,-2.1776579983701083e-07,2.1776579983701083e-07
finite_small,18.1,18.2,-2.0565853417475743e-07,2.0565853423026859e-07
finite_small,18.2,18.3,-1.942244333419385e-07,1.942244333419385e-07
finite_small,18.3,18.400000000000002,-1.8342606611376766e-07,1.8342606611376766e-07
finite_small,18.400000000000002,18.5,-1.7322808304465198e-07,1.7322808310016313e-07
finite_small,18.5,18.6,-1.6359710064417499e-07,1.6359710069968614e-07
finite_small,18.6,18.7,-1.5450159185359524e-07,1.5450159185359524e-07
finite_small,18.7,18.8,-1.4591178271183836e-07,1.4591178271183836e-07
finite_small,18.8,18.900000000000002,-1.377995549889377e-07,1.3779955493342655e-07
finite_small,18.900000000000002,19.0,-1.3013835434283472e-07,1.3013835434283472e-07
finite_small,19.0,19.1,-1.2290310316687147e-07,1.2290310316687147e-07
finite_small,19.1,19.200000000000003,-1.1607011773939746e-07,1.1607011773939746e-07
finite_small,19.200000000000003,19.3,-1.0961703200695894e-07,1.0961703200695894e-07
finite_small,19.3,19.400000000000002,-1.0352272328262302e-07,1.0352272328262302e-07
finite_small,19.400000000000002,19.5,-9.776724341215015e-08,9.7767243356639e-08
finite_small,19.5,19.6,-9.233175357614698e-08,9.23317535483914e-08
finite_small,19.6,19.700000000000003,-8.719846233962159e-08,8.719846225635486e-08
finite_small,19.700000000000003,19.8,-8.235056772609717e-08,8.235056761507487e-08
finite_small,19.8,19.900000000000002,-7.777220178972755e-08,7.77722017342164e-08
finite_small,19.900000000000002,20.0,-7.344837929523784e-08,7.344837929523784e-08
finite_medium,0.0,0.1,-0.007404066878323169,0.0074040668783231485
finite_medium,0.1,0.2,-0.0174631752434507,0.017463175243450667
finite_medium,0.2,0.30000000000000004,-0.023356907129991517,0.02335690712999153
finite_medium,0.30000000000000004,0.4,-0.026836945286398954,0.026836945286398996
finite_medium,0.4,0.5,-0.028768499643694906,0.028768499643694906
finite_medium,0.5,0.6000000000000001,-0.0296646699821754,0.029664669982175484
finite_medium,0.6000000000000001,0.7000000000000001,-0.029857317051079246,0.029857317051079274
finite_medium,0.7000000000000001,0.8,-0.029571117119281204,0.029571117119281204
finite_medium,0.8,0.9,-0.028962017502836418,0.028962017502836473
finite_medium,0.9,1.0,-0.028139811823510552,0.028139811823510552
finite_medium,1.0,1.1,-0.02718242468836135,0.027182424688361406
finite_medium,1.1,1.2000000000000002,-0.026145369531790252,0.026145369531790363
finite_medium,1.2000000000000002,1.3,-0.025068195602763632,0.025068195602763632
finite_medium,1.3,1.4000000000000001,-0.023978972827066514,0.023978972827066514
finite_medium,1.4000000000000001,1.5,-0.022897459615887183,0.022897459615887183
finite_medium,1.5,1.6,-0.021837367353973902,0.021837367353974013
finite_medium,1.6,1.7000000000000002,-0.020807994874847635,0.020807994874847635
finite_medium,1.7000000000000002,1.8,-0.019815417537997815,0.019815417537997815
finite_medium,1.8,1.9000000000000001,-0.018863357849977114,0.018863357849977003
finite_medium,1.9000000000000001,2.0,-0.017953826208125356,0.017953826208124912
finite_medium,2.0,2.1,-0.017087594350120416,0.017087594350120416
finite_medium,2.1,2.2,-0.01626454620114215,0.01626454620114226
finite_medium,2.2,2.3000000000000003,-0.01548393833125461,0.01548393833125461
finite_medium,2.3000000000000003,2.4000000000000004,-0.01474459343013712,0.01474459343013712
finite_medium,2.4000000000000004,2.5,-0.014045043929670431,0.014045043929670653
finite_medium,2.5,2.6,-0.013383638390668473,0.013383638390668473
finite_medium,2.6,2.7,-0.012758619997445542,0.012758619997445542
finite_medium,2.7,2.8000000000000003,-0.012168184114512814,0.012168184114512592
finite_medium,2.8000000000000003,2.9000000000000004,-0.011610520103995103,0.011610520103995103
finite_medium,2.9000000000000004,3.0,-0.011083841304802222,0.011083841304802222
finite_medium,3.0,3.1,-0.01058640611066386,0.01058640611066386
finite_medium,3.1,3.2,-0.010116532364634168,0.010116532364634168
finite_medium,3.2,3.3000000000000003,-0.009672606748315826,0.009672606748315826
finite_medium,3.3000000000000003,3.4000000000000004,-0.009253090438184453,0.009253090438184453
finite_medium,3.4000000000000004,3.5,-0.00885652199487752,0.00885652199487752
finite_medium,3.5,3.6,-0.00848151821912757,0.00848151821912757
finite_medium,3.6,3.7,-0.008126773531653697,0.008126773531653697
finite_medium,3.7,3.8000000000000003,-0.007791058299993825,0.007791058299993603
finite_medium,3.8000000000000003,3.9000000000000004,-0.007473216432810625,0.007473216432810181
finite_medium,3.9000000000000004,4.0,-0.007172162483870315,0.007172162483870315
finite_medium,4.0,4.1000000000000005,-0.006886878447971201,0.006886878447970979
finite_medium,4.1000000000000005,4.2,-0.006616410385195559,0.006616410385195781
finite_medium,4.2,4.3,-0.006359864974726737,0.006359864974726959
finite_medium,4.3,4.4,-0.006116406072529612,0.006116406072529612
finite_medium,4.4,4.5,-0.0058852513266169915,0.0058852513266169915
finite_medium,4.5,4.6000000000000005,-0.005665668887904651,0.005665668887904873
finite_medium,4.6000000000000005,4.7,-0.0054569742426695544,0.0054569742426697765
finite_medium,4.7,4.800000000000001,-0.005258527183536144,0.005258527183536144
finite_medium,4.800000000000001,4.9,-0.005069728929112838,0.00506972892911306
finite_medium,4.9,5.0,-0.004890019397187251,0.004890019397187695
finite_medium,5.0,5.1000000000000005,-0.004718874632654746,0.004718874632654746
finite_medium,5.1000000000000005,5.2,-0.004555804388528095,0.004555804388528539
finite_medium,5.2,5.300000000000001,-0.004400349856394703,0.004400349856394925
finite_medium,5.300000000000001,5.4,-0.004252081541283648,0.004252081541284092
finite_medium,5.4,5.5,-0.004110597274966543,0.004110597274966543
finite_medium,5.5,5.6000000000000005,-0.003975520361121254,0.003975520361121476
finite_medium,5.6000000000000005,5.7,-0.0038464978455061694,0.0038464978455063914
finite_medium,5.7,5.800000000000001,-0.00372319890408801,0.003723198904088232
finite_medium,5.800000000000001,5.9,-0.0036053133421640737,0.0036053133421642958
finite_medium,5.9,6.0,-0.0034925501976112994,0.0034925501976112994
finite_medium,6.0,6.1000000000000005,-0.003384636441586375,0.003384636441586375
finite_medium,6.1000000000000005,6.2,-0.003281315770282456,0.003281315770282456
finite_medium,6.2,6.300000000000001,-0.003182347481622938,0.003182347481622938
finite_medium,6.300000000000001,6.4,-0.003087505431074389,0.003087505431074389
finite_medium,6.4,6.5,-0.0029965770611065645,0.0029965770611065645
finite_medium,6.5,6.6000000000000005,-0.0029093624991072264,0.0029093624991074485
finite_medium,6.6000000000000005,6.7,-0.0028256737189167325,0.0028256737189167325
finite_medium,6.7,6.800000000000001,-0.0027453337614359308,0.0027453337614359308
finite_medium,6.800000000000001,6.9,-0.0026681760100638607,0.0026681760100638607
finite_medium,6.9,7.0,-0.002594043517010536,0.002594043517010536
finite_medium,7.0,7.1000000000000005,-0.002522788376794982,0.002522788376794982
finite_medium,7.1000000000000005,7.2,-0.0024542711435177056,0.0024542711435177056
finite_medium,7.2,7.300000000000001,-0.002388360288710145,0.002388360288710145
finite_medium,7.300000000000001,7.4,-0.0023249316968193545,0.0023249316968193545
finite_medium,7.4,7.5,-0.002263868195586549,0.002263868195586549
finite_medium,7.5,7.6000000000000005,-0.002205059118775776,0.002205059118775776
finite_medium,7.6000000000000005,7.7,-0.002148399898908804,0.002148399898908804
finite_medium,7.7,7.800000000000001,-0.0020937916878303042,0.0020937916878303042
finite_medium,7.800000000000001,7.9,-0.0020411410030748423,0.0020411410030748423
finite_medium,7.9,8.0,-0.0019903593981792644,0.0019903593981794865
finite_medium,8.0,8.1,-0.0019413631552160915,0.0019413631552160915
finite_medium,8.1,8.200000000000001,-0.0018940729979415316,0.0018940729979415316
finite_medium,8.200000000000001,8.3,-0.0018484138240818515,0.0018484138240818515
finite_medium,8.3,8.4,-0.0018043144553925305,0.0018043144553925305
finite_medium,8.4,8.5,-0.0017617074042227676,0.0017617074042227676
finite_medium,8.5,8.6,-0.001720528655412612,0.001720528655412612
finite_medium,8.6,8.700000000000001,-0.0016807174624382526,0.0016807174624382526
finite_medium,8.700000000000001,8.8,-0.0016422161568024896,0.0016422161568024896
finite_medium,8.8,8.9,-0.0016049699697420206,0.0016049699697420206
finite_medium,8.9,9.0,-0.0015689268653878985,0.0015689268653878985
finite_medium,9.0,9.1,-0.0015340373845830202,0.0015340373845830202
finite_medium,9.1,9.200000000000001,-0.0015002544986291166,0.0015002544986291166
finite_medium,9.200000000000001,9.3,-0.0014675334722555888,0.0014675334722555888
finite_medium,9.3,9.4,-0.0014358317352010097,0.0014358317352007877
finite_medium,9.4,9.5,-0.0014051087618098812,0.0014051087618098812
finite_medium,9.5,9.600000000000001,-0.00137532595809442,0.00137532595809442
finite_medium,9.600000000000001,9.700000000000001,-0.0013464465557648797,0.0013464465557646577
finite_medium,9.700000000000001,9.8,-0.0013184355127575653,0.0013184355127575653
finite_medium,9.8,9.9,-0.0012912594198214444,0.0012912594198214444
finite_medium,9.9,10.0,-0.0012648864127664528,0.0012648864127664528
finite_medium,10.0,10.100000000000001,-0.0012392860899859137,0.0012392860899859137
finite_medium,10.100000000000001,10.200000000000001,-0.0012144294349324403,0.0012144294349324403
finite_medium,10.200000000000001,10.3,-0.0011902887431796128,0.0011902887431796128
finite_medium,10.3,10.4,-0.0011668375538134157,0.0011668375538134157
finite_medium,10.4,10.5,-0.0011440505848491211,0.0011440505848491211
finite_medium,10.5,10.600000000000001,-0.001121903672416158,0.001121903672415936
finite_medium,10.600000000000001,10.700000000000001,-0.001100373713471714,0.001100373713471714
finite_medium,10.700000000000001,10.8,-0.0010794386118203603,0.0010794386118203603
finite_medium,10.8,10.9,-0.001059077227227534,0.001059077227227534
finite_medium,10.9,11.0,-0.001039269327425263,0.001039269327425263
finite_medium,11.0,11.100000000000001,-0.0010199955428440433,0.0010199955428440433
finite_medium,11.100000000000001,11.200000000000001,-0.0010012373238854622,0.0010012373238854622
finite_medium,11.200000000000001,11.3,-0.0009829769005800237,0.0009829769005800237
finite_medium,11.3,11.4,-0.0009651972444986168,0.0009651972444986168
finite_medium,11.4,11.5,-0.0009478820327468718,0.0009478820327470938
finite_medium,11.5,11.600000000000001,-0.0009310156139629155,0.0009310156139629155
finite_medium,11.600000000000001,11.700000000000001,-0.0009145829761403323,0.0009145829761403323
finite_medium,11.700000000000001,11.8,-0.0008985697162183781,0.0008985697162186002
finite_medium,11.8,11.9,-0.000882962011296784,0.000882962011296784
finite_medium,11.9,12.0,-0.0008677465913951021,0.0008677465913951021
finite_medium,12.0,12.100000000000001,-0.0008529107136653336,0.0008529107136653336
finite_medium,12.100000000000001,12.200000000000001,-0.0008384421379599161,0.0008384421379599161
finite_medium,12.200000000000001,12.3,-0.0008243291036954536,0.0008243291036954536
finite_medium,12.3,12.4,-0.0008105603079099355,0.0008105603079099355
finite_medium,12.4,12.5,-0.0007971248844772516,0.0007971248844772516
finite_medium,12.5,12.600000000000001,-0.0007840123843728675,0.0007840123843728675
finite_medium,12.600000000000001,12.700000000000001,-0.0007712127569744487,0.0007712127569744487
finite_medium,12.700000000000001,12.8,-0.0007587163322957391,0.0007587163322957391
finite_medium,12.8,12.9,-0.0007465138041335972,0.0007465138041335972
finite_medium,12.9,13.0,-0.0007345962140603568,0.0007345962140601348
finite_medium,13.0,13.100000000000001,-0.0007229549362101073,0.0007229549362101073
finite_medium,13.100000000000001,13.200000000000001,-0.0007115816628393556,0.0007115816628395777
finite_medium,13.200000000000001,13.3,-0.0007004683905786901,0.0007004683905786901
finite_medium,13.3,13.4,-0.0006896074073801106,0.0006896074073803327
finite_medium,13.4,13.5,-0.000678991280095298,0.000678991280095298
finite_medium,13.5,13.600000000000001,-0.0006686128426500737,0.0006686128426500737
finite_medium,13.600000000000001,13.700000000000001,-0.0006584651848066114,0.0006584651848066114
finite_medium,13.700000000000001,13.8,-0.0006485416414456768,0.0006485416414456768
finite_medium,13.8,13.9,-0.0006388357823772228,0.0006388357823772228
finite_medium,13.9,14.0,-0.0006293414026213862,0.0006293414026213862
finite_medium,14.0,14.100000000000001,-0.0006200525131603296,0.0006200525131603296
finite_medium,14.100000000000001,14.200000000000001,-0.0006109633321105257,0.0006109633321105257
finite_medium,14.200000000000001,14.3,-0.0006020682763177021,0.0006020682763181462
finite_medium,14.3,14.4,-0.0005933619533394774,0.0005933619533394774
finite_medium,14.4,14.5,-0.0005848391537862652,0.0005848391537862652
finite_medium,14.5,14.600000000000001,-0.0005764948440301065,0.0005764948440301065
finite_medium,14.600000000000001,14.700000000000001,-0.0005683241592353561,0.0005683241592353561
finite_medium,14.700000000000001,14.8,-0.0005603223967048931,0.0005603223967048931
finite_medium,14.8,14.9,-0.0005524850095349754,0.0005524850095349754
finite_medium,14.9,15.0,-0.0005448076005404312,0.0005448076005404312
finite_medium,15.0,15.100000000000001,-0.0005372859164597399,0.0005372859164597399
finite_medium,15.100000000000001,15.200000000000001,-0.0005299158424192374,0.0005299158424192374
finite_medium,15.200000000000001,15.3,-0.0005226933966320235,0.0005226933966320235
finite_medium,15.3,15.4,-0.0005156147253342347,0.0005156147253344567
finite_medium,15.4,15.5,-0.0005086760979444716,0.0005086760979444716
finite_medium,15.5,15.600000000000001,-0.0005018739024276186,0.0005018739024278407
finite_medium,15.600000000000001,15.700000000000001,-0.000495204640857061,0.000495204640857061
finite_medium,15.700000000000001,15.8,-0.0004886649251796271,0.0004886649251796271
finite_medium,15.8,15.9,-0.0004822514731426253,0.0004822514731426253
finite_medium,15.9,16.0,-0.0004759611044045098,0.0004759611044045098
finite_medium,16.0,16.1,-0.0004697907368147458,0.0004697907368147458
finite_medium,16.1,16.2,-0.0004637373828313418,0.0004637373828313418
finite_medium,16.2,16.3,-0.0004577981461078018,0.0004577981461078018
finite_medium,16.3,16.400000000000002,-0.0004519702182073093,0.00045197021820753136
finite_medium,16.400000000000002,16.5,-0.0004462508754605743,0.0004462508754605743
finite_medium,16.5,16.6,-0.0004406374759475806,0.0004406374759475806
finite_medium,16.6,16.7,-0.0004351274566066765,0.00043512745660689855
finite_medium,16.7,16.8,-0.00042971833045790664,0.0004297183304581287
finite_medium,16.8,16.900000000000002,-0.0004244076839401423,0.0004244076839401423
finite_medium,16.900000000000002,17.0,-0.0004191931743529054,0.0004191931743529054
finite_medium,17.0,17.1,-0.0004140725274035528,0.0004140725274035528
finite_medium,17.1,17.2,-0.0004090435348507171,0.0004090435348507171
finite_medium,17.2,17.3,-0.00040410405224100554,0.00040410405224100554
finite_medium,17.3,17.400000000000002,-0.0003992519967340735,0.0003992519967340735
finite_medium,17.400000000000002,17.5,-0.00039448534501018706,0.00039448534501018706
finite_medium,17.5,17.6,-0.0003898021312673805,0.00038980213126715846
finite_medium,17.6,17.7,-0.000385200445287337,0.000385200445287337
finite_medium,17.7,17.8,-0.0003806784305828703,0.0003806784305828703
finite_medium,17.8,17.900000000000002,-0.000376234282611132,0.000376234282611132
finite_medium,17.900000000000002,18.0,-0.00037186624705543014,0.00037186624705543014
finite_medium,18.0,18.1,-0.00036757261817776943,0.0003675726181775474
finite_medium,18.1,18.2,-0.0003633517372284567,0.00036335173722823466
finite_medium,18.2,18.3,-0.0003592019909156585,0.0003592019909154365
finite_medium,18.3,18.400000000000002,-0.0003551218099318021,0.00035512180993158005
finite_medium,18.400000000000002,18.5,-0.00035110966754348105,0.0003511096675437031
finite_medium,18.5,18.6,-0.0003471640782191088,0.0003471640782191088
finite_medium,18.6,18.7,-0.000343283596317967,0.000343283596317967
finite_medium,18.7,18.8,-0.000339466814821332,0.000339466814821332
finite_medium,18.8,18.900000000000002,-0.00033571236411900074,0.0003357123641192228
finite_medium,18.900000000000002,19.0,-0.0003320189108260152,0.0003320189108260152
finite_medium,19.0,19.1,-0.00032838515665434276,0.00032838515665434276
finite_medium,19.1,19.200000000000003,-0.0003248098373164199,0.0003248098373164199
finite_medium,19.200000000000003,19.3,-0.00032129172147787877,0.00032129172147787877
finite_medium,19.3,19.400000000000002,-0.00031782960973658625,0.00031782960973658625
finite_medium,19.400000000000002,19.5,-0.0003144223336444263,0.0003144223336444263
finite_medium,19.5,19.6,-0.0003110687547634994,0.0003110687547634994
finite_medium,19.6,19.700000000000003,-0.00030776776375207593,0.00030776776375207593
finite_medium,19.700000000000003,19.8,-0.00030451827948829724,0.00030451827948829724
finite_medium,19.8,19.900000000000002,-0.0003013192482159699,0.00030131924821574785
finite_medium,19.900000000000002,20.0,-0.00029816964272799673,0.00029816964272799673
finite_large,0.0,0.1,-0.007604350382018959,0.007604350382018963
finite_large,0.1,0.2,-0.018578512132303493,0.018578512132303514
finite_large,0.2,0.30000000000000004,-0.02582119847529225,0.025821198475292264
finite_large,0.30000000000000004,0.4,-0.030840436127366824,0.030840436127366838
finite_large,0.4,0.5,-0.03437129163930833,0.03437129163930827
finite_large,0.5,0.6000000000000001,-0.03685011239978525,0.03685011239978525
finite_large,0.6000000000000001,0.7000000000000001,-0.03856236966303572,0.03856236966303572
finite_large,0.7000000000000001,0.8,-0.039705239094998124,0.039705239094998124
finite_large,0.8,0.9,-0.04041938303789938,0.04041938303789916
finite_large,0.9,1.0,-0.04080731660756731,0.04080731660756726
finite_large,1.0,1.1,-0.040944930504436594,0.04094493050443654
finite_large,1.1,1.2000000000000002,-0.04088910141457047,0.04088910141457047
finite_large,1.2000000000000002,1.3,-0.04068289185155949,0.0406828918515596
finite_large,1.3,1.4000000000000001,-0.04035919039521341,0.04035919039521341
finite_large,1.4000000000000001,1.5,-0.039943308217834095,0.039943308217834095
finite_large,1.5,1.6,-0.03945485936919213,0.03945485936919213
finite_large,1.6,1.7000000000000002,-0.03890913968715548,0.03890913968715548
finite_large,1.7000000000000002,1.8,-0.03831814895731345,0.03831814895731345
finite_large,1.8,1.9000000000000001,-0.0376913556987758,0.0376913556987758
finite_large,1.9000000000000001,2.0,-0.037036274056961416,0.03703627405696164
finite_large,2.0,2.1,-0.03635890210724757,0.03635890210724757
finite_large,2.1,2.2,-0.035664057007203875,0.035664057007203875
finite_large,2.2,2.3000000000000003,-0.03495563275497815,0.03495563275497793
finite_large,2.3000000000000003,2.4000000000000004,-0.03423679945988689,0.03423679945988689
finite_large,2.4000000000000004,2.5,-0.03351015812293845,0.03351015812293845
finite_large,2.5,2.6,-0.03277786137085126,0.03277786137085126
finite_large,2.6,2.7,-0.03204170798936168,0.03204170798936168
finite_large,2.7,2.8000000000000003,-0.03130321718662521,0.03130321718662521
finite_large,2.8000000000000003,2.9000000000000004,-0.030563687095474634,0.030563687095474856
finite_large,2.9000000000000004,3.0,-0.02982424096012415,0.02982424096012415
finite_large,3.0,3.1,-0.029085863653321553,0.029085863653321553
finite_large,3.1,3.2,-0.028349430565350664,0.028349430565350664
finite_large,3.2,3.3000000000000003,-0.027615730446910236,0.027615730446910236
finite_large,3.3000000000000003,3.4000000000000004,-0.026885483437370183,0.026885483437370183
finite_large,3.4000000000000004,3.5,-0.026159355241390347,0.026159355241390347
finite_large,3.5,3.6,-0.02543796821049793,0.02543796821049793
finite_large,3.6,3.7,-0.024721909927047703,0.024721909927047703
finite_large,3.7,3.8000000000000003,-0.02401173976500015,0.024011739765000595
finite_large,3.8000000000000003,3.9000000000000004,-0.023307993806504612,0.023307993806504612
finite_large,3.9000000000000004,4.0,-0.022611188419279227,0.022611188419279227
finite_large,4.0,4.1000000000000005,-0.02192182274201082,0.02192182274201082
finite_large,4.1000000000000005,4.2,-0.021240380279973436,0.021240380279973436
finite_large,4.2,4.3,-0.02056732977780129,0.02056732977780129
finite_large,4.3,4.4,-0.019903125508603292,0.019903125508603292
finite_large,4.4,4.5,-0.01924820709665931,0.01924820709665931
finite_large,4.5,4.6000000000000005,-0.018602998973526574,0.018602998973526574
finite_large,4.6000000000000005,4.7,-0.017967909553238792,0.017967909553238792
finite_large,4.7,4.800000000000001,-0.017343330200912055,0.017343330200912055
finite_large,4.800000000000001,4.9,-0.0167296340594818,0.0167296340594818
finite_large,4.9,5.0,-0.016127174791297882,0.016127174791297882
finite_large,5.0,5.1000000000000005,-0.015536285284303286,0.015536285284303286
finite_large,5.1000000000000005,5.2,-0.014957276366365235,0.014957276366365235
finite_large,5.2,5.300000000000001,-0.014390435565722948,0.014390435565722948
finite_large,5.300000000000001,5.4,-0.013836025950309638,0.013836025950309638
finite_large,5.4,5.5,-0.013294285073953915,0.013294285073953915
finite_large,5.5,5.6000000000000005,-0.012765424052670005,0.012765424052670005
finite_large,5.6000000000000005,5.7,-0.012249626790042933,0.012249626790042933
finite_large,5.7,5.800000000000001,-0.011747049366326756,0.011747049366326756
finite_large,5.800000000000001,5.9,-0.011257819601972585,0.011257819601972585
finite_large,5.9,6.0,-0.010782036802393424,0.010782036802393424
finite_large,6.0,6.1000000000000005,-0.010319771687210544,0.010319771687210988
finite_large,6.1000000000000005,6.2,-0.009871066503902792,0.009871066503902792
finite_large,6.2,6.300000000000001,-0.009435935322610334,0.009435935322610334
finite_large,6.300000000000001,6.4,-0.009014364506195527,0.009014364506195527
finite_large,6.4,6.5,-0.008606313347079286,0.008606313347079286
finite_large,6.5,6.6000000000000005,-0.008211714860316022,0.008211714860316022
finite_large,6.6000000000000005,6.7,-0.007830476720580348,0.007830476720580348
finite_large,6.7,6.800000000000001,-0.007462482329282594,0.007462482329282594
finite_large,6.800000000000001,6.9,-0.007107591996942553,0.007107591996942553
finite_large,6.9,7.0,-0.0067656442252232996,0.0067656442252232996
finite_large,7.0,7.1000000000000005,-0.00643645707255347,0.00643645707255347
finite_large,7.1000000000000005,7.2,-0.006119829587147185,0.006119829587147185
finite_large,7.2,7.300000000000001,-0.0058155432913833405,0.0058155432913833405
finite_large,7.300000000000001,7.4,-0.005523363701857464,0.005523363701857464
finite_large,7.4,7.5,-0.005243041870037546,0.005243041870037546
finite_large,7.5,7.6000000000000005,-0.0049743159292514605,0.0049743159292514605
finite_large,7.6000000000000005,7.7,-0.004716912634634918,0.004716912634634918
finite_large,7.7,7.800000000000001,-0.004470548883760861,0.004470548883760861
finite_large,7.800000000000001,7.9,-0.0042349332067732615,0.0042349332067732615
finite_large,7.9,8.0,-0.004009767216094362,0.004009767216094806
finite_large,8.0,8.1,-0.0037947470069474853,0.0037947470069474853
finite_large,8.1,8.200000000000001,-0.003589564501254472,0.003589564501254472
finite_large,8.200000000000001,8.3,-0.0033939087285732583,0.0033939087285732583
finite_large,8.3,8.4,-0.003207467039073375,0.003207467039073375
finite_large,8.4,8.5,-0.0030299262445656616,0.0030299262445656616
finite_large,8.5,8.6,-0.002860973684698731,0.002860973684698731
finite_large,8.6,8.700000000000001,-0.002700298216511854,0.002700298216511854
finite_large,8.700000000000001,8.8,-0.0025475911263561635,0.0025475911263561635
finite_large,8.8,8.9,-0.002402546964073826,0.002402546964073826
finite_large,8.9,9.0,-0.002264864300091096,0.002264864300091096
finite_large,9.0,9.1,-0.0021342464066955724,0.0021342464066955724
finite_large,9.1,9.200000000000001,-0.002010401865387701,0.002010401865387701
finite_large,9.200000000000001,9.3,-0.001893045102606905,0.001893045102606461
finite_large,9.3,9.4,-0.0017818968566518656,0.0017818968566518656
finite_large,9.4,9.5,-0.0016766845788187545,0.0016766845788187545
finite_large,9.5,9.600000000000001,-0.0015771427721062992,0.0015771427721062992
finite_large,9.600000000000001,9.700000000000001,-0.0014830132710441646,0.0014830132710441646
finite_large,9.700000000000001,9.8,-0.0013940454662542123,0.0013940454662542123
finite_large,9.8,9.9,-0.0013099964774934136,0.0013099964774934136
finite_large,9.9,10.0,-0.0012306312789378548,0.0012306312789378548
finite_large,10.0,10.100000000000001,-0.0011557227804488424,0.0011557227804488424
finite_large,10.100000000000001,10.200000000000001,-0.001085051868504383,0.001085051868504383
finite_large,10.200000000000001,10.3,-0.0010184074103982699,0.0010184074103982699
finite_large,10.3,10.4,-0.0009555862252426106,0.0009555862252426106
finite_large,10.4,10.5,-0.0008963930251002505,0.0008963930251002505
finite_large,10.5,10.600000000000001,-0.0008406403295120324,0.0008406403295120324
finite_large,10.600000000000001,10.700000000000001,-0.000788148356466678,0.000788148356466678
finite_large,10.700000000000001,10.8,-0.000738744892735177,0.000738744892735177
finite_large,10.8,10.9,-0.0006922651462850649,0.0006922651462850649
finite_large,10.9,11.0,-0.0006485515833329902,0.0006485515833325461
finite_large,11.0,11.100000000000001,-0.0006074537524267676,0.0006074537524263235
finite_large,11.100000000000001,11.200000000000001,-0.000568828097737395,0.000568828097737395
finite_large,11.200000000000001,11.3,-0.0005325377636071771,0.0005325377636071771
finite_large,11.3,11.4,-0.0004984523922120232,0.0004984523922120232
finite_large,11.4,11.5,-0.00046644791602101776,0.00046644791602101776
finite_large,11.5,11.600000000000001,-0.00043640634662245326,0.00043640634662245326
finite_large,11.600000000000001,11.700000000000001,-0.00040821556126613423,0.00040821556126613423
finite_large,11.700000000000001,11.8,-0.0003817690884200253,0.0003817690884200253
finite_large,11.8,11.9,-0.0003569658934123865,0.0003569658934123865
finite_large,11.9,12.0,-0.0003337101651705865,0.0003337101651705865
finite_large,12.0,12.100000000000001,-0.0003119111049167955,0.00031191110491635143
finite_large,12.100000000000001,12.200000000000001,-0.0002914827175894974,0.0002914827175894974
finite_large,12.200000000000001,12.3,-0.00027234360665517876,0.00027234360665517876
finite_large,12.3,12.4,-0.0002544167728373292,0.0002544167728373292
finite_large,12.4,12.5,-0.00023762941729676967,0.00023762941729676967
finite_large,12.5,12.600000000000001,-0.00022191274961991247,0.00022191274961991247
finite_large,12.600000000000001,12.700000000000001,-0.0002072018009573462,0.0002072018009573462
finite_large,12.700000000000001,12.8,-0.0001934352425845276,0.0001934352425845276
finite_large,12.8,12.9,-0.00018055521006843378,0.00018055521006843378
finite_large,12.9,13.0,-0.00016850713320137878,0.00016850713320137878
finite_large,13.0,13.100000000000001,-0.0001572395718121289,0.0001572395718121289
finite_large,13.100000000000001,13.200000000000001,-0.00014670405749450666,0.00014670405749406257
finite_large,13.200000000000001,13.3,-0.00013685494130388776,0.00013685494130388776
finite_large,13.3,13.4,-0.00012764924738850603,0.00012764924738850603
finite_large,13.4,13.5,-0.0001190465325160428,0.0001190465325160428
finite_large,13.5,13.600000000000001,-0.0001110087514701874,0.0001110087514706315
finite_large,13.600000000000001,13.700000000000001,-0.0001035001281757264,0.0001035001281757264
finite_large,13.700000000000001,13.8,-9.648703249398594e-05,9.648703249398594e-05
finite_large,13.8,13.9,-8.993786254563041e-05,8.99378625460745e-05
finite_large,13.9,14.0,-8.38229324382489e-05,8.382293243869299e-05
finite_large,14.0,14.100000000000001,-7.811436525617665e-05,7.811436525617665e-05
finite_large,14.100000000000001,14.200000000000001,-7.278599115645434e-05,7.278599115645434e-05
finite_large,14.200000000000001,14.3,-6.781325041704811e-05,6.781325041704811e-05
finite_large,14.3,14.4,-6.31731012916692e-05,6.31731012916692e-05
finite_large,14.4,14.5,-5.8843932443597424e-05,5.8843932443597424e-05
finite_large,14.5,14.600000000000001,-5.4805479899222576e-05,5.4805479899222576e-05
finite_large,14.600000000000001,14.700000000000001,-5.103874823131349e-05,5.103874823131349e-05
finite_large,14.700000000000001,14.8,-4.752593590295895e-05,4.752593590295895e-05
finite_large,14.8,14.9,-4.425036453548081e-05,4.425036453548081e-05
finite_large,14.9,15.0,-4.119641197841695e-05,4.1196411978861036e-05
finite_large,15.0,15.100000000000001,-3.83494489963887e-05,3.83494489963887e-05
finite_large,15.100000000000001,15.200000000000001,-3.569577941098245e-05,3.569577941098245e-05
finite_large,15.200000000000001,15.3,-3.322258356597274e-05,3.322258356641683e-05
finite_large,15.3,15.4,-3.0917864922264116e-05,3.0917864922264116e-05
finite_large,15.4,15.5,-2.8770399664423962e-05,2.8770399664423962e-05
finite_large,15.5,15.600000000000001,-2.6769689174921396e-05,2.6769689174921396e-05
finite_large,15.600000000000001,15.700000000000001,-2.490591520643015e-05,2.490591520643015e-05
finite_large,15.700000000000001,15.8,-2.3169897651165172e-05,2.3169897651165172e-05
finite_large,15.8,15.9,-2.1553054744494204e-05,2.1553054744494204e-05
finite_large,15.9,16.0,-2.0047365620001756e-05,2.0047365620001756e-05
finite_large,16.0,16.1,-1.864533504436494e-05,1.864533504480903e-05
finite_large,16.1,16.2,-1.7339960244777686e-05,1.7339960244777686e-05
finite_large,16.2,16.3,-1.6124699714348267e-05,1.6124699714348267e-05
finite_large,16.3,16.400000000000002,-1.4993443902433512e-05,1.4993443902433512e-05
finite_large,16.400000000000002,16.5,-1.3940487642472021e-05,1.3940487642472021e-05
finite_large,16.5,16.6,-1.2960504268688666e-05,1.2960504269132755e-05
finite_large,16.6,16.7,-1.204852131153622e-05,1.204852131153622e-05
finite_large,16.7,16.8,-1.1199897668623393e-05,1.1199897668623393e-05
finite_large,16.8,16.900000000000002,-1.0410302194285848e-05,1.0410302194285848e-05
finite_large,16.900000000000002,17.0,-9.675693606769897e-06,9.675693606769897e-06
finite_large,17.0,17.1,-8.992301627763766e-06,8.992301627763766e-06
finite_large,17.1,17.2,-8.356609333848297e-06,8.356609334292386e-06
finite_large,17.2,17.3,-7.765336575538129e-06,7.765336575538129e-06
finite_large,17.3,17.400000000000002,-7.215424462136966e-06,7.215424462136966e-06
finite_large,17.400000000000002,17.5,-6.704020817593914e-06,6.704020817593914e-06
finite_large,17.5,17.6,-6.2284665547363005e-06,6.2284665547363005e-06
finite_large,17.6,17.7,-5.786282931019571e-06,5.786282931019571e-06
finite_large,17.7,17.8,-5.375159596310297e-06,5.375159596310297e-06
finite_large,17.8,17.900000000000002,-4.992943425374818e-06,4.992943425374818e-06
finite_large,17.900000000000002,18.0,-4.637628053361098e-06,4.637628053361098e-06
finite_large,18.0,18.1,-4.307344094289789e-06,4.307344094289789e-06
finite_large,18.1,18.2,-4.0003499890417515e-06,4.0003499890417515e-06
finite_large,18.2,18.3,-3.7150234488692035e-06,3.7150234488692035e-06
finite_large,18.3,18.400000000000002,-3.449853455350649e-06,3.449853455350649e-06
finite_large,18.400000000000002,18.5,-3.2034327746011115e-06,3.2034327746011115e-06
finite_large,18.5,18.6,-2.9744509721929546e-06,2.9744509721929546e-06
finite_large,18.6,18.7,-2.761687887264941e-06,2.761687887264941e-06
finite_large,18.7,18.8,-2.564007514749278e-06,2.564007514749278e-06
finite_large,18.8,18.900000000000002,-2.3803523194754206e-06,2.3803523194754206e-06
finite_large,18.900000000000002,19.0,-2.20973790510115e-06,2.20973790510115e-06
finite_large,19.0,19.1,-2.051248052081789e-06,2.051248052081789e-06
finite_large,19.1,19.200000000000003,-1.9040300620609685e-06,1.9040300620609685e-06
finite_large,19.200000000000003,19.3,-1.7672904428778224e-06,1.7672904428778224e-06
finite_large,19.3,19.400000000000002,-1.6402908564749907e-06,1.6402908564749907e-06
finite_large,19.400000000000002,19.5,-1.5223443430301131e-06,1.5223443430301131e-06
finite_large,19.5,19.6,-1.412811812873116e-06,1.412811812873116e-06
finite_large,19.6,19.700000000000003,-1.3110987486797399e-06,1.3110987486797399e-06
finite_large,19.700000000000003,19.8,-1.2166521550227571e-06,1.2166521550227571e-06
finite_large,19.8,19.900000000000002,-1.1289576922202116e-06,1.1289576922202116e-06
finite_large,19.900000000000002,20.0,-1.0475370189055866e-06,1.0475370189055866e-06
no_reaction,0.0,0.1,0.0,0.0
no_reaction,0.1,0.2,0.0,0.0
no_reaction,0.2,0.30000000000000004,0.0,0.0
no_reaction,0.30000000000000004,0.4,0.0,0.0
no_reaction,0.4,0.5,0.0,0.0
no_reaction,0.5,0.6000000000000001,0.0,0.0
no_reaction,0.6000000000000001,0.7000000000000001,0.0,0.0
no_reaction,0.7000000000000001,0.8,0.0,0.0
no_reaction,0.8,0.9,0.0,0.0
no_reaction,0.9,1.0,0.0,0.0
no_reaction,1.0,1.1,0.0,0.0
no_reaction,1.1,1.2000000000000002,0.0,0.0
no_reaction,1.2000000000000002,1.3,0.0,0.0
no_reaction,1.3,1.4000000000000001,0.0,0.0
no_reaction,1.4000000000000001,1.5,0.0,0.0
no_reaction,1.5,1.6,0.0,0.0
no_reaction,1.6,1.7000000000000002,0.0,0.0
no_reaction,1.7000000000000002,1.8,0.0,0.0
no_reaction,1.8,1.9000000000000001,0.0,0.0
no_reaction,1.9000000000000001,2.0,0.0,0.0
no_reaction,2.0,2.1,0.0,0.0
no_reaction,2.1,2.2,0.0,0.0
no_reaction,2.2,2.3000000000000003,0.0,0.0
no_reaction,2.3000000000000003,2.4000000000000004,0.0,0.0
no_reaction,2.4000000000000004,2.5,0.0,0.0
no_reaction,2.5,2.6,0.0,0.0
no_reaction,2.6,2.7,0.0,0.0
no_reaction,2.7,2.8000000000000003,0.0,0.0
no_reaction,2.8000000000000003,2.9000000000000004,0.0,0.0
no_reaction,2.9000000000000004,3.0,0.0,0.0
no_reaction,3.0,3.1,0.0,0.0
no_reaction,3.1,3.2,0.0,0.0
no_reaction,3.2,3.3000000000000003,0.0,0.0
no_reaction,3.3000000000000003,3.4000000000000004,0.0,0.0
no_reaction,3.4000000000000004,3.5,0.0,0.0
no_reaction,3.5,3.6,0.0,0.0
no_reaction,3.6,3.7,0.0,0.0
no_reaction,3.7,3.8000000000000003,0.0,0.0
no_reaction,3.8000000000000003,3.9000000000000004,0.0,0.0
no_reaction,3.9000000000000004,4.0,0.0,0.0
no_reaction,4.0,4.1000000000000005,0.0,0.0
no_reaction,4.1000000000000005,4.2,0.0,0.0
no_reaction,4.2,4.3,0.0,0.0
no_reaction,4.3,4.4,0.0,0.0
no_reaction,4.4,4.5,0.0,0.0
no_reaction,4.5,4.6000000000000005,0.0,0.0
no_reaction,4.6000000000000005,4.7,0.0,0.0
no_reaction,4.7,4.800000000000001,0.0,0.0
no_reaction,4.800000000000001,4.9,0.0,0.0
no_reaction,4.9,5.0,0.0,0.0
no_reaction,5.0,5.1000000000000005,0.0,0.0
no_reaction,5.1000000000000005,5.2,0.0,0.0
no_reaction,5.2,5.300000000000001,0.0,0.0
no_reaction,5.300000000000001,5.4,0.0,0.0
no_reaction,5.4,5.5,0.0,0.0
no_reaction,5.5,5.6000000000000005,0.0,0.0
no_reaction,5.6000000000000005,5.7,0.0,0.0
no_reaction,5.7,5.800000000000001,0.0,0.0
no_reaction,5.800000000000001,5.9,0.0,0.0
no_reaction,5.9,6.0,0.0,0.0
no_reaction,6.0,6.1000000000000005,0.0,0.0
no_reaction,6.1000000000000005,6.2,0.0,0.0
no_reaction,6.2,6.300000000000001,0.0,0.0
no_reaction,6.300000000000001,6.4,0.0,0.0
no_reaction,6.4,6.5,0.0,0.0
no_reaction,6.5,6.6000000000000005,0.0,0.0
no_reaction,6.6000000000000005,6.7,0.0,0.0
no_reaction,6.7,6.800000000000001,0.0,0.0
no_reaction,6.800000000000001,6.9,0.0,0.0
no_reaction,6.9,7.0,0.0,0.0
no_reaction,7.0,7.1000000000000005,0.0,0.0
no_reaction,7.1000000000000005,7.2,0.0,0.0
no_reaction,7.2,7.300000000000001,0.0,0.0
no_reaction,7.300000000000001,7.4,0.0,0.0
no_reaction,7.4,7.5,0.0,0.0
no_reaction,7.5,7.6000000000000005,0.0,0.0
no_reaction,7.6000000000000005,7.7,0.0,0.0
no_reaction,7.7,7.800000000000001,0.0,0.0
no_reaction,7.800000000000001,7.9,0.0,0.0
no_reaction,7.9,8.0,0.0,0.0
no_reaction,8.0,8.1,0.0,0.0
no_reaction,8.1,8.200000000000001,0.0,0.0
no_reaction,8.200000000000001,8.3,0.0,0.0
no_reaction,8.3,8.4,0.0,0.0
no_reaction,8.4,8.5,0.0,0.0
no_reaction,8.5,8.6,0.0,0.0
no_reaction,8.6,8.700000000000001,0.0,0.0
no_reaction,8.700000000000001,8.8,0.0,0.0
no_reaction,8.8,8.9,0.0,0.0
no_reaction,8.9,9.0,0.0,0.0
no_reaction,9.0,9.1,0.0,0.0
no_reaction,9.1,9.200000000000001,0.0,0.0
no_reaction,9.200000000000001,9.3,0.0,0.0
no_reaction,9.3,9.4,0.0,0.0
no_reaction,9.4,9.5,0.0,0.0
no_reaction,9.5,9.600000000000001,0.0,0.0
no_reaction,9.600000000000001,9.700000000000001,0.0,0.0
no_reaction,9.700000000000001,9.8,0.0,0.0
no_reaction,9.8,9.9,0.0,0.0
no_reaction,9.9,10.0,0.0,0.0
no_reaction,10.0,10.100000000000001,0.0,0.0
no_reaction,10.100000000000001,10.200000000000001,0.0,0.0
no_reaction,10.200000000000001,10.3,0.0,0.0
no_reaction,10.3,10.4,0.0,0.0
no_reaction,10.4,10.5,0.0,0.0
no_reaction,10.5,10.600000000000001,0.0,0.0
no_reaction,10.600000000000001,10.700000000000001,0.0,0.0
no_reaction,10.700000000000001,10.8,0.0,0.0
no_reaction,10.8,10.9,0.0,0.0
no_reaction,10.9,11.0,0.0,0.0
no_reaction,11.0,11.100000000000001,0.0,0.0
no_reaction,11.100000000000001,11.200000000000001,0.0,0.0
no_reaction,11.200000000000001,11.3,0.0,0.0
no_reaction,11.3,11.4,0.0,0.0
no_reaction,11.4,11.5,0.0,0.0
no_reaction,11.5,11.600000000000001,0.0,0.0
no_reaction,11.600000000000001,11.700000000000001,0.0,0.0
no_reaction,11.700000000000001,11.8,0.0,0.0
no_reaction,11.8,11.9,0.0,0.0
no_reaction,11.9,12.0,0.0,0.0
no_reaction,12.0,12.100000000000001,0.0,0.0
no_reaction,12.100000000000001,12.200000000000001,0.0,0.0
no_reaction,12.200000000000001,12.3,0.0,0.0
no_reaction,12.3,12.4,0.0,0.0
no_reaction,12.4,12.5,0.0,0.0
no_reaction,12.5,12.600000000000001,0.0,0.0
no_reaction,12.600000000000001,12.700000000000001,0.0,0.0
no_reaction,12.700000000000001,12.8,0.0,0.0
no_reaction,12.8,12.9,0.0,0.0
no_reaction,12.9,13.0,0.0,0.0
no_reaction,13.0,13.100000000000001,0.0,0.0
no_reaction,13.100000000000001,13.200000000000001,0.0,0.0
no_reaction,13.200000000000001,13.3,0.0,0.0
no_reaction,13.3,13.4,0.0,0.0
no_reaction,13.4,13.5,0.0,0.0
no_reaction,13.5,13.600000000000001,0.0,0.0
no_reaction,13.600000000000001,13.700000000000001,0.0,0.0
no_reaction,13.700000000000001,13.8,0.0,0.0
no_reaction,13.8,13.9,0.0,0.0
no_reaction,13.9,14.0,0.0,0.0
no_reaction,14.0,14.100000000000001,0.0,0.0
no_reaction,14.100000000000001,14.200000000000001,0.0,0.0
no_reaction,14.200000000000001,14.3,0.0,0.0
no_reaction,14.3,14.4,0.0,0.0
no_reaction,14.4,14.5,0.0,0.0
no_reaction,14.5,14.600000000000001,0.0,0.0
no_reaction,14.600000000000001,14.700000000000001,0.0,0.0
no_reaction,14.700000000000001,14.8,0.0,0.0
no_reaction,14.8,14.9,0.0,0.0
no_reaction,14.9,15.0,0.0,0.0
no_reaction,15.0,15.100000000000001,0.0,0.0
no_reaction,15.100000000000001,15.200000000000001,0.0,0.0
no_reaction,15.200000000000001,15.3,0.0,0.0
no_reaction,15.3,15.4,0.0,0.0
no_reaction,15.4,15.5,0.0,0.0
no_reaction,15.5,15.600000000000001,0.0,0.0
no_reaction,15.600000000000001,15.700000000000001,0.0,0.0
no_reaction,15.700000000000001,15.8,0.0,0.0
no_reaction,15.8,15.9,0.0,0.0
no_reaction,15.9,16.0,0.0,0.0
no_reaction,16.0,16.1,0.0,0.0
no_reaction,16.1,16.2,0.0,0.0
no_reaction,16.2,16.3,0.0,0.0
no_reaction,16.3,16.400000000000002,0.0,0.0
no_reaction,16.400000000000002,16.5,0.0,0.0
no_reaction,16.5,16.6,0.0,0.0
no_reaction,16.6,16.7,0.0,0.0
no_reaction,16.7,16.8,0.0,0.0
no_reaction,16.8,16.900000000000002,0.0,0.0
no_reaction,16.900000000000002,17.0,0.0,0.0
no_reaction,17.0,17.1,0.0,0.0
no_reaction,17.1,17.2,0.0,0.0
no_reaction,17.2,17.3,0.0,0.0
no_reaction,17.3,17.400000000000002,0.0,0.0
no_reaction,17.400000000000002,17.5,0.0,0.0
no_reaction,17.5,17.6,0.0,0.0
no_reaction,17.6,17.7,0.0,0.0
no_reaction,17.7,17.8,0.0,0.0
no_reaction,17.8,17.900000000000002,0.0,0.0
no_reaction,17.900000000000002,18.0,0.0,0.0
no_reaction,18.0,18.1,0.0,0.0
no_reaction,18.1,18.2,0.0,0.0
no_reaction,18.2,18.3,0.0,0.0
no_reaction,18.3,18.400000000000002,0.0,0.0
no_reaction,18.400000000000002,18.5,0.0,0.0
no_reaction,18.5,18.6,0.0,0.0
no_reaction,18.6,18.7,0.0,0.0
no_reaction,18.7,18.8,0.0,0.0
no_reaction,18.8,18.900000000000002,0.0,0.0
no_reaction,18.900000000000002,19.0,0.0,0.0
no_reaction,19.0,19.1,0.0,0.0
no_reaction,19.1,19.200000000000003,0.0,0.0
no_reaction,19.200000000000003,19.3,0.0,0.0
no_reaction,19.3,19.400000000000002,0.0,0.0
no_reaction,19.400000000000002,19.5,0.0,0.0
no_reaction,19.5,19.6,0.0,0.0
no_reaction,19.6,19.700000000000003,0.0,0.0
no_reaction,19.700000000000003,19.8,0.0,0.0
no_reaction,19.8,19.900000000000002,0.0,0.0
no_reaction,19.900000000000002,20.0,0.0,0.0
