scenario_id,tau,u_core,u_surface,carbon_mean,carbon_max,co2_body,co2_generated,co2_net_out,u_res,v_res
base,0.0,1.0,1.0,1.0,1.0,0.0,0.0,0.0,,
base,0.1,0.8264564148248852,0.8602101076031341,0.9128748698195376,0.9131031336243652,0.16662314784237814,0.17425026036092506,0.007627112518546904,,
base,0.2,0.6970991443136696,0.7713874728195274,0.8450857286877643,0.8464040049840964,0.28349296389979445,0.3098285426244717,0.026335578724677195,,
base,0.30000000000000004,0.6019041038340426,0.7098397109710344,0.7901405580276967,0.7933716119826781,0.36726704685879075,0.419718883944607,0.05245183708581614,,
base,0.4,0.5320274010675312,0.6659076464840591,0.7440868493691428,0.7497762528566942,0.4280414286326799,0.5118263012617148,0.08378487262903475,,
base,0.5,0.480715808114145,0.6342185660059962,0.7043917294021884,0.712849086457503,0.47235215502752037,0.5912165411956227,0.11886438616810255,,
base,0.6000000000000001,0.44311582150920736,0.61138361212141,0.6693689087015761,0.6807371742930918,0.5046149075875506,0.6612621825968488,0.15664727500929732,,
base,0.7000000000000001,0.4157637533030827,0.5951100799311742,0.6378621708168063,0.6521705754920386,0.5279059133072006,0.7242756583663885,0.19636974505918692,,
base,0.8,0.39616584582673986,0.5837827514922037,0.6090601341633447,0.626260168783966,0.5444188108561271,0.7818797316733118,0.23746092081718356,,
base,0.9,0.38250386747140336,0.5762341472784291,0.5823827395999924,0.6023723032847358,0.5557469099264734,0.8352345208000163,0.2794876108735417,,
base,1.0,0.3734354230862238,0.5716050548832342,0.5574090343844135,0.5800489065707968,0.563064889616134,0.8851819312311746,0.3221170416150392,,
base,1.1,0.36795815137538374,0.5692543370105431,0.5338297780743552,0.5589551393878213,0.5672495949318586,0.932340443851291,0.3650908489194311,,
base,1.2000000000000002,0.3653160988951313,0.5686981837677793,0.5114155168755156,0.538844221540782,0.5689624667461162,0.9771689662489702,0.40820649950285265,,
base,1.3,0.36493411952511534,0.5695680240124102,0.48999459849242705,0.5195332629023282,0.5687070160755093,1.0200108030151462,0.4513037869396366,,
base,1.4000000000000001,0.3663711869934786,0.5715807396660199,0.46943774574732994,0.5008863302082964,0.5668696280405882,1.0611245085053411,0.4942548804647521,,
base,1.5,0.3692866959084683,0.5745172283049761,0.4496470571121717,0.48280238111867635,0.5637489769116173,1.1007058857756578,0.5369569088640386,,
base,1.6,0.37341583379436916,0.578206757796651,0.43054805441262367,0.46520653873018436,0.5595775098097587,1.1389038911747535,0.5793263813649936,,
base,1.7000000000000002,0.3785513855067149,0.5825154126514337,0.412083863872913,0.4480436992674409,0.5545373153283605,1.1758322722541736,0.6212949569258133,,
base,1.8,0.38453016097000126,0.587337474945884,0.39421091285257714,0.4312737945326186,0.5487719600820689,1.211578174294845,0.6628062142127765,,
base,1.9000000000000001,0.39122278567810076,0.592588937256461,0.3768957173177009,0.4148682437119134,0.5423953940430738,1.2462085653645976,0.7038131713215248,,
base,2.0,0.39852596280450214,0.5982025819263839,0.3601124630703894,0.39880727005192584,0.5354987019230504,1.2797750738592204,0.7442763719361716,,
base,2.1,0.40635656883121773,0.6041242223785158,0.3438411703462805,0.3830778529226822,0.5281552566918283,1.3123176593074395,0.784162402615612,,
base,2.2,0.4146471206497726,0.6103098140294574,0.32806629094188583,0.3676721509383545,0.5204246777170254,1.3438674181162278,0.8234427403992045,,
base,2.3000000000000003,0.4233422762478691,0.6167232210272626,0.31277562859630453,0.3525862771803869,0.5123558877979829,1.3744487428073904,0.8620928550094102,,
base,2.4000000000000004,0.4323961197377887,0.6233344810960812,0.2979595027395035,0.33781933960273625,0.5039894861724888,1.4040809945209936,0.9000915083485068,,
base,2.5,0.4417700454560506,0.6301184511848881,0.28361009673997345,0.3233726825957866,0.4953595988908276,1.4327798065200548,0.9374202076292281,,
base,2.6,0.4514311024781502,0.6370537460493764,0.2697209469753618,0.3092492822312385,0.4864953273879272,1.460558106049278,0.9740627786613516,,
base,2.7,0.4613506951469244,0.6441219035237411,0.25628654012769947,0.2954532597837558,0.4774218862773371,1.4874269197446024,1.0100050334672668,,
base,2.8000000000000003,0.47150356057451226,0.6513067262584976,0.2433019942486769,0.28198948701170257,0.4681614993192739,1.5133960115026457,1.0452345121833762,,
base,2.9000000000000004,0.4818669629789176,0.6585937616491832,0.23076280516947648,0.2688632632697634,0.4587341060607644,1.5384743896610473,1.079740283600286,,
base,3.0,0.49242005888350976,0.6659698906479551,0.2186646443202604,0.2560800494455725,0.4491579193067833,1.5626707113594795,1.1135127920526995,,
base,3.1,0.5031433978792956,0.6734230029154763,0.20700319738619447,0.24364524740386834,0.43944986428093197,1.5859936052276105,1.146543740946682,,
base,3.2,0.5140185317210061,0.6809417408977443,0.19577403575377575,0.2315640164025311,0.42962592329428567,1.60845192849245,1.1788260051981658,,
base,3.3000000000000003,0.5250277106524084,0.6885152993126381,0.18497251460601977,0.21984112004457096,0.4197014043937544,1.6300549707879615,1.210353566394209,,
base,3.4000000000000004,0.5361536505142493,0.6961332695060958,0.17459369296304372,0.20848079891596072,0.4096911483892652,1.650812614073913,1.2411214656846496,,
base,3.5,0.5473793577359076,0.7037855204117963,0.16463227204999184,0.19748666525412734,0.3996096855530157,1.6707354559000152,1.271125770347003,,
base,3.6,0.5586880020148237,0.7114621095879748,0.1550825491917861,0.18686161688715872,0.3894713509132254,1.6898349016164262,1.3003635507032039,,
base,3.7,0.5700628285459235,0.7191532191360891,0.14593838504715256,0.1766077683476602,0.37929036525577264,1.7081232299056928,1.3288328646499248,,
base,3.8000000000000003,0.5814871032277834,0.7268491123234733,0.1371931824504822,0.16672639754944477,0.36908088756850244,1.725613635099034,1.356532747530535,,
base,3.9000000000000004,0.5929440854587544,0.7345401075083398,0.12883987546565953,0.15721790675950342,0.3588570436146387,1.7423202490686802,1.3834632054540437,,
base,4.0,0.6044170240334839,0.742216566556217,0.12087092749892912,0.1480817968328228,0.3486329345265704,1.7582581450021402,1.409625210475573,,
base,4.1000000000000005,0.6158891723271673,0.7498688953852671,0.1132783374898876,0.13931665382797018,0.33842262870961404,1.773443325020224,1.435020696310612,,
base,4.2,0.6273438194651934,0.7574875546176245,0.10605365331784004,0.1309201472065628,0.328240139890567,1.7878926933643196,1.4596525534737537,,
base,4.3,0.6387643345620195,0.7650630785713682,0.09918799163862638,0.1228890388558039,0.31809939380130614,1.8016240167227462,1.4835246229214425,,
base,4.4,0.6501342214084576,0.7725861010239774,0.0926720634155196,0.11521920217355136,0.3080141857244113,1.81465587316896,1.5066416874445498,,
base,4.5,0.6614371812175777,0.7800473863297106,0.08649620443575289,0.10790565043105867,0.29799813092285227,1.8270075911284929,1.5290094602056419,,
base,4.6000000000000005,0.6726571812269855,0.7874378645935385,0.08065041011883903,0.10094257358908774,0.288064609811033,1.8386991797623198,1.5506345699512885,,
base,4.7,0.6837785271156042,0.7947486697034869,0.0751243739299333,0.09432338269654206,0.27822670958568213,1.849751252140131,1.5715245425544508,,
base,4.800000000000001,0.6947859373388457,0.8019711791096916,0.06990752871573928,0.08804076095379638,0.2684971639111551,1.8601849425685186,1.5916877786573647,,
base,4.9,0.7056646176265328,0.8090970543184185,0.06498909028557427,0.08208672048103755,0.2588882921363498,1.8700218194288476,1.6111335272925005,,
base,5.0,0.7164003340297473,0.8161182811474251,0.06035810256899845,0.07645266379951696,0.2494119394035866,1.8792837948619996,1.6298718554584144,,
base,5.1000000000000005,0.7269794830502447,0.823027208868562,0.05600348369590469,0.07112944901396476,0.240079418889415,1.8879930326081868,1.647913613718773,,
base,5.2,0.7373891575414806,0.8298165874465739,0.05191407236646694,0.06610745767973755,0.23090145729101116,1.8961718552670623,1.6652703979760526,,
base,5.300000000000001,0.7476172072342827,0.8364796021706072,0.048078673907527764,0.06137666434985542,0.22188814453869957,1.9038426521849405,1.6819545076462417,,
base,5.4,0.757652292912016,0.8430099050672168,0.04448610544897409,0.056926706825262956,0.21304888857542598,1.9110277891020462,1.6979789005266215,,
base,5.5,0.767483933437934,0.8494016425800962,0.04112523969801803,0.05274695617595384,0.20439237589893608,1.917749520603958,1.7133571447050238,,
base,5.6000000000000005,0.7771025450186066,0.8556494791012671,0.03798504684028492,0.04882658565985852,0.19592653841392954,1.924029906319423,1.7281033679054958,,
base,5.7,0.7864994722687737,0.8617486160395202,0.0350546341531035,0.04515463773882882,0.1876585269919886,1.929890731693786,1.7422322047017995,,
base,5.800000000000001,0.7956670108212206,0.8676948062127654,0.03232328297706411,0.04172008847445209,0.179594691989372,1.9353534340458642,1.7557587420564937,,
base,5.9,0.8045984213968297,0.8734843634496711,0.029780482755283142,0.03851190867825979,0.1717405708296506,1.940439034489427,1.768698463659777,,
base,6.0,0.8132879354115667,0.879114167380695,0.027415961914349384,0.03551912128845647,0.16410088262239625,1.9451680761712948,1.7810671935488984,,
base,6.1000000000000005,0.8217307523457642,0.8845816634874567,0.025219715425116827,0.03273085454585219,0.15667952966327203,1.9495605691497602,1.792881039486488,,
base,6.2,0.8299230292341846,0.8898848585608211,0.023182028943910075,0.03013639064257069,0.14947960554710013,1.9536359421121738,1.8041563365650743,,
base,6.300000000000001,0.8378618627509933,0.8950223117906138,0.021293499494029203,0.02772520961585834,0.14250340952558252,1.9574130010119353,1.8149095914863536,,
base,6.4,0.8455452644605782,0.8999931217725814,0.019545052702564094,0.0254870283537239,0.13575246665662385,1.9609098945948653,1.825157427938242,,
base,6.5,0.8529721298823911,0.9047969097703003,0.017927956657543452,0.023411834667320462,0.12922755322342244,1.9641440866849071,1.8349165334614854,,
base,6.6000000000000005,0.8601422020754921,0.9094337996108033,0.01643383249467214,0.02148991646542448,0.12292872684896183,1.9671323350106509,1.8442036081616897,,
base,6.7,0.8670560304867346,0.9139043946228104,0.015054661860893099,0.019711886137943748,0.1168553606950404,1.9698906762782102,1.8530353155831685,,
base,6.800000000000001,0.8737149258263972,0.9182097520457402,0.013782791433515917,0.01806870031735175,0.11100618111390524,1.9724344171329653,1.8614282360190577,,
base,6.9,0.8801209117379933,0.9223513553468173,0.01261093469865508,0.016551675238917044,0.1053793081139151,1.974778130602687,1.8693988224887705,,
base,7.0,0.8862766740165515,0.9263310848832808,0.011532171211370817,0.015152497962523763,0.09997229800714345,1.9769356575772556,1.8769633595701123,,
base,7.1000000000000005,0.8921855081038931,0.930151187337913,0.010539943572517474,0.013863233751006305,0.09478218762494048,1.978920112854963,1.8841379252300219,,
base,7.2,0.8978512655523114,0.9338142443399516,0.009628052364313654,0.012676329922733463,0.08980553951552205,1.980743895271372,1.8909383557558483,,
base,7.300000000000001,0.9032783001017777,0.9373231406610607,0.008790649288587537,0.01158461651035542,0.08503848757391078,1.9824187014228252,1.8973802138489122,,
base,7.4,0.908471413962447,0.9406810323486471,0.008022228749117096,0.010581304063995371,0.08047678259725649,1.983955542501766,1.9034787599045078,,
base,7.5,0.9134358048358588,0.9438913151275619,0.0073176181131100184,0.009659978936644416,0.07611583730600528,1.985364763773779,1.9092489264677737,,
base,7.6000000000000005,0.9181770141467226,0.9469575933673209,0.006671966877298912,0.008814596383074084,0.07195077042195373,1.9866560662454016,1.9147052958234467,,
base,7.7,0.9227008768942734,0.9498836498764233,0.006080734951995976,0.008039471792197134,0.06797644944643055,1.9878385300960075,1.9198620806495748,,
base,7.800000000000001,0.9270134734694075,0.9526734167491424,0.005539680262365524,0.007329270357444336,0.06418753183436919,1.9889206394752699,1.9247331076408973,,
base,7.9,0.9311210837224706,0.9553309474541559,0.0050448458506962114,0.006678995471298304,0.060578504311722216,1.989910308298609,1.929331803986884,,
base,8.0,0.9350301435077462,0.9578603903192912,0.004592546647099258,0.0060839761094790105,0.05714372013354795,1.9908149067058027,1.9336711865722527,,
base,8.1,0.9387472038752656,0.9602659635331047,0.0041793560592794455,0.00553985344817714,0.05387743412739885,1.9916412878814418,1.9377638537540407,,
base,8.200000000000001,0.9422788930291708,0.9625519317524639,0.003802092515211181,0.005042566934852465,0.050773835410730765,1.9923958149695782,1.9416219795588452,,
base,8.3,0.9456318811249405,0.9647225843761092,0.003457806076039281,0.00458834001004506,0.047827077711548344,1.9930843878479225,1.9452573101363724,,
base,8.4,0.9488128479357165,0.9667822155176233,0.0031437652205687254,0.004173665654858266,0.04503130725801425,1.9937124695588628,1.9486811623008482,,
base,8.5,0.9518284533807113,0.9687351056874335,0.002857443887537566,0.0037952919166825442,0.042380688235255044,1.994285112224926,1.9519044239896692,,
base,8.6,0.9546853108764115,0.970585505172523,0.0025965088476265436,0.0034502075446327203,0.039869425835953216,1.9948069823047483,1.9549375564687912,,
base,8.700000000000001,0.9573899634437479,0.9723376190843928,0.002358807463966078,0.0031356278463115107,0.03749178695564218,1.9952823850720682,1.9577905981164236,,
base,8.8,0.9599488624814884,0.9739955940304516,0.002142355887822015,0.0028489808590512963,0.03524211860404217,1.995715288224356,1.9604731696203115,,
base,8.9,0.962368349097501,0.9755635063512653,0.001945327725209171,0.00258789391182831,0.03311486412049855,1.996109344549581,1.9629944804290798,,
base,9.0,0.9646546378749243,0.9770453518558384,0.0017660432003990104,0.002350180638641316,0.031104577294860953,1.9964679135992012,1.9653633363043372,,
base,9.1,0.9668138029393383,0.9784450369791339,0.0016029588336324504,0.0021338284903090594,0.029205934505251625,1.9967940823327353,1.967588147827481,,
base,9.200000000000001,0.9688517661853651,0.9797663712801566,0.0014546576427801432,0.0019369867793417263,0.02741374499141942,1.9970906847144398,1.9696769397230183,,
base,9.3,0.9707742875163885,0.9810130611949183,0.0013198398721544797,0.0017579552817282322,0.02572295938706933,1.9973603202556915,1.9716373608686202,,
base,9.4,0.972586956948883,0.9821887049562669,0.0011973142461038505,0.001595173410078758,0.02412867663700678,1.9976053715077922,1.9734766948707825,,
base,9.5,0.9742951884328463,0.9832967885916625,0.0010859897403373475,0.0014472099644824365,0.02262614942544318,1.9978280205193246,1.9752018710938795,,
base,9.600000000000001,0.9759042152416888,0.9843406829103425,0.0009848678600597935,0.0013127534605841995,0.021210788240661863,1.99803026427988,1.9768194760392164,,
base,9.700000000000001,0.9774190867883248,0.9853236413927058,0.0008930354108647397,0.001190603028648993,0.019878164198714188,1.9982139291782697,1.9783357649795543,,
base,9.8,0.9788446667288675,0.9862487988970295,0.0008096577458588615,0.001079659872659438,0.01862401074515406,1.9983806845082823,1.9797566737631256,,
base,9.9,0.9801856322209636,0.9871191711015787,0.0007339724705998374,0.0009789192746796362,0.017444224349256313,1.9985320550588004,1.981087830709541,,
base,10.0,0.9814464742101932,0.9879376546037116,0.000665283586049066,0.0008874631267107145,0.01633486429990397,1.9986694328279038,1.9823345685279934,,
base,10.100000000000001,0.9826314986248961,0.9887070276014887,0.0006029560488029383,0.0008044529699655378,0.015292151706557903,1.9987940879023949,1.9835019361958324,,
base,10.200000000000001,0.9837448283670791,0.989429951087538,0.0005464107273088585,0.0007291235198089052,0.014312467802598426,1.998907178545383,1.984594710742781,,
base,10.3,0.9847904059945536,0.9901089704893318,0.0004951197325371257,0.0006607766534603151,0.013392351641992357,1.9990097605349262,1.9856174088929304,,
base,10.4,0.9857719969970316,0.9907465176945484,0.0004486021016148446,0.0005987758368608965,0.012528497273810509,1.9991027957967695,1.9865742985229566,,
base,10.5,0.9866931935764267,0.9913449134047283,0.0004064198131860226,0.0005425409667931874,0.011717750472698359,1.9991871603736273,1.9874694099009258,,
base,10.600000000000001,0.9875574188490063,0.9919063697649368,0.00036817411370113393,0.0004915436043484484,0.01095710509707114,1.9992636517725986,1.9883065466755232,,
base,10.700000000000001,0.9883679313942346,0.992432993221542,0.00033350213442261237,0.00044530257610395617,0.010243699140630402,1.9993329957311547,1.9890892965905214,,
base,10.8,0.989127830082064,0.9929267875644989,0.0003020737796276329,0.00040337991985207693,0.009574810536835324,1.9993958524407445,1.989821041903907,,
base,10.9,0.9898400591170543,0.9933896571146354,0.0002735888672681584,0.0003653771523697848,0.008947852770250782,1.9994528222654637,1.9905049694952106,,
base,11.0,0.9905074132439742,0.9938234100203395,0.0002477745041864023,0.0003309318374933118,0.008360370343264223,1.9995044509916267,1.9911440806483607,,
base,11.100000000000001,0.9911325430654438,0.9942297616317769,0.00022438267886119173,0.00029971443363496515,0.007810034141537003,1.9995512346422784,1.9917412005007389,,
base,11.200000000000001,0.9917179604277393,0.9946103379242339,0.00020318805555992532,0.00027142540081960537,0.007294636736745323,1.999593623888881,1.9922989871521344,,
base,11.3,0.99226604383601,0.9949666789454535,0.00018398595467755943,0.00024579254830310945,0.006812087660677624,1.9996320280906457,1.9928199404299662,,
base,11.4,0.9927790438649615,0.9953002422648682,0.00016659050494658662,0.00022256860484446957,0.006360408680590756,1.9996668189901072,1.993306410309515,,
base,11.5,0.9932590885354581,0.9956124064054269,0.0001508329540906922,0.00020152899472050304,0.00593772910188147,1.9996983340918182,1.993760604989936,,
base,11.600000000000001,0.9937081886315371,0.995904474241311,0.00013656012536217058,0.00018246980358406864,0.0055422811205967535,1.9997268797492749,1.9941845986286777,,
base,11.700000000000001,0.9941282429360331,0.9961776763471886,0.00012363300824333207,0.00016520591926237323,0.005172395245075054,1.9997527339835126,1.9945803387384378,,
base,11.8,0.9945210433663518,0.996433174286828,0.0001119254724006018,0.00014956933356286361,0.004826495803068511,1.999776149055197,1.9949496532521311,,
base,11.9,0.9948882799949945,0.9966720638308298,0.00010132309475362304,0.00013540759209378737,0.004503096548030184,1.9997973538104918,1.9952942572624632,,
base,12.0,0.9952315459421522,0.9968953780950345,9.172209025822465e-05,0.00012258238000980237,0.00420079637584416,1.9998165558194807,1.9956157594436403,,
base,12.100000000000001,0.9955523421301723,0.9971040905927303,8.302833770033596e-05,0.00011096823245655203,0.003918275161115504,1.9998339433245977,1.9959156681634853,,
base,12.200000000000001,0.9958520818918684,0.9972991181952272,7.51564924572232e-05,0.00010045135930955051,0.003654289720204593,1.9998496870150837,1.996195397294883,,
base,12.3,0.9961320954266235,0.9974813239966323,6.802917880278506e-05,9.092857458066708e-05,0.0034076699064705253,1.9998639416423916,1.9964562717359258,,
base,12.4,0.9963936340999457,0.9976515200797823,6.157625491556176e-05,8.230632159944573e-05,0.0031773148416655117,1.999876847490166,1.9966995326485044,,
base,12.5,0.9966378745836624,0.9978104701812895,5.573414429240062e-05,7.449978576649546e-05,0.0029621892860801887,1.9998885317114132,1.9969263424253352,,
base,12.600000000000001,0.996865922835267,0.9979588922545354,5.044522777852978e-05,6.743208732289121e-05,0.002761320148864485,1.9998991095444407,1.9971377893955786,,
base,12.700000000000001,0.9970788179160959,0.9980974609301925,4.565729089745042e-05,6.1033547183937615e-05,0.002573793138925093,1.9999086854182035,1.9973348922792804,,
base,12.8,0.9972775356489965,0.9982268098745284,4.132302160306747e-05,5.524101944910582e-05,0.0023987495559152426,1.9999173539567918,1.997518604400879,,
base,12.9,0.9974629921170239,0.9983475340463093,3.739955398344943e-05,4.999728472403893e-05,0.002235383220072671,1.9999252008920312,1.9976898176719593,,
base,13.0,0.9976360470054131,0.9984601918536012,3.384805382219796e-05,4.5250498876945324e-05,0.00208293753901489,1.999932303892353,1.997849366353339,,
base,13.100000000000001,0.9977975067896991,0.9985653072121758,3.0633342271325854e-05,4.0953692302327206e-05,0.0019407027090560744,1.9999387333154552,1.9979980306063991,,
base,13.200000000000001,0.9979481277733611,0.9986633715075774,2.7723554210484334e-05,3.7064315181716876e-05,0.0018080130481565202,1.999944552891577,1.9981365398434208,,
base,13.3,0.9980886189787741,0.9987548454631707,2.5089828163029422e-05,3.354382461585173e-05,0.0016842444572436849,1.999949820343672,1.9982655758864285,,
base,13.4,0.9982196448956013,0.9988401609167377,2.270602491142452e-05,3.0357309857447644e-05,0.001568812006344717,1.9999545879501752,1.9983857759438317,,
base,13.5,0.9983418280910086,0.9989197225083504,2.0548472204430844e-05,2.7473152200320793e-05,0.0014611676417353922,1.999958903055589,1.9984977354138538,,
base,13.600000000000001,0.9984557516862804,0.9989939092823978,1.8595733177984478e-05,2.486271638092609e-05,0.0013607980101322753,1.9999628085336412,1.9986020105235083,,
base,13.700000000000001,0.9985619617045627,0.9990630762067372,1.6828396322065364e-05,2.2500070624219802e-05,0.0012672223958266886,1.999966343207353,1.9986991208115263,,
base,13.8,0.9986609692945472,0.9991275556120104,1.5228885018630666e-05,2.0361732718838915e-05,0.0011799907665743302,1.9999695422299586,1.9987895514633849,,
base,13.9,0.998753252834947,0.9991876585542002,1.3781284852140974e-05,1.8426439738574678e-05,0.0010986819240076794,1.9999724374302925,1.9988737555062843,,
base,14.0,0.9988392599246521,0.9992436761035284,1.2471187055600128e-05,1.667493923956351e-05,0.0010229017543242386,1.999975057625886,1.9989521558715615,,
base,14.100000000000001,0.9989194092634011,0.9992958805627697,1.1285546602538188e-05,1.5089799957011713e-05,0.0009522815750178372,1.9999774289067913,1.9990251473317746,,
base,14.200000000000001,0.9989940924277875,0.9993445266180573,1.0212553590091023e-05,1.3655240203004463e-05,0.0008864765734582911,1.999979574892817,1.99909309831936,,
base,14.3,0.9990636755473203,0.9993898524251853,9.241516681298776e-06,1.2356972329333776e-05,0.0008251643331830903,1.9999815169666353,1.9991563526334528,,
base,14.4,0.9991285008852,0.9994320806343975,8.362757486919513e-06,1.1182061767545218e-05,0.0007680434438401233,1.9999832744850248,1.9992152310411835,,
base,14.5,0.9991888883283413,0.9994714193565495,7.567514869321875e-06,1.0118799293686048e-05,0.0007148321908097493,1.9999848649702612,1.9992700327794481,,
base,14.600000000000001,0.9992451367910682,0.9995080630734916,6.8478582442108145e-06,9.156585288609316e-06,0.0006652673206352583,1.9999863042835124,1.9993210369628729,,
base,14.700000000000001,0.9992975255367802,0.999542193495424,6.1966090408172986e-06,8.285824877134611e-06,0.0006191028785005599,1.9999876067819196,1.9993685039034137,,
base,14.8,0.9993463154217477,0.9995739803678921,5.60726955845298e-06,7.4978329318030175e-06,0.000576109114110786,1.9999887854608847,1.9994126763467677,,
base,14.9,0.9993917500650626,0.9996035822310118,5.073958527648162e-06,6.784748020240631e-06,0.0005360714524536517,1.9999898520829462,1.9994537806304864,,
base,15.0,0.999434056948612,0.9996311471334118,4.5913527480549656e-06,6.1394544600423e-06,0.0004987895260452511,1.9999908172945058,1.9994920277684538,,
base,15.100000000000001,0.9994734484508105,0.9996568133032969,4.154634233461909e-06,5.555511722327911e-06,0.0004640762653922232,1.9999916907315352,1.9995276144661351,,
base,15.200000000000001,0.9995101228176643,0.9996807097789279,3.7594423471386927e-06,5.0270904953715566e-06,0.00043175704453167935,1.9999924811153083,1.999560724070769,,
base,15.3,0.9995442650746018,0.999702957000743,3.401830458776857e-06,4.548914783569508e-06,0.00040166887863994443,1.9999931963390847,1.9995915274604366,,
base,15.4,0.9995760478823528,0.9997236673672211,3.0782266979417314e-06,4.116209475058267e-06,0.0003736596708302254,1.9999938435466076,1.9996201838757677,,
base,15.5,0.9996056323400087,0.9997429457565241,2.7853984185942233e-06,3.7246528640320198e-06,0.00034758750538698487,1.9999944292031657,1.9996468416977697,,
base,15.600000000000001,0.9996331687382629,0.9997608900158399,2.5204200252372e-06,3.3703336617127335e-06,0.0003233199848105315,1.999994959159952,1.9996716391751326,,
base,15.700000000000001,0.9996587972656756,0.9997775914202722,2.280643843917532e-06,3.0497120734268884e-06,0.0003007336081685991,1.9999954387123142,1.9996947051041365,,
base,15.8,0.9996826486706845,0.9997931351030278,2.063673750971208e-06,2.7595845587353753e-06,0.0002797131883720644,1.999995872652501,1.9997161594641186,,
base,15.9,0.9997048448819313,0.9998076004585718,1.8673412993090439e-06,2.497051927409328e-06,0.0002601513061091514,1.9999962653174048,1.9997361140112846,,
base,16.0,0.9997254995893659,0.9998210615203315,1.6896841064535807e-06,2.259490456573262e-06,0.00024194779828617363,1.9999966206317912,1.9997546728334945,,
base,16.1,0.9997447187884414,0.9998335873144535,1.5289262906818411e-06,2.0445257438499463e-06,0.0002250092789329109,1.9999969421474226,1.9997719328684789,,
base,16.2,0.9997626012896128,0.99984524219104,1.3834607617122258e-06,1.850009038114447e-06,0.00020924869063706868,1.99999723307848,1.999787984387833,,
base,16.3,0.9997792391952157,0.9998560861342121,1.2518331905814444e-06,1.6739958137423794e-06,0.0001945848846743314,1.9999974963336222,1.9998029114489388,,
base,16.400000000000002,0.9997947183457083,0.9998661750522843,1.1327274998709892e-06,1.5147263762607187e-06,0.00018094222809927557,1.9999977345450037,1.9998167923168948,,
base,16.5,0.9998091187371376,0.9998755610492502,1.024952730406197e-06,1.3706083072693224e-06,0.00016825023615648713,1.9999979500945446,1.9998296998583776,,
base,16.6,0.9998225149115945,0.9998842926787289,9.274311541177601e-07,1.2402005746013118e-06,0.00015644322846176042,1.9999981451376971,1.9998417019092245,,
base,16.7,0.9998349763223222,0.9998924151814473,8.391875150496381e-07,1.122199150095037e-06,0.00014546000748967436,1.999998321624974,1.9998528616174744,,
base,16.8,0.9998465676750525,0.9998999707072767,7.593392916381595e-07,1.0154239922184662e-06,0.00013524355798636773,1.9999984813214213,1.9998632377634247,,
base,16.900000000000002,0.9998573492470435,0.9999069985227869,6.870878834821165e-07,9.18807264261052e-07,0.0001257407660050613,1.9999986258242393,1.9998728850582213,,
base,17.0,0.999867377185222,0.9999135352052179,6.217106349694803e-07,8.313826710171252e-07,0.00011690215633680285,1.9999987565787354,1.9998818544223864,,
base,17.1,0.9998767037847406,0.9999196148237255,5.625536164121396e-07,7.52275807947037e-07,0.00010868164718021805,1.9999988748927726,1.9998901932455806,,
base,17.2,0.9998853777491914,0.9999252691087026,5.090250908456599e-07,6.806954268240262e-07,0.0001010363209617856,1.9999989819498234,1.9998979456288506,,
base,17.3,0.9998934444336338,0.9999305276099322,4.605896014494668e-07,6.15925530953243e-07,9.392621028243839e-05,1.9999990788208024,1.9999051526105096,,
base,17.400000000000002,0.9999009460715362,0.9999354178442809,4.167626207005101e-07,5.57318221272954e-07,8.731409802727277e-05,1.999999166474763,1.9999118523767274,,
base,17.5,0.9999079219866632,0.9999399654336019,3.771057079499709e-07,5.042872220961361e-07,8.11653307328887e-05,1.9999992457885887,1.999918080457846,,
base,17.6,0.9999144087908665,0.9999441942334766,3.4122212716287323e-07,4.5630202199657333e-07,7.544764436156268e-05,1.9999993175557502,1.9999238699113784,,
base,17.7,0.999920440568697,0.9999481264533834,3.087528811336763e-07,4.1288257145274047e-07,7.013100168316013e-05,1.999999382494241,1.9999292514925495,,
base,17.8,0.9999260490496853,0.9999517827688449,2.793731226319488e-07,3.7359448439494776e-07,6.51874405145522e-05,1.9999994412537583,1.9999342538132345,,
base,17.900000000000002,0.9999312637690911,0.9999551824260784,2.5278890668185864e-07,3.38044695810915e-07,6.059093211246238e-05,1.9999994944221888,1.9999389034900683,,
base,18.0,0.9999361122178735,0.9999583433396313,2.2873425157404135e-07,3.0587753210087075e-07,5.631724905921e-05,1.9999995425314987,1.999943225282431,,
base,18.1,0.9999406199825853,0.9999612821834649,2.0696847928210932e-07,2.7677115498038385e-07,5.234384202190198e-05,1.9999995860630428,1.999947242221014,,
base,18.2,0.9999448108758509,0.9999640144759087,1.8727380873875138e-07,2.5043434344759373e-07,4.8649724804341065e-05,1.9999996254523835,1.9999509757275726,,
base,18.3,0.9999487070580466,0.9999665546588931,1.6945317794552282e-07,2.266035816979888e-07,4.521536714738809e-05,1.9999996610936437,1.9999544457264915,,
base,18.400000000000002,0.9999523291507625,0.9999689161718316,1.5332827317100763e-07,2.0504042391767696e-07,4.202259476786378e-05,1.9999996933434527,1.9999576707486812,,
base,18.5,0.9999556963425846,0.999971111520511,1.3873774555642763e-07,1.8552910964512792e-07,3.905449615838389e-05,1.999999722524508,1.999960668028346,,
base,18.6,0.9999588264877166,0.999973152341313,1.2553559731655213e-07,1.678744058890314e-07,3.6295335700920435e-05,1.9999997489288046,1.9999634535931006,,
base,18.7,0.9999617361979004,0.9999750494610814,1.1358972141532563e-07,1.5189965445084892e-07,3.373047267545615e-05,1.9999997728205567,1.9999660423478776,,
base,18.8,0.9999644409280919,0.9999768129529252,1.0278058012676118e-07,1.3744500494718566e-07,3.1346285771946845e-05,1.999999794438839,1.999968448153064,,
base,18.900000000000002,0.9999669550563098,0.9999784521882215,9.3000009277572e-08,1.243658158796522e-07,2.913010273903342e-05,1.9999998139999804,1.9999706838972386,,
base,19.0,0.999969291958035,0.9999799758850785,8.415013622239297e-08,1.125312077766297e-07,2.7070134826620232e-05,1.9999998316997258,1.999972761564897,,
base,19.1,0.9999714640755368,0.9999813921534926,7.614240073782084e-08,1.0182275394908597e-07,2.5155415701665486e-05,1.999999847715197,1.9999746922994932,,
base,19.200000000000003,0.99997348298246,0.999982708537421,6.889666904909112e-08,9.213329577625729e-08,2.3375744537380125e-05,1.9999998622066613,1.999976486462121,,
base,19.3,0.9999753594439931,0.9999839320539757,6.234043213324072e-08,8.336587068030674e-08,2.172163299558618e-05,1.9999998753191348,1.9999781536861367,,
base,19.400000000000002,0.9999771034729157,0.9999850692299356,5.640808028434264e-08,7.543274207435148e-08,2.018425584032169e-05,1.9999998871838374,1.9999797029279955,,
base,19.5,0.9999787243817988,0.9999861261357565,5.1040246688191404e-08,6.825452158668425e-08,1.8755404937963182e-05,1.9999998979195046,1.9999811425145635,,
base,19.6,0.9999802308316246,0.9999871084172424,4.6183213443248195e-08,6.175937478572069e-08,1.7427446415235003e-05,1.9999999076335717,1.999982480187152,,
base,19.700000000000003,0.9999816308770612,0.9999880213250464,4.178837408861365e-08,5.588230246440358e-08,1.6193280761558078e-05,1.9999999164232505,1.9999837231424848,,
base,19.8,0.9999829320086238,0.9999888697421375,3.7811747264453344e-08,5.056449029771815e-08,1.5046305676309544e-05,1.9999999243765045,1.9999848780708236,,
base,19.900000000000002,0.999984141191932,0.9999896582093811,3.421353664132515e-08,4.5752720370204964e-08,1.3980381474785701e-05,1.999999931572926,1.9999859511914475,,
base,20.0,0.9999852649042581,0.9999903909493513,3.095773271731294e-08,4.139883868866266e-08,1.2989798879032754e-05,1.9999999380845344,1.9999869482856516,,
reaction_slow,0.0,1.0,1.0,1.0,1.0,0.0,0.0,0.0,,
reaction_slow,0.1,0.9803241105306506,0.9841771083142372,0.9901450730788824,0.9901478206124021,0.01888138351007707,0.01970985384223458,0.0008284703321575131,,
reaction_slow,0.2,0.961698346049284,0.9711952711194763,0.9805625016665164,0.9805810346706365,0.03579913434011961,0.03887499666696693,0.0030758623268473196,,
reaction_slow,0.30000000000000004,0.9446049489429521,0.9598203768991999,0.9712284974701101,0.9712803238088783,0.051006543252072614,0.05754300505977937,0.006536461807706712,,
reaction_slow,0.4,0.9291208511813933,0.9496797480278064,0.9621221641717312,0.9622245195683906,0.06468483674285104,0.07575567165653713,0.011070834913686073,,
reaction_slow,0.5,0.9151623440718075,0.9405901830906622,0.9532249130423155,0.9533933983477737,0.07698462513003994,0.0935501739153691,0.01656554878532912,,
reaction_slow,0.6000000000000001,0.9026062392822611,0.9324321138692476,0.9445201298638979,0.9447684695019987,0.08803795699438567,0.11095974027220387,0.02292178327781815,,
reaction_slow,0.7000000000000001,0.891326727028086,0.9251115184299952,0.9359929333281559,0.936333054460085,0.0979629008811803,0.12801413334368822,0.030051232462507845,,
reaction_slow,0.8,0.8812056885993517,0.9185477073072753,0.9276299776810714,0.9280721688194715,0.10686577391361474,0.144740044637857,0.03787427072424222,,
reaction_slow,0.9,0.8721349977677455,0.9126690473257096,0.919419283254093,0.9199723616310351,0.11484256611387987,0.16116143349181372,0.04631886737793378,,
reaction_slow,1.0,0.8640164665220793,0.9074111632599052,0.9113500880952271,0.9120215563109486,0.12198004201562467,0.17729982380954612,0.05531978179392125,,
reaction_slow,1.1,0.8567611502655081,0.902715946317362,0.9034127170629452,0.9042089047540596,0.12835667498820091,0.19317456587410986,0.06481789088590864,,
reaction_slow,1.2000000000000002,0.8502885270638212,0.8985308541941421,0.8955984659162428,0.8965246565593987,0.13404346921427523,0.2088030681675146,0.074759598953239,,
reaction_slow,1.3,0.844525700406124,0.8948083405923848,0.8878994984734081,0.8889600425776942,0.1391046927241676,0.22420100305318375,0.08509631032901593,,
reaction_slow,1.4000000000000001,0.8394066644409466,0.8915053603860781,0.880308755232695,0.881507171359724,0.14359853449295767,0.23938248953461014,0.09578395504165237,,
reaction_slow,1.5,0.8348716377035901,0.8885829301652356,0.8728198720793671,0.8741589370507895,0.14757769475753924,0.2543602558412662,0.106782561083727,,
reaction_slow,1.6,0.8308664619647924,0.886005734563528,0.8654271078883655,0.8669089374005218,0.15108991594547744,0.2691457842232695,0.11805586827779196,,
reaction_slow,1.7000000000000002,0.8273420605510753,0.8837417724166076,0.8581252799862095,0.8597514007093479,0.15417846055159232,0.2837494400275817,0.1295709794759895,,
reaction_slow,1.8,0.8242539503044949,0.8817620382470408,0.8509097065671047,0.8526811206773084,0.15688254152218584,0.298180586865791,0.14129804534360518,,
reaction_slow,1.9000000000000001,0.8215618017450728,0.8800402353101106,0.843776155271005,0.845693398249216,0.15923771007105056,0.3124476894579905,0.1532099793869401,,
reaction_slow,2.0,0.8192290425176842,0.878552516920942,0.8367207972286146,0.8387839896619458,0.16127620530589198,0.3265584055427716,0.1652822002368797,,
reaction_slow,2.1,0.81722249971461,0.8772772531619176,0.8297401659624862,0.8319490599966547,0.16302726956707872,0.34051966807502787,0.17749239850794948,,
reaction_slow,2.2,0.8155120771310531,0.8761948203883003,0.8228311206063849,0.8251851416228057,0.16451743296083052,0.35433775878723056,0.18982032582640032,,
reaction_slow,2.3000000000000003,0.8140704639283178,0.8752874112274245,0.8159908129686044,0.8184890969939538,0.1657707701978893,0.36801837406279136,0.2022476038649025,,
reaction_slow,2.4000000000000004,0.8128728715508409,0.8745388630112395,0.8092166580203082,0.8118580853188344,0.1668091325199707,0.3815666839593839,0.21475755143941344,,
reaction_slow,2.5,0.811896796073513,0.8739345027983912,0.8025063074383356,0.8052895326867554,0.16765235720454927,0.394987385123329,0.22733502791877994,,
reaction_slow,2.6,0.8111218034494275,0.873461007334249,0.795857625874281,0.7987811052747686,0.1683184568792355,0.4082847482514382,0.2399662913722028,,
reaction_slow,2.7,0.8105293353896524,0.8731062764682191,0.7892686696587966,0.7923306853065606,0.1688237906462545,0.42146266068240723,0.2526388700361525,,
reaction_slow,2.8000000000000003,0.810102533839612,0.8728593186999911,0.7827376676827184,0.7859363494702516,0.16918321881194362,0.43452466463456324,0.2653414458226194,,
reaction_slow,2.9000000000000004,0.8098260822245198,0.8727101476621583,0.7762630042253468,0.7795963495350343,0.16941024283280262,0.44747399154930684,0.27806374871650397,,
reaction_slow,3.0,0.8096860618219177,0.8726496884679039,0.769843203525541,0.7733090949354151,0.16951713192589082,0.460313592948918,0.29079646102302725,,
reaction_slow,3.1,0.809669821785262,0.872669692960783,0.7634769159136566,0.7670731371172572,0.16951503764502543,0.4730461681726872,0.30353113052766156,,
reaction_slow,3.2,0.8097658614909398,0.8727626630005476,0.7571629053421202,0.7608871554622669,0.16941409759332643,0.48567418931576,0.31626009172243313,,
reaction_slow,3.3000000000000003,0.8099637240139557,0.8729217810056935,0.750900038169947,0.754749944627439,0.16922352932545828,0.49819992366010685,0.3289763943346478,,
reaction_slow,3.4000000000000004,0.8102538996566198,0.8731408470511471,0.7446872730720183,0.748660403153558,0.16895171538791057,0.5106254538559647,0.3416737384680534,,
reaction_slow,3.5,0.8106277385613223,0.8734142218891693,0.7385236519577052,0.7426175232124554,0.16860628035151137,0.5229526960845902,0.3543464157330781,,
reaction_slow,3.6,0.8110773715342774,0.8737367753240682,0.7324082917956619,0.7366203813765575,0.16819416060589498,0.5351834164086766,0.3669892558027814,,
reaction_slow,3.7,0.8115956382931309,0.874103839427434,0.7263403772524744,0.7306681303065802,0.16772166760980595,0.5473192454950514,0.37959757788524545,,
reaction_slow,3.8000000000000003,0.8121760224285923,0.8745111661310129,0.7203191540625514,0.7247599912641483,0.16719454522299662,0.559361691874897,0.3921671466519003,,
reaction_slow,3.9000000000000004,0.8128125924397007,0.8749548887796361,0.7143439230552542,0.7188952473658843,0.16661802168424134,0.5713121538894916,0.4046941322052501,,
reaction_slow,4.0,0.8134999482647924,0.8754314872673692,0.7084140347729544,0.7130732375041835,0.16599685674492692,0.5831719304540914,0.4171750737091643,,
reaction_slow,4.1000000000000005,0.8142331727864338,0.8759377564166889,0.7025288846205783,0.7072933508676349,0.16533538441813517,0.5949422307588439,0.42960684634070834,,
reaction_slow,4.2,0.8150077878391637,0.8764707772934901,0.6966879084933151,0.7015550220009865,0.16463755175853878,0.6066241830133701,0.441986631254831,,
reaction_slow,4.3,0.815819714294455,0.8770278911804287,0.6908905788346436,0.6958577263506923,0.16390695404827405,0.6182188423307131,0.4543118882824386,,
reaction_slow,4.4,0.8166652358383244,0.8776066759578725,0.6851364010817295,0.6902009762476298,0.16314686672777495,0.629727197836541,0.466580331108766,,
reaction_slow,4.5,0.8175409660940263,0.8782049246658458,0.6794249104596218,0.6845843172835071,0.16236027437794823,0.6411501790807568,0.478789904702808,,
reaction_slow,4.6000000000000005,0.8184438187755994,0.8788206260420978,0.6737556690895988,0.679007325041882,0.16154989703067446,0.6524886618208028,0.49093876479012766,,
reaction_slow,4.7,0.8193709805881169,0.8794519468510394,0.6681282633805237,0.6734696021486992,0.1607182140581068,0.6637434732389527,0.5030252591808453,,
reaction_slow,4.800000000000001,0.8203198866176229,0.8800972158359757,0.6625423016752181,0.6679707756107802,0.15986748586732277,0.6749153966495638,0.5150479107822403,,
reaction_slow,4.9,0.8212881979782227,0.8807549091430348,0.6569974121266782,0.6625104944138749,0.15899977360529782,0.6860051757466437,0.5270054021413444,,
reaction_slow,5.0,0.8222737815059054,0.8814236370796044,0.6514932407814932,0.6570884273547493,0.15811695705968365,0.6970135184370136,0.5388965613773287,,
reaction_slow,5.1000000000000005,0.8232746913086373,0.8821021320830973,0.6460294498500877,0.6517042610843364,0.15722075092327897,0.7079411002998254,0.5507203493765447,,
reaction_slow,5.2,0.8242891520002913,0.8827892377876284,0.6406057161454553,0.6463576983412529,0.1563127195741851,0.7187885677090904,0.5624758481349035,,
reaction_slow,5.300000000000001,0.8253155434622763,0.8834838990868059,0.6352217296738726,0.6410484563570807,0.15539429050927994,0.7295565406522555,0.5741622501429744,,
reaction_slow,5.4,0.826352386991452,0.8841851531004353,0.6298771923627297,0.6357762654166321,0.15446676655566643,0.7402456152745416,0.5857788487188738,,
reaction_slow,5.5,0.8273983327062113,0.884892120961611,0.6245718169120863,0.6305408675580915,0.15353133697301888,0.7508563661758285,0.5973250292028085,,
reaction_slow,5.6000000000000005,0.8284521480946698,0.88560400034852,0.619305325757894,0.6253420153994311,0.15258908754914546,0.7613893484842128,0.6088002609350667,,
reaction_slow,5.7,0.8295127075997561,0.8863200586923727,0.6140774501360133,0.6201794710788286,0.15164100978149045,0.7718450997279733,0.6202040899464825,,
reaction_slow,5.800000000000001,0.8305789831458711,0.8870396269992978,0.6088879292372298,0.615053005298024,0.15068800922862344,0.7822241415255405,0.6315361322969167,,
reaction_slow,5.9,0.8316500355206651,0.8877620942298395,0.6037365094444369,0.6099623964586598,0.14973091310791037,0.7925269811111262,0.6427960680032155,,
reaction_slow,6.0,0.8327250065335614,0.8884869021849573,0.5986229436440248,0.6049074298825974,0.14877047720845588,0.8027541127119504,0.6539836355034944,,
reaction_slow,6.1000000000000005,0.8338031118799413,0.8892135408521813,0.5935469906042898,0.5998878971081119,0.14780739218197622,0.8129060187914204,0.6650986266094441,,
reaction_slow,6.2,0.8348836346465183,0.8899415441698842,0.5885084144143916,0.5949035952546387,0.14684228926843595,0.8229831711712164,0.6761408819027803,,
reaction_slow,6.300000000000001,0.8359659193994045,0.8906704861715337,0.5835069839780093,0.5899543264494768,0.14587574550801258,0.8329860320439808,0.6871102865359682,,
reaction_slow,6.4,0.8370493668017941,0.8913999774753089,0.5785424725564262,0.5850398973104916,0.1449082884861738,0.8429150548871476,0.6980067664009735,,
reaction_slow,6.5,0.8381334287131024,0.8921296620876915,0.5736146573562813,0.580160118479427,0.1439404006543291,0.8527706852874376,0.7088302846331076,,
reaction_slow,6.6000000000000005,0.8392176037258297,0.8928592144925017,0.5687233191576941,0.5753148042009819,0.14297252326459484,0.8625533616846119,0.719580838420016,,
reaction_slow,6.7,0.8403014331004653,0.8935883369995181,0.5638682419788819,0.5705037719432655,0.14200505995366178,0.8722635160422363,0.7302584560885732,,
reaction_slow,6.800000000000001,0.8413844970623965,0.8943167573291704,0.5590492127737672,0.5657268420556609,0.14103838000753297,0.8819015744524659,0.7408631944449314,,
reaction_slow,6.9,0.8424664114280858,0.8950442264119726,0.5542660211594146,0.5609838374605306,0.140072821335982,0.8914679576811704,0.7513951363451878,,
reaction_slow,7.0,0.8435468245308035,0.8957705163833051,0.5495184591704364,0.5562745833755238,0.13910869318293423,0.9009630816591268,0.7618543884761921,,
reaction_slow,7.1000000000000005,0.8446254144189049,0.8964954187559495,0.5448063210377888,0.55159890706357,0.13814627859657472,0.9103873579244219,0.7722410793278464,,
reaction_slow,7.2,0.8457018863021224,0.8972187427543681,0.5401294029896266,0.5469566376079202,0.1371858366808093,0.9197411940207457,0.7825553573399351,,
reaction_slow,7.300000000000001,0.8467759702235824,0.8979403137961994,0.5354875030721061,0.5423476057098409,0.13622760464772948,0.9290249938557866,0.7927973892080559,,
reaction_slow,7.4,0.8478474189372835,0.8986599721077512,0.5308804209882333,0.5377716435068148,0.1352717996889423,0.9382391580235324,0.8029673583345891,,
reaction_slow,7.5,0.8489160059726253,0.8993775714614923,0.5263079579530363,0.5332285844092941,0.1343186206819982,0.9473840840939265,0.8130654634119278,,
reaction_slow,7.6000000000000005,0.8499815238692386,0.9000929780246127,0.5217699165635022,0.5287182629542371,0.1333682497466759,0.9564601668729942,0.8230919171263174,,
reaction_slow,7.7,0.8510437825669082,0.900806069308736,0.5172661006818757,0.5242405146738454,0.1324208536645427,0.9654677986362477,0.833046944971704,,
reaction_slow,7.800000000000001,0.852102607936732,0.9015167332117532,0.5127963153310386,0.5197951759780454,0.1314765851739927,0.9744073693379217,0.8429307841639277,,
reaction_slow,7.9,0.8531578404409376,0.9022248671435703,0.5083603666008275,0.515382084049419,0.13053558415186187,0.9832792667983439,0.8527436826464809,,
reaction_slow,8.0,0.854209333909901,0.9029303772282963,0.503958061564241,0.5110010767493949,0.12959797869171402,0.9920838768715172,0.8624858981798018,,
reaction_slow,8.1,0.855256954425949,0.9036331775760827,0.49958920820259833,0.5066519925346384,0.1286638860879835,1.0008215835948022,0.8721576975068178,,
reaction_slow,8.200000000000001,0.8563005793044649,0.9043331896184331,0.4952536153387934,0.5023346703826657,0.1277334137343299,1.0094927693224123,0.8817593555880818,,
reaction_slow,8.3,0.8573400961636786,0.9050303415013502,0.490951092577876,0.49804894972581126,0.12680665994381085,1.0180978148442477,0.8912911549004361,,
reaction_slow,8.4,0.8583754020752792,0.9057245675312081,0.4866814502542568,0.4937946703927529,0.12588371469779308,1.0266370994914853,0.9007533847936927,,
reaction_slow,8.5,0.8594064027887095,0.9064158076686842,0.4824444993849085,0.4895716725568769,0.12496466032990299,1.0351110012301825,0.9101463409002793,,
reaction_slow,8.6,0.86043301202264,0.9071040070665078,0.47824005162798755,0.48537979669083375,0.12404957215075242,1.0435198967440247,0.9194703245932718,,
reaction_slow,8.700000000000001,0.861455150817688,0.907789115647164,0.47406791924635805,0.4812188835266953,0.12313851901866184,1.0518641615072848,0.9287256424886212,,
reaction_slow,8.8,0.8624727469449978,0.9084710877170318,0.46992791507555076,0.4770887740211781,0.12223156386113755,1.0601441698489005,0.93791260598776,,
reaction_slow,8.9,0.8634857343657598,0.9091498816137545,0.4658198524957272,0.4729893093254501,0.12132876415143361,1.068360295008548,0.9470315308571118,,
reaction_slow,9.0,0.8644940527372036,0.9098254593839198,0.46174354540726864,0.46892033075908285,0.12043017234414477,1.0765129091854657,0.9560827368413176,,
reaction_slow,9.1,0.8654976469609739,0.9104977864883956,0.4576988082096377,0.4648816797877544,0.11953583627342465,1.0846023835807275,0.9650665473072992,,
reaction_slow,9.200000000000001,0.8664964667701888,0.9111668315328936,0.45368545578319636,0.4608731980043359,0.11864579951710401,1.092629088433611,0.9739832889165025,,
reaction_slow,9.3,0.8674904663517873,0.911832566021555,0.44970330347369564,0.45689472711304546,0.11776010172969321,1.1005933930526122,0.982833291322915,,
reaction_slow,9.4,0.8684796040010792,0.9124949641315493,0.4457521670791736,0.4529461089163621,0.11687877894698959,1.108495665841656,0.9916168868946622,,
reaction_slow,9.5,0.8694638418056959,0.9131540025068436,0.4418318628390309,0.4490271853044422,0.11600186386476737,1.1163362743219416,1.0003344104571699,,
reaction_slow,9.600000000000001,0.8704431453563659,0.9138096600694804,0.4379422074250653,0.4451377982467885,0.11512938609381171,1.1241155851498739,1.0089861990560582,,
reaction_slow,9.700000000000001,0.8714174834821866,0.9144619178468315,0.43408301793427445,0.44127778978594967,0.1142613723933555,1.131833964131455,1.017572591738097,,
reaction_slow,9.8,0.8723868280082583,0.9151107588134465,0.43025411188325147,0.43744700203305703,0.113397846884799,1.1394917762335004,1.0260939293487001,,
reaction_slow,9.9,0.8733511535337399,0.9157561677462166,0.4264553072040116,0.4336452771650089,0.1125388312474247,1.1470893855919797,1.0345505543445528,,
reaction_slow,10.0,0.8743104372285496,0.91639813109171,0.4226864222411084,0.42987245742314373,0.11168434489767055,1.154627155517785,1.0429428106201133,,
reaction_slow,10.100000000000001,0.8752646586470962,0.9170366368446169,0.4189472757499056,0.4261283851132466,0.11083440515338623,1.1621054485001907,1.0512710433468038,,
reaction_slow,10.200000000000001,0.876213799557569,0.9176716744363432,0.41523768689588814,0.42241290260675896,0.10998902738437337,1.1695246262082248,1.0595355988238522,,
reaction_slow,10.3,0.8771578437854357,0.9183032346328776,0.41155747525490244,0.41872585234306264,0.10914822515039561,1.1768850494901975,1.067736824339801,,
reaction_slow,10.4,0.8780967770699231,0.9189313094411281,0.40790646081422854,0.41506707683272953,0.10831201032774097,1.1841870783715454,1.0758750680438047,,
reaction_slow,10.5,0.8790305869323624,0.9195558920230007,0.4042844639743965,0.41143641866163394,0.10748039322532478,1.19143107205121,1.0839506788258861,,
reaction_slow,10.600000000000001,0.8799592625553686,0.9201769766165484,0.4006913055516639,0.4078337204958363,0.1066533826912344,1.1986173888966758,1.0919640062054405,,
reaction_slow,10.700000000000001,0.8808827946719342,0.9207945584635859,0.39712680678108364,0.40425882508715194,0.10583098621053887,1.205746386437835,1.0999154002272973,,
reaction_slow,10.8,0.8818011754635694,0.9214086337432119,0.393590789320093,0.4007115752793287,0.10501320999511464,1.2128184213598168,1.1078052113647037,,
reaction_slow,10.9,0.8827143984667224,0.9220191995107335,0.39008307525256564,0.39719181401476683,0.10420005906617363,1.219833849494872,1.1156337904286988,,
reaction_slow,11.0,0.8836224584867635,0.9226262536415253,0.3866034870932709,0.3936993843417156,0.10339153733011962,1.2267930258134605,1.123401488483342,,
reaction_slow,11.100000000000001,0.8845253515188873,0.9232297947794038,0.38315184779268985,0.390234129421889,0.10258764764830483,1.233696304414623,1.1311086567663198,,
reaction_slow,11.200000000000001,0.8854230746753406,0.9238298222891315,0.3797279807421438,0.3867958925384511,0.10178839190120961,1.240544038515715,1.1387556466145066,,
reaction_slow,11.3,0.886315626118432,0.9244263362126918,0.37633170977919433,0.3833845171043193,0.10099377104752133,1.2473365804416137,1.1463428093940944,,
reaction_slow,11.4,0.8872030049988284,0.9250193372290185,0.37296285919327554,0.3799998466707465,0.10020378517854946,1.2540742816134505,1.1538704964349034,,
reaction_slow,11.5,0.8880852113986977,0.9256088266168839,0.369621253731528,0.3766417249361419,0.09941843356837382,1.260757492536946,1.1613390589685726,,
reaction_slow,11.600000000000001,0.8889622462792653,0.9261948062206704,0.36630671860479963,0.37330999575509183,0.09863771472009068,1.2673865627904024,1.1687488480703117,,
reaction_slow,11.700000000000001,0.8898341114324275,0.9267772784187922,0.363019079493789,0.37000450314755207,0.09786162640848836,1.273961841012424,1.1761002146039354,,
reaction_slow,11.8,0.890700809436066,0.9273562460945282,0.35975816255530274,0.366725091308181,0.09709016571945636,1.280483674889397,1.1833935091699392,,
reaction_slow,11.9,0.8915623436127496,0.9279317126090693,0.356523794428607,0.3634716046157841,0.09632332908640574,1.2869524111427881,1.1906290820563807,,
reaction_slow,12.0,0.8924187179915404,0.9285036817765937,0.35331580224184866,0.36024388764285065,0.0955611123239539,1.2933683955163044,1.1978072831923492,,
reaction_slow,12.100000000000001,0.8932699372726358,0.9290721578411896,0.3501340136185298,0.3570417851651544,0.09480351065910611,1.2997319727629422,1.2049284621038345,,
reaction_slow,12.200000000000001,0.8941160067946097,0.9296371454554793,0.3469782566840171,0.3538651421714022,0.09405051876014564,1.3060434866319681,1.21199296787182,,
reaction_slow,12.3,0.8949569325040316,0.9301986496607944,0.3438483600720709,0.3507138038729114,0.0933021307634258,1.3123032798558596,1.2190011490924322,,
reaction_slow,12.4,0.895792720927264,0.9307566758687711,0.34074415293137844,0.3475876157132962,0.09255834029824173,1.3185116941372441,1.2259533538390008,,
reaction_slow,12.5,0.896623379144253,0.9313112298442503,0.3376654649320802,0.3444864233781544,0.09181914050994329,1.3246690701358392,1.2328499296258961,,
reaction_slow,12.600000000000001,0.8974489147641431,0.9318623176893697,0.334612126272277,0.3414100728047329,0.09108452408143755,1.3307757474554465,1.2396912233740078,,
reaction_slow,12.700000000000001,0.8982693359025655,0.9324099458287458,0.33158396768450543,0.3383584101915651,0.09035448325321585,1.3368320646309884,1.2464775813777709,,
reaction_slow,12.8,0.8990846511604613,0.9329541209956612,0.3285808204421754,0.33533128200806545,0.08962900984202976,1.3428383591156483,1.253209349273616,,
reaction_slow,12.9,0.8998948696043021,0.9334948502191627,0.325602516365958,0.3323285350040729,0.08890809525832871,1.3487949672680821,1.2598868720097514,,
reaction_slow,13.0,0.9007000007476007,0.9340321408120044,0.3226488878301173,0.32935001621933235,0.08819173052256317,1.3547022243397622,1.2665104938171983,,
reaction_slow,13.100000000000001,0.9015000545335993,0.9345660003593608,0.31971976776877925,0.32639557299290717,0.08747990628044797,1.3605604644624392,1.2730805581819886,,
reaction_slow,13.200000000000001,0.9022950413190387,0.9350964367082408,0.3168149896821297,0.32346505297251266,0.08677261281727235,1.366370020635738,1.279597407818464,,
reaction_slow,13.3,0.9030849718589167,0.9356234579575561,0.31393438764253734,0.32055830412376574,0.08606984007133581,1.372131224714923,1.286061384643585,,
reaction_slow,13.4,0.9038698572921554,0.9361470724487786,0.3110777963005963,0.31767517473934315,0.08537157764658283,1.3778444073988054,1.2924728297522203,,
reaction_slow,13.5,0.9046497091281027,0.9366672887571441,0.3082450508910814,0.31481551344804265,0.08467781482450204,1.3835098982178344,1.2988320833933287,,
reaction_slow,13.600000000000001,0.9054245392337963,0.9371841156833547,0.30543598723881543,0.3119791692237407,0.08398854057535066,1.3891280255223668,1.3051394849470133,,
reaction_slow,13.700000000000001,0.9061943598219298,0.9376975622457421,0.3026504417644417,0.30916599139424805,0.08330374356876012,1.3946991164711147,1.3113953729023513,,
reaction_slow,13.8,0.9069591834394657,0.9382076376728511,0.2998882514901,0.30637582965004734,0.08262341218377292,1.4002234970197982,1.3176000848360214,,
reaction_slow,13.9,0.9077190229568348,0.9387143513964086,0.2971492540450024,0.30360853405292165,0.08194753451835741,1.4057014919099937,1.3237539573916317,,
reaction_slow,14.0,0.9084738915576834,0.9392177130446488,0.29443328767090665,0.3008639550444624,0.0812760983984433,1.4111334246581855,1.3298573262597382,,
reaction_slow,14.100000000000001,0.9092238027291157,0.9397177324359682,0.2917401912274839,0.2981419434544546,0.08060909138651584,1.4165196175450303,1.3359105261585102,,
reaction_slow,14.200000000000001,0.9099687702524004,0.9402144195728755,0.2890698041975807,0.29544235050914236,0.07994650078980528,1.4218603916048371,1.341913890815027,,
reaction_slow,14.3,0.9107088081940942,0.9407077846362225,0.28642196669237,0.29276502783936176,0.07928831366810286,1.4271560666152583,1.3478677529471494,,
reaction_slow,14.4,0.9114439308975566,0.9411978379796871,0.2837965194563937,0.2901098274885515,0.07863451684123407,1.432406961087211,1.3537724442459709,,
reaction_slow,14.5,0.9121741529748244,0.9416845901244929,0.28119330387249214,0.2874766019206283,0.07798509689621581,1.437613392255014,1.3596282953587921,,
reaction_slow,14.600000000000001,0.9128994892988109,0.9421680517543404,0.2786121619666207,0.2848652040277315,0.07734004019412209,1.4427756760667576,1.365435635872629,,
reaction_slow,14.700000000000001,0.9136199549958142,0.9426482337105426,0.2760529364125528,0.28227548713783623,0.07669933287668175,1.447894127174894,1.371194794298205,,
reaction_slow,14.8,0.914335565438301,0.9431251469873404,0.27351547053646746,0.27970730502222774,0.07606296087262783,1.4529690589270652,1.3769060980544283,,
reaction_slow,14.9,0.9150463362379553,0.9435988027273916,0.27099960832142217,0.27716051190284346,0.0754309099038187,1.4580007833571558,1.3825698734533278,,
reaction_slow,15.0,0.9157522832389605,0.944069212217411,0.2685051944117092,0.2746349624594775,0.07480316549114732,1.4629896111765817,1.3881864456854256,,
reaction_slow,15.100000000000001,0.9164534225115064,0.9445363868839625,0.26603207411709595,0.272130511836845,0.07417971296025508,1.4679358517658077,1.3937561388055433,,
reaction_slow,15.200000000000001,0.9171497703455,0.9450003382893807,0.26358009341694855,0.26964701565151417,0.07356053744706469,1.4728398131661016,1.3992792757190282,,
reaction_slow,15.3,0.9178413432444658,0.9454610781278188,0.2611490989642381,0.2671843299986926,0.07294562390314469,1.4777018020715231,1.4047561781683682,,
reaction_slow,15.4,0.9185281579196243,0.9459186182214138,0.25873893808943177,0.2647423114588805,0.0723349571009185,1.482522123821135,1.4101871667202073,,
reaction_slow,15.5,0.9192102312841319,0.9463729705165548,0.2563494588042654,0.2623208171043833,0.07172852163872868,1.4873010823914683,1.41557256075273,,
reaction_slow,15.600000000000001,0.9198875804474747,0.9468241470802573,0.25398050980540077,0.259919704505685,0.07112630194576611,1.4920389803891991,1.4209126784434214,,
reaction_slow,15.700000000000001,0.9205602227100029,0.9472721600966242,0.2516319404779661,0.2575388317376823,0.0705282822868739,1.4967361190440684,1.4262078367571829,,
reaction_slow,15.8,0.9212281755576002,0.9477170218634026,0.2493036008989805,0.2551780573857807,0.06993444676723422,1.5013927982020392,1.431458351434793,,
reaction_slow,15.9,0.9218914566564732,0.9481587447886112,0.24699534184066296,0.25283724055185064,0.06934477933694531,1.5060093163186732,1.436664536981716,,
reaction_slow,16.0,0.9225500838480618,0.9485973413872525,0.2447070147736264,0.2505162408600464,0.06875926379549634,1.5105859704527458,1.441826706657237,,
reaction_slow,16.1,0.9232040751440509,0.9490328242780927,0.24243847186995623,0.24821491846248667,0.06817788379614559,1.5151230562600864,1.4469451724639268,,
reaction_slow,16.2,0.9238534487214931,0.9494652061805101,0.24018956600617616,0.2459331340447981,0.06760062285020893,1.5196208679876468,1.452020245137423,,
reaction_slow,16.3,0.9244982229180206,0.9498944999114041,0.23796015076609903,0.24367074883152035,0.06702746433126268,1.5240796984678013,1.4570522341365248,,
reaction_slow,16.400000000000002,0.9251384162271511,0.9503207183821689,0.23575008044356605,0.2414276245913755,0.06645839147926647,1.528499839112869,1.4620414476335855,,
reaction_slow,16.5,0.9257740472936773,0.9507438745957183,0.23355921004507335,0.23920362364240189,0.06589338740461007,1.5328815799098532,1.466988192505228,,
reaction_slow,16.6,0.9264051349091402,0.9511639816435672,0.23138739529228697,0.23699860885695123,0.06533243509208844,1.5372252094154253,1.4718927743233214,,
reaction_slow,16.7,0.9270316980073783,0.9515810527029623,0.2292344926244482,0.23481244366655374,0.06477551740480862,1.541531014751103,1.4767554973462795,,
reaction_slow,16.8,0.9276537556601482,0.9519951010340634,0.22710035920066804,0.23264499206664624,0.06422261708803126,1.5457992815986639,1.4815766645106168,,
reaction_slow,16.900000000000002,0.9282713270728196,0.9524061399771673,0.2249848529021138,0.2304961186211698,0.06367371677295061,1.5500302941957724,1.4863565774228067,,
reaction_slow,17.0,0.9288844315801325,0.9528141829499789,0.22288783233408696,0.22836568846703467,0.06312879898041511,1.5542243353318261,1.4910955363513958,,
reaction_slow,17.1,0.9294930886420225,0.9532192434449223,0.2208091568279943,0.22625356731845295,0.06258784612459102,1.558381686344012,1.4957938402194055,,
reaction_slow,17.2,0.9300973178395039,0.9536213350264948,0.21874868644321316,0.22415962147114252,0.062050840516571906,1.5625026271135751,1.5004517865969864,,
reaction_slow,17.3,0.9306971388706162,0.9540204713286571,0.21670628196885086,0.22208371780639974,0.06151776436793526,1.5665874360623007,1.5050696716943481,,
reaction_slow,17.400000000000002,0.9312925715464231,0.9544166660522636,0.21468180492540104,0.2200257237950462,0.06098859979424876,1.5706363901492004,1.5096477903549348,,
reaction_slow,17.5,0.9318836357870715,0.9548099329625283,0.21267511756629565,0.21798550750124557,0.06046332881852736,1.5746497648674107,1.5141864360488666,,
reaction_slow,17.6,0.9324703516179021,0.9552002858865246,0.2106860828793556,0.21596293758619567,0.05994193337464302,1.5786278342412903,1.5186859008666307,,
reaction_slow,17.7,0.9330527391656099,0.9555877387107213,0.2087145645881406,0.21395788331169546,0.059424395310688265,1.5825708708237203,1.5231464755130153,,
reaction_slow,17.8,0.9336308186544587,0.9559723053785533,0.20676042715319787,0.21197021454358678,0.05891069639229501,1.5864791456936063,1.5275684493012927,,
reaction_slow,17.900000000000002,0.9342046104025434,0.9563539998880185,0.20482353577321355,0.20999980175507388,0.058400818305909576,1.5903529284535756,1.531952110147646,,
reaction_slow,18.0,0.9347741348181021,0.9567328362893144,0.2029037563860652,0.20804651602992125,0.05789474266202489,1.5941924872278737,1.536297744565828,,
reaction_slow,18.1,0.9353394123958727,0.9571088286825008,0.2010009556697775,0.20611022906552917,0.05739245099837104,1.5979980886604488,1.5406056376620558,,
reaction_slow,18.2,0.9359004637134969,0.9574819912151938,0.19911500104338362,0.20419081317589233,0.05689392478306483,1.6017699979132376,1.5448760731301494,,
reaction_slow,18.3,0.9364573094279727,0.9578523380802915,0.19724576066769087,0.2022881412944375,0.05639914541771887,1.6055084786646237,1.5491093332468808,,
reaction_slow,18.400000000000002,0.9370099702721458,0.9582198835137262,0.19539310344595387,0.2004020869767463,0.055908094240511415,1.609213793108097,1.5533056988675629,,
reaction_slow,18.5,0.9375584670512519,0.9585846417922478,0.19355689902445555,0.19853252440316005,0.055420752529217,1.6128862019510946,1.5574654494218536,,
reaction_slow,18.6,0.9381028206394959,0.9589466272312354,0.19173701779299648,0.1966793283812711,0.05493710150419864,1.6165259644140115,1.5615888629097907,,
reaction_slow,18.7,0.9386430519766777,0.959305854182536,0.1899333308852957,0.19484237434830065,0.05445712233136237,1.6201333382294123,1.5656762158980289,,
reaction_slow,18.8,0.9391791820648613,0.9596623370323314,0.18814571017930173,0.19302153837336447,0.05398079612507387,1.6237085796414,1.5697277835163073,,
reaction_slow,18.900000000000002,0.9397112319650828,0.9600160901990334,0.18637402829741703,0.19121669715962722,0.053508103951038416,1.6272519434051689,1.5737438394541123,,
reaction_slow,19.0,0.9402392227941008,0.9603671281312072,0.1846181586066357,0.18942772804634733,0.053039026829143805,1.6307636827867311,1.577724655957568,,
reaction_slow,19.1,0.9407631757211905,0.9607154653055169,0.1828779752185965,0.18765450901081399,0.052573545736266984,1.6342440495628092,1.5816705038265224,,
reaction_slow,19.200000000000003,0.9412831119649755,0.9610611162247041,0.18115335298955193,0.18589691867017713,0.05211164160904462,1.637693294020898,1.5855816524118342,,
reaction_slow,19.3,0.941799052790302,0.9614040954155886,0.1794441675202547,0.18415483628317109,0.05165329534660777,1.6411116649594921,1.5894583696128655,,
reaction_slow,19.400000000000002,0.9423110195051518,0.9617444174270988,0.17775029515576238,0.18242814175173394,0.051198487813280846,1.6444994096884762,1.593300921875178,,
reaction_slow,19.5,0.9428190334575985,0.9620820968283238,0.17607161298516275,0.1807167156225249,0.05074719984124551,1.647856774029676,1.597109574188412,,
reaction_slow,19.6,0.9433231160327982,0.9624171482065965,0.174407998841219,0.17902043908833828,0.050299412233169034,1.6511840023175632,1.6008845900843751,,
reaction_slow,19.700000000000003,0.943823288650026,0.9627495861656004,0.17275933129993826,0.17733919398941855,0.049855105764797965,1.6544813374001248,1.604626231635308,,
reaction_slow,19.8,0.9443195727597469,0.9630794253235001,0.17112548968006233,0.17567286281467545,0.04941426118751681,1.6577490206398768,1.6083347594523405,,
reaction_slow,19.900000000000002,0.9448119898407293,0.963406680311102,0.16950635404248396,0.17402132870280151,0.04897685923087219,1.6609872919150326,1.6120104326841411,,
reaction_slow,20.0,0.9453005613971952,0.9637313657700364,0.16790180518958858,0.17238447544329358,0.04854288060506238,1.6641963896208218,1.6156535090157425,,
reaction_fast,0.0,1.0,1.0,1.0,1.0,0.0,0.0,0.0,,
reaction_fast,0.1,0.22625539469926714,0.36863044324454347,0.6053111050062581,0.6126324637347873,0.7460391569013175,0.7893777899874833,0.04333863308616613,,
reaction_fast,0.2,0.0796614184752831,0.28457337907691854,0.5083772109194084,0.5343194243442473,0.8714299370800395,0.9832455781611825,0.11181564108114372,,
reaction_fast,0.30000000000000004,0.040265801676564676,0.27198075289538504,0.45761933966976975,0.505294706623587,0.9005186201971179,1.0847613206604598,0.18424270046334262,,
reaction_fast,0.4,0.03006368285353483,0.2774355530581918,0.41945559688959616,0.488439876882757,0.9042393142166042,1.1610888062208065,0.2568494920042035,,
reaction_fast,0.5,0.029052462046960922,0.28878620200128274,0.3858383020555419,0.4744139277020816,0.8997568144345199,1.2283233958889146,0.3285665814543963,,
reaction_fast,0.6000000000000001,0.03139009333728475,0.3023936957989069,0.35444749006442805,0.46037134068514873,0.8920857803033778,1.291105019871142,0.39901923956776636,,
reaction_fast,0.7000000000000001,0.0352979187643544,0.31697236528938255,0.3245570391326393,0.44531801947023664,0.8828297141320736,1.3508859217347204,0.4680562076026483,,
reaction_fast,0.8,0.0402525710876393,0.33199402098765024,0.2959287613286525,0.42884379372247616,0.8725322050331362,1.4081424773426932,0.535610272309559,,
reaction_fast,0.9,0.04614476565117334,0.3472028661252232,0.2684825667627592,0.4107450034580108,0.8613835863587685,1.4630348664744792,0.6016512801157137,,
reaction_fast,1.0,0.053015683955148885,0.3624565886861268,0.24219283763508195,0.3909101443369509,0.8494460580636888,1.5156143247298344,0.6661682666661475,,
reaction_fast,1.1,0.06097181456802893,0.37767309609678673,0.21705584663777824,0.3692891704351106,0.8367270580561629,1.565888306724442,0.7291612486682812,,
reaction_fast,1.2000000000000002,0.07015731439186146,0.39281286982991964,0.1930807110771005,0.3458913656701909,0.8232023328286479,1.6138385778457978,0.7906362450171516,,
reaction_fast,1.3,0.08074538295604244,0.4078730419387946,0.17028833345113314,0.32079371859054484,0.808821967906561,1.6594233330977328,0.8506013651911729,,
reaction_fast,1.4000000000000001,0.0929354135265611,0.42288471549635676,0.1487128012426427,0.2941531240437487,0.7935111095156244,1.7025743975147136,0.9090632879990901,,
reaction_fast,1.5,0.10695051214289708,0.4379105008561078,0.12840298199166925,0.2662190762213339,0.7771700526734694,1.7431940360166607,0.9660239833431921,,
reaction_fast,1.6,0.1230322468971269,0.4530411698518891,0.10942311080991657,0.2373440929053497,0.7596760594369648,1.7811537783801659,1.0214777189432018,,
reaction_fast,1.7000000000000002,0.14142997754625705,0.46839090681988893,0.09185147095671811,0.20798861615046374,0.7408885900175224,1.8162970580865636,1.0754084680690412,,
reaction_fast,1.8,0.16238223846610855,0.4840906697587173,0.07577633215835072,0.17871628757649488,0.7206594535690397,1.848447335683299,1.1277878821142595,,
reaction_fast,1.9000000000000001,0.18608823913205588,0.5002790510404932,0.06128840577689886,0.1501749202043443,0.6988491418776941,1.877423188446202,1.1785740465685084,,
reaction_fast,2.0,0.2126693537845991,0.5170900150696367,0.048469432352354125,0.1230590354690097,0.6753498326888544,1.9030611352952915,1.2277113026064375,,
reaction_fast,2.1,0.24212405817940935,0.5346372442686743,0.03737734609383073,0.09805254074062436,0.6501138426664971,1.9252453078123386,1.2751314651458427,,
reaction_fast,2.2,0.27428493353380673,0.5529957573732814,0.028029830513585204,0.07575567790616133,0.6231835851324699,1.943940338972829,1.3207567538403602,,
reaction_fast,2.3000000000000003,0.3087913311467885,0.572183000956243,0.02038969836141986,0.056608078528850664,0.5947159888203527,1.959220603277158,1.3645046144568083,,
reaction_fast,2.4000000000000004,0.3450925873790951,0.5921433716200593,0.014356605991240027,0.04082659197422431,0.5649924890576065,1.971286788017518,1.4062942989599136,,
reaction_fast,2.5,0.38249075364574314,0.6127411932345269,0.00976909449494634,0.028377709807478294,0.5344071980950286,1.9804618110101053,1.446054612915078,,
reaction_fast,2.6,0.42021853950166116,0.6337664190192036,0.006418289403026018,0.01899636595468533,0.5034316661832896,1.9871634211939453,1.483731755010657,,
reaction_fast,2.7,0.45753329285068994,0.6549542209834486,0.00407057473909306,0.012247386400317332,0.47256296703752737,1.9918588505218124,1.5192958834842858,,
reaction_fast,2.8000000000000003,0.493800382220135,0.6760150699871775,0.002493230223670267,0.007610590774472361,0.4422683877507322,1.9950135395526578,1.5527451518019266,,
reaction_fast,2.9000000000000004,0.5285445325142657,0.6966681101127704,0.0014763180940638215,0.004564149673488211,0.41294086146900205,1.9970473638118695,1.5841065023428702,,
reaction_fast,3.0,0.561462082723127,0.716669710414421,0.0008463055612588507,0.002646070197814813,0.3848740872108396,1.99830738887748,1.6134333016666424,,
reaction_fast,3.1,0.5924016576407086,0.7358314605837836,0.0004704738523780699,0.0014858464491479836,0.35825843532124757,1.9990590522952425,1.6408006169739968,,
reaction_fast,3.2,0.6213281126236888,0.7540260307710933,0.00025409267182060054,0.0008097440309730147,0.3331925104042509,1.9994918146563578,1.6662993042521086,,
reaction_fast,3.3000000000000003,0.6482838240901849,0.771183021860582,0.00013356653824994136,0.0004291312051531496,0.3097028272583998,1.9997328669234984,1.6900300396650996,,
reaction_fast,3.4000000000000004,0.6733560981935749,0.7872787966463133,6.846005489116455e-05,0.00022158432194069577,0.28776497745114554,1.9998630798902157,1.7120981024390718,,
reaction_fast,3.5,0.6966538349999506,0.8023242482114917,3.427391614947751e-05,0.0001116835832946789,0.2673221452308845,1.999931452167698,1.7326093069368154,,
reaction_fast,3.6,0.7182928568424859,0.8163533156957968,1.678762089229506e-05,5.504103778198658e-05,0.24829928674581886,1.9999664247582116,1.7516671380123956,,
reaction_fast,3.7,0.7383877365342626,0.829413676542226,8.057150516667122e-06,2.656600176073977e-05,0.2306129530008848,1.9999838856989625,1.7693709326980802,,
reaction_fast,3.8000000000000003,0.7570478282575244,0.8415599644330635,3.794586831274078e-06,1.2576352908030355e-05,0.21417754481650064,1.9999924108263336,1.785814866009836,,
reaction_fast,3.9000000000000004,0.7743757080614606,0.8528492384532204,1.755979082549544e-06,5.847533850457962e-06,0.19890898941676402,1.999996488041831,1.8010874986250713,,
reaction_fast,4.0,0.7904668477325816,0.8633381864977355,7.994415440039113e-07,2.6738549981214556e-06,0.184726714777124,1.9999984011169087,1.815271686339789,,
reaction_fast,4.1000000000000005,0.805409843349641,0.8730815372716296,3.584836915336037e-07,1.2038368915577715e-06,0.171554578340691,1.9999992830326137,1.8284447046919274,,
reaction_fast,4.2,0.819286848607111,0.8821312518050676,1.5850201301318104e-07,5.342477244342437e-07,0.15932119265792943,1.9999996829959696,1.8406784903380464,,
reaction_fast,4.3,0.8321740524156909,0.8905361858976695,6.916991454159434e-08,2.339425023927739e-07,0.14795992402350275,1.999999861660168,1.85203993763667,,
reaction_fast,4.4,0.8441421375312006,0.8983420202316691,2.98208807568569e-08,1.0117688428663183e-07,0.13740872608053512,1.9999999403582365,1.8625912142777048,,
reaction_fast,4.5,0.8552567014140551,0.9055913330116747,1.271216739734525e-08,4.3255756911029054e-08,0.12760989859152108,1.9999999745756631,1.8723900759841459,,
reaction_fast,4.6000000000000005,0.8655786381115897,0.9123237422638086,5.362449772967319e-09,1.8295919675625826e-08,0.11850981925530388,1.9999999892750977,1.8814901700197986,,
reaction_fast,4.7,0.8751644853931154,0.9185760774114218,2.2401405483586175e-09,7.662033921794272e-09,0.11005867275757066,1.9999999955197159,1.8899413227621515,,
reaction_fast,4.800000000000001,0.8840667420485024,0.9243825587966064,9.273776746757787e-10,3.1792267845987633e-09,0.10221018854858462,1.9999999981452414,1.897789809596663,,
reaction_fast,4.9,0.8923341594864154,0.929774974469181,3.807035714069015e-10,1.3078944607745336e-09,0.09492139230273318,1.9999999992385902,1.9050786069358625,,
reaction_fast,5.0,0.9000120108090812,0.9347828492782316,1.550693547025149e-10,5.337813296540595e-10,0.08815237277153037,1.9999999996898592,1.9118476269183335,,
reaction_fast,5.1000000000000005,0.9071423397756666,0.939433604249859,6.270686011868224e-11,2.1624213816842488e-10,0.08186606419947272,1.9999999998745845,1.9181339356751161,,
reaction_fast,5.2,0.9137641915383903,0.9437527056978422,2.51871120753544e-11,8.700269917041327e-11,0.07602804377885987,1.9999999999496243,1.9239719561707689,,
reaction_fast,5.300000000000001,0.9199138266897393,0.9477638042067549,1.0053660384416442e-11,3.4781909105441726e-11,0.07060634333731658,1.9999999999798914,1.9293936566425796,,
reaction_fast,5.4,0.9256249199323897,0.9514888639331727,3.989753245682299e-12,1.3822928293953417e-11,0.06557127436206703,1.99999999999202,1.9344287256299573,,
reaction_fast,5.5,0.9309287445283037,0.9549482827885707,1.5747933628808209e-12,5.463314579914362e-12,0.060895265462325744,1.9999999999968505,1.9391047345345291,,
reaction_fast,5.6000000000000005,0.9358543435698263,0.9581610040968705,6.184773121869037e-13,2.148287234186826e-12,0.05655271140561823,1.9999999999987625,1.9434472885931495,,
reaction_fast,5.7,0.9404286890259883,0.9611446203091295,2.4176960521950614e-13,8.40749833470538e-13,0.052519832912461435,1.9999999999995162,1.947480167087059,,
reaction_fast,5.800000000000001,0.9446768294419625,0.9639154693305896,9.41025525889999e-14,3.2758692583632576e-13,0.0487745464463633,1.9999999999998126,1.9512254535534521,,
reaction_fast,5.9,0.9486220271036183,0.9664887239820661,3.648015511501948e-14,1.2711833626351894e-13,0.04529634328810486,1.999999999999928,1.9547036567118263,,
reaction_fast,6.0,0.9522858854196755,0.9688784750831955,1.4089377083586203e-14,4.914038020947487e-14,0.04206617723295185,1.9999999999999727,1.9579338227670233,,
reaction_fast,6.1000000000000005,0.9556884672195961,0.9710978086114982,5.422782464795798e-15,1.892933067343968e-14,0.03906636029617989,1.99999999999999,1.960933639703812,,
reaction_fast,6.2,0.9588484046152634,0.9731588773593466,2.080439357975156e-15,7.267880861052694e-15,0.0362804658559482,1.999999999999996,1.963719534144051,,
reaction_fast,6.300000000000001,0.9617830010281523,0.9750729674810518,7.957744810420563e-16,2.7820036848518515e-15,0.03369323870320034,1.999999999999996,1.9663067612968008,,
reaction_fast,6.4,0.9645083259407217,0.9768505602943974,3.035425052754393e-16,1.0618893935092121e-15,0.03129051150606,1.999999999999996,1.9687094884939413,,
reaction_fast,6.5,0.9670393028908921,0.9785013896750081,1.1548603856007545e-16,4.042594122444398e-16,0.029059127231299615,1.999999999999996,1.9709408727687028,,
reaction_fast,6.6000000000000005,0.9693897911914812,0.980034495357831,4.38328495497584e-17,1.5352588892972303e-16,0.026986867098075674,1.999999999999996,1.9730131329019276,,
reaction_fast,6.7,0.9715726618220637,0.981458272437588,1.6599854434385985e-17,5.817270664189207e-17,0.02506238366941569,1.999999999999996,1.974937616330588,,
reaction_fast,6.800000000000001,0.9735998679088441,0.9827805173392622,6.2735307963673256e-18,2.199597667543068e-17,0.02327513871507454,1.999999999999996,1.9767248612849293,,
reaction_fast,6.9,0.9754825101784796,0.9840084705103455,2.3663931034470093e-18,8.300776397131414e-18,0.021615345505505614,1.999999999999996,1.9783846544944972,,
reaction_fast,7.0,0.9772308977442681,0.9851488560686219,8.910215711587858e-19,3.126843712253824e-18,0.020073915220955346,1.999999999999996,1.979926084779048,,
reaction_fast,7.1000000000000005,0.9788546045575621,0.9862079186225934,3.3494319176931955e-19,1.17587680392466e-18,0.018642407182224523,1.999999999999996,1.981357592817778,,
reaction_fast,7.2,0.9803625218335299,0.9871914574661759,1.2571494498610203e-19,4.415072588683466e-19,0.017312982630566118,1.999999999999996,1.9826870173694373,,
reaction_fast,7.300000000000001,0.9817629067383322,0.9881048583349039,4.711758734495919e-20,1.655322868778579e-19,0.016078361803623965,1.999999999999996,1.9839216381963793,,
reaction_fast,7.4,0.983063427604332,0.9889531228975463,1.7636147805329225e-20,6.197855302481307e-20,0.014931784072365875,1.999999999999996,1.9850682159276394,,
reaction_fast,7.5,0.9842712059209224,0.989740896144617,6.593104966314456e-21,2.3176924244949445e-20,0.013866970920725634,1.999999999999996,1.9861330290792787,,
reaction_fast,7.6000000000000005,0.9853928553309105,0.9904724918237611,2.4619539455398303e-21,8.656944615539722e-21,0.012878091565235329,1.999999999999996,1.9871219084347693,,
reaction_fast,7.7,0.9864345178459977,0.991151916061297,9.183514539323242e-22,3.230010965102461e-21,0.01195973102638532,1.999999999999996,1.9880402689736187,,
reaction_fast,7.800000000000001,0.987401897479665,0.991782889299263,3.422235030613294e-22,1.2039469579525726e-21,0.011106860476874534,1.999999999999996,1.9888931395231286,,
reaction_fast,7.9,0.9883002914816376,0.9923688666680905,1.274128377327469e-22,4.483382603648114e-22,0.010314809704381993,1.999999999999996,1.9896851902956214,,
reaction_fast,8.0,0.9891346193449612,0.9929130569064678,4.7396615452807695e-23,1.66812356445338e-22,0.009579241538068958,1.999999999999996,1.9904207584619358,,
reaction_fast,8.1,0.9899094497445298,0.9934184399319885,1.7617268854555007e-23,6.201566636325378e-23,0.008896128098774613,1.999999999999996,1.9911038719012297,,
reaction_fast,8.200000000000001,0.9906290255545762,0.9938877831588103,6.5435193594252694e-24,2.303829300372538e-23,0.008261728742854196,1.999999999999996,1.9917382712571516,,
reaction_fast,8.3,0.9912972870821215,0.994323656651665,2.428781597848534e-24,8.55259670108883e-24,0.007672569578882877,1.999999999999996,1.9923274304211227,,
reaction_fast,8.4,0.9919178936436008,0.9947284471992139,9.009296594983928e-25,3.172970106952132e-24,0.007125424445061313,1.999999999999996,1.9928745755549429,,
reaction_fast,8.5,0.9924942436028251,0.9951043713838017,3.3399367097356795e-25,1.1764519821192227e-24,0.006617297243157704,1.999999999999996,1.993382702756846,,
reaction_fast,8.6,0.9930294929799918,0.9954534877191846,1.237509975861122e-25,4.359545283087185e-25,0.006145405532249068,1.999999999999996,1.9938545944677548,,
reaction_fast,8.700000000000001,0.9935265727336591,0.9957777079226944,4.582887421630048e-26,1.6146713731673993e-25,0.005707165292423207,1.999999999999996,1.994292834707581,,
reaction_fast,8.8,0.9939882048103066,0.9960788073835621,1.696388675093134e-26,5.97749249927289e-26,0.005300176775009288,1.999999999999996,1.994699823224996,,
reaction_fast,8.9,0.9944169170493755,0.9963584348847274,6.2765617081721855e-27,2.211875675742058e-26,0.004922211361854622,1.999999999999996,1.9950777886381494,,
reaction_fast,9.0,0.9948150570253965,0.9966181216313682,2.321357523961565e-27,8.181311775050026e-27,0.004571199361690774,1.999999999999996,1.9954288006383136,,
reaction_fast,9.1,0.9951848049030182,0.9968592896355877,8.582199792202618e-28,3.0249522789144167e-27,0.004245218676763378,1.999999999999996,1.9957547813232412,,
reaction_fast,9.200000000000001,0.9955281853753134,0.9970832595031741,3.1717812909209255e-28,1.1180451708700058e-27,0.003942484277665529,1.999999999999996,1.99605751572234,,
reaction_fast,9.3,0.9958470787507456,0.9972912576650745,1.1718356537220805e-28,4.131011907513341e-28,0.0036613384287403263,1.999999999999996,1.9963386615712648,,
reaction_fast,9.4,0.9961432312495029,0.9974844230931743,4.3281181532057424e-29,1.525878898437966e-28,0.0034002416105279793,1.999999999999996,1.9965997583894772,,
reaction_fast,9.5,0.9964182645655797,0.9976638135371675,1.5981214518744243e-29,5.634556389485611e-29,0.003157764089550078,1.999999999999996,1.996842235910456,,
reaction_fast,9.600000000000001,0.9966736847469715,0.9978304113166592,5.8993940639855906e-30,2.0801002862604506e-29,0.0029325780892680976,1.999999999999996,1.9970674219107378,,
reaction_fast,9.700000000000001,0.9969108904426044,0.9979851287002267,2.177208626071901e-30,7.677183284275993e-30,0.0027234505193453754,1.999999999999996,1.9972765494806604,,
reaction_fast,9.8,0.9971311805611616,0.9981288129008863,8.033322197994887e-31,2.8328283447631393e-30,0.0025292362233988283,1.999999999999996,1.9974707637766067,,
reaction_fast,9.9,0.9973357613837447,0.9982622507153268,2.96346483395316e-31,1.0450724632538287e-30,0.0023488717082660255,1.999999999999996,1.9976511282917395,,
reaction_fast,10.0,0.9975257531693174,0.9983861728323097,1.0930002961831482e-31,3.854667484620229e-31,0.002181369320449815,1.999999999999996,1.997818630679555,,
reaction_fast,10.100000000000001,0.9977021962891046,0.9985012578338276,4.0305349095396563e-32,1.4215034338341673e-31,0.0020258118378514533,1.999999999999996,1.997974188162153,,
reaction_fast,10.200000000000001,0.9978660569235334,0.998608135910936,1.4860470813471128e-32,5.241252150740756e-32,0.0018813474471772768,1.999999999999996,1.9981186525528258,,
reaction_fast,10.3,0.998018232352917,0.9987073923146018,5.478164855871393e-33,1.9322068101723055e-32,0.0017471850795157582,1.999999999999996,1.9982528149204861,,
reaction_fast,10.4,0.9981595558708489,0.9987995705604598,2.0191801823560167e-33,7.122106582934299e-33,0.0016225900785432315,1.999999999999996,1.9983774099214582,,
reaction_fast,10.5,0.9982908013472154,0.9988851754050412,7.441439625003027e-34,2.6248481028916546e-33,0.0015068801776378638,1.999999999999996,1.9984931198223634,,
reaction_fast,10.600000000000001,0.9984126874658086,0.9989646756097541,2.7421101863035043e-34,9.67263833951664e-34,0.0013994217638730727,1.999999999999996,1.9986005782361271,,
reaction_fast,10.700000000000001,0.9985258816597495,0.9990385065077638,1.0103288181452214e-34,3.5639754721590154e-34,0.0012996264084325,1.999999999999996,1.998700373591566,,
reaction_fast,10.8,0.9986310037662687,0.9991070723878213,3.7221515463004797e-35,1.3130373637920827e-34,0.0012069476444474918,1.999999999999996,1.9987930523555515,,
reaction_fast,10.9,0.9987286294208559,0.999170748708099,1.371141108271071e-35,4.836993041523955e-35,0.0011208779746129701,1.999999999999996,1.9988791220253854,,
reaction_fast,11.0,0.9988192932093705,0.9992298841521526,5.0504505484856286e-36,1.781693429479012e-35,0.0010409460921957437,1.999999999999996,1.9989590539078028,,
reaction_fast,11.100000000000001,0.9989034915953636,0.9992848025382679,1.8601194212891137e-36,6.562246590456823e-36,0.0009667143002178584,1.999999999999996,1.9990332856997814,,
reaction_fast,11.200000000000001,0.9989816856386531,0.9993358045926494,6.85041562487831e-37,2.416778625284812e-36,0.0008977761146827679,1.999999999999996,1.999102223885316,,
reaction_fast,11.3,0.9990543035200268,0.99938316959616,2.5226725077864306e-37,8.899968461313236e-37,0.0008337540387198637,1.999999999999996,1.9991662459612796,,
reaction_fast,11.4,0.9991217428859094,0.999427156913627,9.289128641243128e-38,3.277250731280965e-37,0.0007742974954588943,1.999999999999996,1.9992257025045403,,
reaction_fast,11.5,0.9991843730258223,0.9994680074140924,3.4202776245184774e-38,1.2067092532037769e-37,0.0007190809083149243,1.999999999999996,1.9992809190916836,,
reaction_fast,11.600000000000001,0.9992425368945685,0.9995059447897806,1.259279104164929e-38,4.442929299834925e-38,0.0006678019181717301,1.999999999999996,1.9993321980818273,,
reaction_fast,11.700000000000001,0.9992965529902099,0.9995411767810098,4.636163316179557e-39,1.635730744929687e-38,0.0006201797277011462,1.999999999999996,1.9993798202722972,,
reaction_fast,11.8,0.9993467170981212,0.9995738963137524,1.7067631283483163e-39,6.021873414239534e-39,0.0005759535637520575,1.999999999999996,1.9994240464362458,,
reaction_fast,11.9,0.9993933039106739,0.9996042825560714,6.2830014194601785e-40,2.2168199977817575e-39,0.0005348812493892846,1.999999999999996,1.9994651187506076,,
reaction_fast,12.0,0.9994365685314208,0.9996325018992246,2.3128204242112685e-40,8.160367916260326e-40,0.0004967378777630144,1.999999999999996,1.999503262122233,,
reaction_fast,12.100000000000001,0.9994767478720059,0.9996587088688013,8.513318584726989e-41,3.0037994951731265e-40,0.00046131458054705595,1.999999999999996,1.999538685419449,,
reaction_fast,12.200000000000001,0.9995140619494673,0.9996830469708845,3.133569575458694e-41,1.1056440236325805e-40,0.00042841738420204637,1.999999999999996,1.9995715826157936,,
reaction_fast,12.3,0.9995487150910201,0.9997056494778737,1.1533588697196871e-41,4.0695284347228417e-41,0.000397866147800637,1.999999999999996,1.9996021338521954,,
reaction_fast,12.4,0.9995808970529267,0.9997266401582662,4.244976921295674e-42,1.4978155929659156e-41,0.00036949357659833774,1.999999999999996,1.9996305064233981,,
reaction_fast,12.5,0.9996107840595814,0.9997461339543992,1.5623307421514513e-42,5.5126337229666166e-42,0.00034314430594844657,1.999999999999996,1.999656855694048,,
reaction_fast,12.600000000000001,0.999638539768489,0.9997642376118591,5.749874138774464e-43,2.0288382216656833e-42,0.0003186740505447009,1.999999999999996,1.9996813259494521,,
reaction_fast,12.700000000000001,0.9996643161664361,0.9997810502640069,2.116081006457972e-43,7.466620547287647e-43,0.0002959488143330109,1.999999999999996,1.9997040511856632,,
reaction_fast,12.8,0.9996882544017494,0.9997966639748204,7.7874566882385e-44,2.7478305976236694e-43,0.00027484415676584624,1.999999999999996,1.9997251558432305,,
reaction_fast,12.9,0.9997104855572077,0.999811164243024,2.8658216514485304e-44,1.0112203704785642e-43,0.0002552445113813831,1.999999999999996,1.9997447554886163,,
reaction_fast,13.0,0.9997311313678344,0.9998246304702716,1.0546140101062821e-44,3.7212800873806825e-44,0.00023704255297603229,1.999999999999996,1.9997629574470213,,
reaction_fast,13.100000000000001,0.9997503048875027,0.9998371363959365,3.880872964154136e-45,1.3693998214309223e-44,0.00022013860990506407,1.999999999999996,1.999779861390091,,
reaction_fast,13.200000000000001,0.9997681111080052,0.9998487505009015,1.4280961089229334e-45,5.0391832234364124e-45,0.00020444011829316578,1.999999999999996,1.9997955598817039,,
reaction_fast,13.3,0.9997846475339751,0.999859536382551,5.25506540290696e-46,1.8543110190950893e-45,0.0001898611151662502,1.999999999999996,1.9998101388848313,,
reaction_fast,13.4,0.9998000047168112,0.9998695531030224,1.933713003592456e-46,6.823356888353637e-46,0.00017632176772897686,1.999999999999996,1.9998236782322687,,
reaction_fast,13.5,0.9998142667505223,0.9998788555126218,7.115404552186664e-47,2.51077136748874e-46,0.00016374793621036165,1.999999999999996,1.9998362520637873,,
reaction_fast,13.600000000000001,0.9998275117322192,0.9998874945501796,2.618190931927532e-47,9.238687515956193e-47,0.00015207076788367578,1.999999999999996,1.9998479292321143,,
reaction_fast,13.700000000000001,0.9998398121897631,0.9998955175219839,9.63379913399115e-48,3.399443636428046e-47,0.0001412263200375376,1.999999999999996,1.9998587736799611,,
reaction_fast,13.8,0.9998512354789191,0.9999029683608234,3.54477605531141e-48,1.2508356864662819e-47,0.00013115520983363166,1.999999999999996,1.9998688447901647,,
reaction_fast,13.9,0.999861844152188,0.9999098878665582,1.3042934827566108e-48,4.602437506558082e-48,0.00012180228913372371,1.999999999999996,1.9998781977108653,,
reaction_fast,14.0,0.9998716963013361,0.9999163139295355,4.799074415605718e-49,1.6934450028691207e-48,0.00011311634251536182,1.999999999999996,1.9998868836574837,,
reaction_fast,14.100000000000001,0.9998808458754981,0.9999222817380712,1.7657759382268207e-49,6.230891226246504e-49,0.00010504980682263683,1.999999999999996,1.9998949501931773,,
reaction_fast,14.200000000000001,0.9998893429765967,0.9999278239711374,6.496956272167684e-50,2.292584822957494e-49,9.755851071629773e-05,1.999999999999996,1.9999024414892836,,
reaction_fast,14.3,0.9998972341336929,0.9999329709773088,2.3904562529339476e-50,8.435233319705569e-50,9.060143279702872e-05,1.999999999999996,1.999909398567202,,
reaction_fast,14.4,0.9999045625577747,0.9999377509409457,8.79525454439247e-51,3.103598144254344e-50,8.41404769774044e-05,1.999999999999996,1.9999158595230226,,
reaction_fast,14.5,0.9999113683783754,0.9999421900365312,3.236033532872e-51,1.1419071700579641e-50,7.81402638724859e-05,1.999999999999996,1.9999218597361272,,
reaction_fast,14.600000000000001,0.9999176888633152,0.9999463125719964,1.1906245028608693e-51,4.2013926143018484e-51,7.256793706673939e-05,1.999999999999996,1.9999274320629339,,
reaction_fast,14.700000000000001,0.999923558622779,0.9999501411218293,4.38060425518128e-52,1.545799241592976e-51,6.739298319641981e-05,1.999999999999996,1.999932607016804,,
reaction_fast,14.8,0.9999290097988341,0.9999536966506893,1.611724517895715e-52,5.687356543598381e-52,6.258706486221185e-05,1.999999999999996,1.9999374129351377,,
reaction_fast,14.9,0.9999340722414377,0.9999569986282079,5.929872610416883e-53,2.092500348570664e-52,5.8123865457180225e-05,1.999999999999996,1.999941876134543,,
reaction_fast,15.0,0.9999387736718921,0.9999600651355989,2.181714076919699e-53,7.698719628542054e-53,5.3978945060325926e-05,1.999999999999996,1.99994602105494,,
reaction_fast,15.100000000000001,0.999943139834641,0.9999629129646738,8.026909590320987e-54,2.832497275335494e-53,5.012960660663938e-05,1.999999999999996,1.9999498703933931,,
reaction_fast,15.200000000000001,0.9999471946382457,0.9999655577097879,2.953228930763471e-54,1.0421222542368417e-53,4.655477160081522e-05,1.999999999999996,1.9999534452283991,,
reaction_fast,15.3,0.9999509602863021,0.9999680138532341,1.0865361752691418e-54,3.834123895487492e-54,4.3234864694051245e-05,1.999999999999996,1.999956765135307,,
reaction_fast,15.4,0.999954457399028,0.9999702948445462,3.997511470108925e-55,1.410626501338656e-54,4.015170649189022e-05,1.999999999999996,1.9999598482935097,,
reaction_fast,15.5,0.9999577051261743,0.9999724131741475,1.4707329054774341e-55,5.189869899481279e-55,3.728841400613239e-05,1.999999999999996,1.9999627115859946,,
reaction_fast,15.600000000000001,0.9999607212518884,0.9999743804417451,5.4109879266019555e-56,1.909411544483791e-55,3.462930820570639e-05,1.999999999999996,1.9999653706917946,,
reaction_fast,15.700000000000001,0.9999635222920966,0.9999762074198498,1.9907562174818672e-56,7.024919543012093e-56,3.2159828160258816e-05,1.999999999999996,1.9999678401718406,,
reaction_fast,15.8,0.9999661235849449,0.9999779041127657,7.324170492204654e-57,2.584532470566049e-56,2.986645130632284e-05,1.999999999999996,1.9999701335486941,,
reaction_fast,15.9,0.9999685393747866,0.9999794798113701,2.6946213128320296e-57,9.508708681867572e-57,2.7736619399454358e-05,1.999999999999996,1.9999722633806016,,
reaction_fast,16.0,0.9999707828901847,0.9999809431439916,9.913706166213946e-58,3.4983244093402716e-57,2.5758669746858077e-05,1.999999999999996,1.9999742413302544,,
reaction_fast,16.1,0.9999728664163483,0.9999823021236562,3.6473162586378415e-58,1.2870566993315485e-57,2.3921771343944158e-05,1.999999999999996,1.9999760782286582,,
reaction_fast,16.2,0.9999748013624059,0.9999835641919661,1.3418684630669157e-58,4.735157255632082e-58,2.2215865565097746e-05,1.999999999999996,1.999977784134437,,
reaction_fast,16.3,0.9999765983238798,0.9999847362598493,4.936801601014291e-59,1.742088940930763e-58,2.0631611083910652e-05,1.999999999999996,1.9999793683889182,,
reaction_fast,16.400000000000002,0.9999782671407058,0.9999858247454029,1.8162710627981017e-59,6.409224569111804e-59,1.9160332721246004e-05,1.999999999999996,1.9999808396672818,,
reaction_fast,16.5,0.9999798169511162,0.9999868356090379,6.682130718546353e-60,2.35797912172183e-59,1.7793973941043547e-05,1.999999999999996,1.9999822060260626,,
reaction_fast,16.6,0.9999812562416784,0.9999877743861169,2.4583778465933046e-60,8.675085688857457e-60,1.6525052733736962e-05,1.999999999999996,1.9999834749472702,,
reaction_fast,16.7,0.9999825928937676,0.9999886462172645,9.044440550575163e-61,3.1915892139643036e-60,1.5346620645706824e-05,1.999999999999996,1.999984653379359,,
reaction_fast,16.8,0.9999838342267227,0.9999894558765202,3.327470652886032e-61,1.1741934263072145e-60,1.4252224730418412e-05,1.999999999999996,1.9999857477752743,,
reaction_fast,16.900000000000002,0.9999849870379277,0.9999902077974762,1.2241827313878465e-61,4.319880976198972e-61,1.3235872212894899e-05,1.999999999999996,1.999986764127792,,
reaction_fast,17.0,0.9999860576400325,0.9999909060975573,4.503786452135439e-62,1.5892910398565655e-61,1.2291997674031954e-05,1.999999999999996,1.9999877080023312,,
reaction_fast,17.1,0.9999870518955204,0.9999915546005678,1.656948046405254e-62,5.847020825523656e-62,1.1415432575059596e-05,1.999999999999996,1.9999885845674292,,
reaction_fast,17.2,0.9999879752488097,0.9999921568576283,6.095924560390066e-63,2.1511239236208106e-62,1.0601376955271407e-05,1.999999999999996,1.9999893986230495,,
reaction_fast,17.3,0.9999888327560673,0.9999927161666239,2.2426933572451184e-63,7.913996127231486e-63,9.84537314804057e-06,1.999999999999996,1.999990154626857,,
reaction_fast,17.400000000000002,0.9999896291128957,0.9999932355902597,8.250872140208384e-64,2.9115608939595385e-63,9.143281371195873e-06,1.999999999999996,1.999990856718633,,
reaction_fast,17.5,0.9999903686800455,0.9999937179728349,3.035494778691288e-64,1.0711630630922625e-63,8.491257058092888e-06,1.999999999999996,1.999991508742946,,
reaction_fast,17.6,0.9999910555072928,0.9999941659558161,1.1167573493989233e-64,3.940805401955428e-64,7.885729805248438e-06,1.999999999999996,1.9999921142701993,,
reaction_fast,17.7,0.9999916933556185,0.9999945819923021,4.108543277515191e-65,1.449820057395329e-64,7.323383821258411e-06,1.999999999999996,1.9999926766161815,,
reaction_fast,17.8,0.9999922857177999,0.9999949683604565,1.5115295799411853e-65,5.3338764345303705e-65,6.8011397699391035e-06,1.999999999999996,1.999993198860232,,
reaction_fast,17.900000000000002,0.9999928358375377,0.9999953271759826,5.560901360269868e-66,1.962327768293128e-65,6.316137908268069e-06,1.999999999999996,1.9999936838620933,,
reaction_fast,18.0,0.9999933467272193,0.9999956604037097,2.0458486719364906e-66,7.21938026848283e-66,5.865722426789393e-06,1.999999999999996,1.9999941342775753,,
reaction_fast,18.1,0.9999938211844122,0.9999959698683509,7.52664809782452e-67,2.6560000138853415e-66,5.447426906733663e-06,1.999999999999996,1.999994552573097,,
reaction_fast,18.2,0.9999942618071848,0.999996257264496,2.7690418614763152e-67,9.771382841311528e-67,5.05896081421778e-06,1.999999999999996,1.9999949410391902,,
reaction_fast,18.3,0.9999946710083323,0.9999965241658902,1.018725670869714e-67,3.594875059708229e-67,4.698196957568147e-06,1.999999999999996,1.9999953018030463,,
reaction_fast,18.400000000000002,0.9999950510285887,0.9999967720340521,3.74787252218521e-68,1.3225478735415759e-67,4.3631598390855585e-06,1.999999999999996,1.9999956368401646,,
reaction_fast,18.5,0.9999954039488979,0.999997002226277,1.378834733612831e-68,4.865627339290294e-68,4.052014837467153e-06,1.999999999999996,1.9999959479851679,,
reaction_fast,18.6,0.9999957317018062,0.9999972160030683,5.072703450546393e-69,1.7900540181579064e-68,3.763058161649885e-06,1.999999999999996,1.999996236941843,,
reaction_fast,18.7,0.9999960360820483,0.999997414535041,1.866236154870012e-69,6.585568832779214e-69,3.494707521064117e-06,1.999999999999996,1.9999965052924829,,
reaction_fast,18.8,0.9999963187563721,0.9999975989093313,6.865838731380741e-70,2.422815383709349e-69,3.245493461208523e-06,1.999999999999996,1.9999967545065431,,
reaction_fast,18.900000000000002,0.999996581272667,0.9999977701355498,2.5259251756575508e-70,8.913478749364069e-70,3.0140513171013466e-06,1.999999999999996,1.9999969859486872,,
reaction_fast,19.0,0.9999968250684392,0.9999979291513098,9.29281426104977e-71,3.2792462788642735e-70,2.799113740545818e-06,1.999999999999996,1.9999972008862645,,
reaction_fast,19.1,0.9999970514786838,0.9999980768273616,3.4188018630044904e-71,1.2064261253266115e-70,2.599503760290134e-06,1.999999999999996,1.9999974004962442,,
reaction_fast,19.200000000000003,0.9999972617431947,0.9999982139723613,1.2577679210411989e-71,4.438409178529878e-71,2.414128337080319e-06,1.999999999999996,1.999997585871667,,
reaction_fast,19.3,0.9999974570133541,0.9999983413372969,4.627293103710525e-72,1.6328784357755658e-71,2.241972378314132e-06,1.999999999999996,1.999997758027625,,
reaction_fast,19.400000000000002,0.999997638358437,0.9999984596196032,1.7023679131944028e-72,6.007313379608189e-72,2.0820931795210856e-06,1.999999999999996,1.9999979179068237,,
reaction_fast,19.5,0.9999978067714669,0.9999985694669797,6.262961842898396e-73,2.2100731409576938e-72,1.9336152622308644e-06,1.999999999999996,1.9999980663847405,,
reaction_fast,19.6,0.9999979631746517,0.9999986714809365,2.3041250066498402e-73,8.130793562666039e-73,1.7957255799628162e-06,1.999999999999996,1.9999982042744233,,
reaction_fast,19.700000000000003,0.9999981084244364,0.9999987662200891,8.476806012114538e-74,2.991294395119253e-73,1.667669066085281e-06,1.999999999999996,1.9999983323309372,,
reaction_fast,19.8,0.9999982433161899,0.9999988542032175,3.1185907917741123e-74,1.1004880196160565e-73,1.5487444991652617e-06,1.999999999999996,1.9999984512555051,,
reaction_fast,19.900000000000002,0.9999983685885628,0.9999989359121063,1.1473197889542777e-74,4.0486610941706074e-74,1.4383006631676596e-06,1.999999999999996,1.99999856169934,,
reaction_fast,20.0,0.9999984849275313,0.999999011794183,4.220953084065221e-75,1.4894896068147077e-74,1.33573278147785e-06,1.999999999999996,1.9999986642672227,,
carbon_low,0.0,1.0,1.0,1.0,1.0,0.0,0.0,0.0,,
carbon_low,0.1,0.9765158603236288,0.9811479035639944,0.9058927552510903,0.9059234141041818,0.022523376089568663,0.023526811187227402,0.00100343509765875,,
carbon_low,0.2,0.9562690966095142,0.9672523149167624,0.8223115531030333,0.8224964910601513,0.04080900970546828,0.04442211172424163,0.003613102018773348,,
carbon_low,0.30000000000000004,0.9394354728369204,0.9563529774239282,0.7476744717352197,0.7481374712233755,0.05562737438996777,0.0630813820661951,0.007454007676227281,,
carbon_low,0.4,0.9257403616131663,0.9477078452396513,0.6807188112405013,0.6815383409438963,0.06755260923195318,0.07982029718987474,0.01226768795792145,,
carbon_low,0.5,0.9147782140679415,0.9408844481569714,0.6204213498239534,0.6216316446200281,0.07704280178012719,0.09489466254401172,0.017851860763884418,,
carbon_low,0.6000000000000001,0.906155836158574,0.9355774079183566,0.5659424429577773,0.5675444248736141,0.08447405137545552,0.10851438926055579,0.02404033788510014,,
carbon_low,0.7000000000000001,0.8995266658074264,0.9315477344790114,0.5165852683113601,0.5185571519785909,0.090159823785507,0.12085368292216016,0.03069385913665302,,
carbon_low,0.8,0.8945932347130494,0.9285992409292875,0.47176545748611615,0.4740710985789602,0.09436383869979004,0.1320586356284711,0.03769479692868097,,
carbon_low,0.9,0.8911016945952837,0.9265673187005493,0.4309881285493235,0.4335831823495603,0.09730947272402364,0.14225296786266925,0.044943495138645484,,
carbon_low,1.0,0.8888352312427967,0.9253123194698849,0.39383031327566687,0.39666664748784264,0.09918695571371802,0.1515424216810833,0.05235546596736528,,
carbon_low,1.1,0.8876081298356009,0.9247149876975543,0.3599273790234914,0.36295616891818994,0.10015902099686169,0.16001815524412716,0.05985913424726542,,
carbon_low,1.2000000000000002,0.8872608015591361,0.9246730167480297,0.32896244493630356,0.3321362909264286,0.10036541111758926,0.16775938876592414,0.0673939776483348,,
carbon_low,1.3,0.8876556972015394,0.9250983348458622,0.30065806583190025,0.3039323902264234,0.09992651098493166,0.17483548354202494,0.07490897255709317,,
carbon_low,1.4000000000000001,0.888673957761413,0.925914917079209,0.27476964893688466,0.27810356328718727,0.09894630399098059,0.18130758776577893,0.08236128377479807,,
carbon_low,1.5,0.8902126592491784,0.9270569976853777,0.2510802053385208,0.2544369910827755,0.09751479651727303,0.1872299486653698,0.08971515214809658,,
carbon_low,1.6,0.8921825334168161,0.928467595471971,0.2293961368288235,0.2327434460040991,0.09571002109456014,0.19265096579279412,0.09694094469823378,,
carbon_low,1.7000000000000002,0.8945060703823144,0.9300972880463837,0.20954383108326843,0.21285368728917026,0.09359970292595331,0.19761404222918294,0.1040143393032294,,
carbon_low,1.8,0.8971159291599253,0.9319031857920823,0.19136689155222122,0.19461555153687693,0.09124265550044502,0.20215827711194462,0.11091562161149948,,
carbon_low,1.9000000000000001,0.8999535978688389,0.9338480674947913,0.17472386835006787,0.1778915896988777,0.08868995671720566,0.206319032912483,0.11762907619527724,,
carbon_low,2.0,0.9029682576156499,0.9358996477001268,0.1594863865049897,0.16255713563079163,0.08598594603990002,0.2101284033737525,0.1241424573338524,,
carbon_low,2.1,0.9061158135162932,0.9380299521128113,0.1455375907940382,0.14849871681876964,0.08316907481815762,0.21361560230149043,0.13044652748333269,,
carbon_low,2.2,0.909358063688783,0.9402147821529844,0.13277084389905996,0.1356127374106077,0.08027263541707033,0.21680728902523494,0.1365346536081647,,
carbon_low,2.3000000000000003,0.9126619828072063,0.9424332535267939,0.12108862812493132,0.12380437870233768,0.07732538972541109,0.21972784296876718,0.14240245324335601,,
carbon_low,2.4000000000000004,0.9159991013353348,0.9446673966031309,0.1104016114033526,0.1129866738725099,0.07435211363114544,0.22239959714916177,0.14804748351801628,,
carbon_low,2.5,0.9193449651368799,0.9469018087043508,0.10062784648457211,0.10307972283068097,0.0713740709075135,0.22484303837885689,0.15346896747134342,,
carbon_low,2.6,0.9226786630015666,0.9491233502564239,0.09169207863181444,0.09401002015575281,0.06840942745603242,0.22707698034204638,0.15866755288601408,,
carbon_low,2.7,0.9259824118933482,0.9513208782088295,0.08352514218029937,0.08570987469285013,0.0654736148615154,0.2291187144549252,0.16364509959340995,,
carbon_low,2.8000000000000003,0.9292411915427327,0.9534850113073919,0.07606343030801727,0.07811690379260225,0.06257965061971445,0.2309841424229958,0.16840449180328143,,
carbon_low,2.9000000000000004,0.9324424214645113,0.9556079227458193,0.06924842552011187,0.07117358867102302,0.05973842111666965,0.232687893619972,0.17294947250330245,,
carbon_low,3.0,0.9355756746589958,0.9576831564819563,0.06302628085044845,0.06482688013858622,0.05695893240535868,0.23424342978738774,0.17728449738202923,,
carbon_low,3.1,0.9386324232068046,0.959705464119914,0.057347443770181895,0.05902784614570238,0.0542485329891145,0.23566313905745429,0.18141460606834015,,
carbon_low,3.2,0.9416058117396315,0.9616706597585875,0.052166316371022745,0.05373135433704721,0.05161311214275483,0.23695842090724412,0.18534530876448968,,
carbon_low,3.3000000000000003,0.9444904553979704,0.9635754906136551,0.04744094664443976,0.04889578419190653,0.04905727675005192,0.23813976333888995,0.18908248658883836,,
carbon_low,3.4000000000000004,0.9472822593999018,0.9654175215522793,0.04313274667350676,0.04448276442513854,0.04658450918517533,0.23921681333162326,0.1926323041464482,,
carbon_low,3.5,0.9499782577653144,0.9671950319519286,0.039206234344005296,0.04045693219160092,0.044197308396243175,0.24019844141399854,0.19600113301775562,,
carbon_low,3.6,0.9525764690854435,0.9689069235186462,0.035628795807527536,0.03678571132227128,0.04189731604528265,0.24109280104811798,0.19919548500283557,,
carbon_low,3.7,0.9550757675127707,0.9705526378850189,0.03237046642504081,0.033439107359843734,0.03968542930804121,0.24190738339373968,0.20222195408569876,,
carbon_low,3.8000000000000003,0.9574757673828511,0.972132082961525,0.029403728311370284,0.030389517585032815,0.03756190172902371,0.24264906792215735,0.20508716619313389,,
carbon_low,3.9000000000000004,0.9597767200767109,0.9736455671428547,0.02670332291071646,0.027611554556042316,0.035526433353669486,0.24332416927232092,0.20779773591865147,,
carbon_low,4.0,0.9619794218977575,0.9750937405780828,0.02424607727779734,0.02508188194186619,0.03357825121414459,0.24393848068055068,0.21036022946640603,,
carbon_low,4.1000000000000005,0.9640851318765684,0.9764775428040633,0.022010742932233138,0.022779061630724642,0.031716181122504045,0.2444973142669416,0.21278113314443764,,
carbon_low,4.2,0.9660954985354022,0.9777981561183163,0.019977846306377202,0.02068341125040458,0.02993871162071844,0.24500553842340564,0.21506682680268724,,
carbon_low,4.3,0.9680124947456981,0.9790569641334568,0.01812954992772731,0.01877687135750461,0.028244050847824175,0.2454676125180682,0.21722356167024393,,
carbon_low,4.4,0.9698383598993114,0.9802555150119281,0.016449523573330196,0.017042881645524213,0.02663017700749738,0.2458876191066674,0.21925744209917006,,
carbon_low,4.5,0.9715755486903084,0.9813954889290812,0.014922824710772923,0.01546626559369704,0.02509488305245204,0.24626929382230672,0.2211744107698548,,
carbon_low,4.6000000000000005,0.9732266858708134,0.9824786693557918,0.013535787602829034,0.014033123034451709,0.023635816143452008,0.24661605309929271,0.22298023695584074,,
carbon_low,4.7,0.9747945264032942,0.9835069177898693,0.012275920504044023,0.012730730161322422,0.022250512388984213,0.24693101987398894,0.22468050748500484,,
carbon_low,4.800000000000001,0.9762819204840464,0.9844821515993493,0.011131810420194127,0.011547446534096934,0.02093642732562627,0.24721704739495126,0.22628062006932526,,
carbon_low,4.9,0.9776917829595722,0.9854063246710152,0.01009303493772379,0.010472628666359798,0.019690962557949606,0.2474767412655689,0.22778577870761946,,
carbon_low,5.0,0.9790270666998252,0.9862814105847552,0.009150080661558929,0.009496549804184191,0.0185114889396956,0.24771247983461006,0.22920099089491452,,
carbon_low,5.1000000000000005,0.9802907395305882,0.9871093880589981,0.008294267827326734,0.008610325524926691,0.017395366644367367,0.24792643304316808,0.23053106639880078,,
carbon_low,5.2,0.9814857643621135,0.9878922284348922,0.0075176806789005145,0.007805844802911573,0.016339962442820245,0.2481205798302746,0.23178061738745456,,
carbon_low,5.300000000000001,0.9826150821829875,0.9886318849873353,0.006813103225009337,0.0070757062050078616,0.015342664477532658,0.24829672419374738,0.2329540597162149,,
carbon_low,5.4,0.9836815976173393,0.9893302838696997,0.006173960009900308,0.006413158894241487,0.01440089479768859,0.2484565099975246,0.2340556151998363,,
carbon_low,5.5,0.984688166770291,0.9899893165162519,0.005594261553067725,0.005812048134017425,0.013512119895750014,0.24860143461173287,0.23508931471598288,,
carbon_low,5.6000000000000005,0.9856375871111686,0.9906108333420711,0.0050685541321140734,0.005266764999502094,0.012673859464636752,0.24873286146697124,0.23605900200233448,,
carbon_low,5.7,0.986532589166654,0.9911966385947826,0.004591873601046106,0.004772200016386244,0.011883693574787524,0.2488520315997383,0.23696833802495063,,
carbon_low,5.800000000000001,0.9873758298169435,0.9917484862258026,0.00415970295384161,0.004323700460699474,0.011139268452102374,0.24896007426153935,0.2378208058094369,,
carbon_low,5.9,0.9881698870071893,0.9922680766610994,0.0037679333600118604,0.00391703106661512,0.010438301020938482,0.24905801665999677,0.23861971563905826,,
carbon_low,6.0,0.9889172557042171,0.9927570543628109,0.0034128284151646155,0.0035483379022705295,0.009778582360835874,0.2491467928962086,0.23936821053537272,,
carbon_low,6.1000000000000005,0.9896203449448062,0.9932170060834946,0.0030909913652580104,0.0032141151865146093,0.00915798021139167,0.2492272521586853,0.24006927194729363,,
carbon_low,6.2,0.990281475836797,0.9936494597243659,0.0027993350783278954,0.002911174832148332,0.008574440646591663,0.249300166230418,0.24072572558382632,,
carbon_low,6.300000000000001,0.9909028803880451,0.994055883717699,0.002535054551965996,0.0026366185136062446,0.008025989027866913,0.24936623636200844,0.24134024733414156,,
carbon_low,6.4,0.991486701050884,0.9944376868616268,0.0022956017587160336,0.0023878120690972613,0.007510730334097496,0.2494260995603209,0.24191536922622345,,
carbon_low,6.5,0.9920349908813028,0.9947962185430034,0.0020786626448316887,0.0021623620589413172,0.0070268489566662155,0.24948033433879196,0.24245348538212574,,
carbon_low,6.6000000000000005,0.9925497142226363,0.9951327692907277,0.0018821361104985326,0.0019580943131696747,0.006572608038409168,0.2495294659723752,0.24295685793396612,,
carbon_low,6.7,0.9930327478332246,0.995448571608146,0.0017041148116582621,0.0017730343123696225,0.006146348426856401,0.24957397129708525,0.24342762287022907,,
carbon_low,6.800000000000001,0.993485882386308,0.9957448010387612,0.00154286763498835,0.0016053892562245841,0.005746487304448584,0.24961428309125255,0.24386779578680434,,
carbon_low,6.9,0.9939108242784334,0.9960225774246174,0.0013968237083875575,0.001453531684208891,0.005371516551400745,0.2496507940729028,0.2442792775215024,,
carbon_low,7.0,0.994309197689951,0.9962829663213969,0.0012645578195051373,0.0013159845224297037,0.005020000890510716,0.2496838605451235,0.24466385965461296,,
carbon_low,7.1000000000000005,0.9946825468477591,0.9965269805384762,0.0011447771244403751,0.0011914074396595239,0.0046905758574308015,0.24971380571888963,0.24502322986145905,,
carbon_low,7.2,0.9950323384464603,0.9967555817760313,0.0010363090377432734,0.0010785844041687896,0.0043819456346901285,0.24974092274056403,0.24535897710587395,,
carbon_low,7.300000000000001,0.9953599641894739,0.9969696823347264,0.0009380902032837039,0.0009764123410516033,0.004092880783030046,0.249765477449179,0.24567259666614905,,
carbon_low,7.4,0.9956667434165253,0.9971701468766455,0.0008491564534443429,0.0008838907973450329,0.003822215899355402,0.24978771088663881,0.24596549498728365,,
carbon_low,7.5,0.995953925788317,0.997357794218912,0.0007686336714529692,0.0008001125293831237,0.003568847226772205,0.24980784158213665,0.24623899435536462,,
carbon_low,7.6000000000000005,0.9962226940031115,0.9975333991439796,0.0006957294785247343,0.0007242549335134774,0.00333173023874232,0.24982606763036863,0.24649433739162657,,
carbon_low,7.7,0.9964741665234784,0.9976976942128121,0.0006297256738579353,0.0006555722475517092,0.003109877216304367,0.24984256858153525,0.24673269136523102,,
carbon_low,7.800000000000001,0.9967094002946173,0.9978513715691919,0.000569971361441667,0.0005933884561739114,0.002902354834556352,0.24985750715963928,0.2469551523250833,,
carbon_low,7.9,0.996929393438462,0.99799508472519,0.0005158767031147212,0.0005370908388673984,0.002708281772140613,0.24987103082422085,0.24716274905208077,,
carbon_low,8.0,0.997135087910272,0.9981294503194253,0.00046690724238642226,0.000486124104094331,0.002526826355288331,0.24988327318940298,0.24735644683411517,,
carbon_low,8.1,0.9973273721066382,0.998255049841155,0.0004225787482158997,0.0004399850579908495,0.0023572042460446112,0.24989435531294565,0.2475371510669015,,
carbon_low,8.200000000000001,0.9975070834157784,0.9983724313144925,0.0003824525322699515,0.00039821776024562044,0.0021986761825817367,0.24990438686693214,0.24770571068435088,,
carbon_low,8.3,0.9976750107027361,0.998482110938152,0.0003461311971648535,0.0003604091237966409,0.0020505457779991577,0.24991346720070856,0.24786292142270988,,
carbon_low,8.4,0.9978318967236064,0.9985845746770764,0.0003132547768652012,0.00032618491867197744,0.0019121573826791371,0.24992168630578349,0.24800952892310474,,
carbon_low,8.5,0.9979784404642523,0.9986802798031821,0.00028349723378631156,0.00029520614369981285,0.0017828940141052729,0.24992912569155307,0.24814623167744843,,
carbon_low,8.6,0.998115299400133,0.9987696563831612,0.0002565632802450106,0.0002671657329429087,0.0016621753570353344,0.2499358591799385,0.2482736838229037,,
carbon_low,8.700000000000001,0.9982430916748691,0.9988531087119489,0.00023218549474717965,0.00024178556659126208,0.0015494558360376926,0.2499419536263129,0.24839249779027597,,
carbon_low,8.8,0.998362398196065,0.9989310166910095,0.0002101217062076087,0.00021881375869144723,0.001444222761637311,0.24994746957344763,0.24850324681181124,,
carbon_low,8.9,0.9984737646476354,0.9990037371510779,0.0001901526215861708,0.0001980221965184768,0.001345994550660249,0.24995246184460285,0.24860646729394364,,
carbon_low,9.0,0.9985777034185461,0.9990716051193981,0.00017207967461071945,0.00017920430862186957,0.001254319020803544,0.24995698008134679,0.24870266106054428,,
carbon_low,9.1,0.9986746954484227,0.9991349350318487,0.00015572307525700045,0.00016217304061683468,0.0011687717589794898,0.24996106923118516,0.24879229747220666,,
carbon_low,9.200000000000001,0.9987651919909395,0.9991940218906398,0.00014092004148392843,0.00014675901965828444,0.001088954562580486,0.2499647699896283,0.24887581542704906,,
carbon_low,9.3,0.9988496162962952,0.9992491423685108,0.0001275231963924624,0.0001328088902430057,0.00101449395247406,0.24996811920090112,0.24895362524842832,,
carbon_low,9.4,0.9989283652143925,0.9993005558605531,0.00011539911550077711,0.00012018380554622488,0.0009450397562596266,0.24997115022112407,0.2490261104648655,,
carbon_low,9.5,0.9990018107206103,0.9993485054849521,0.00010442701021935365,0.00010875805992467937,0.0008802637600921708,0.24997389324744448,0.24909362948735342,,
carbon_low,9.600000000000001,0.9990703013662575,0.999393219034068,9.449753487798743e-05,9.841784951998263e-05,0.0008198584271968409,0.24997637561627994,0.2491565171890839,,
carbon_low,9.700000000000001,0.9991341636559683,0.9994349098773851,8.551170581278624e-05,8.906014908371977e-05,0.0007635356810569673,0.24997862207354643,0.24921508639249007,,
carbon_low,9.8,0.999193703354416,0.9994737778179215,7.737992207442123e-05,8.059169422869602e-05,0.0007110257511510284,0.24998065501948113,0.24926962926833063,,
carbon_low,9.9,0.99924920672482,0.9995100099037562,7.002107827795856e-05,7.292805929783337e-05,0.0006620760790372077,0.24998249473043027,0.2493204186513937,,
carbon_low,10.0,0.9993009417017791,0.9995437811963656,6.336176098756533e-05,6.599282194141195e-05,0.0006164502825331884,0.24998415955975312,0.24936770927722038,,
carbon_low,10.100000000000001,0.9993491590009872,0.9995752554974717,5.733552082369298e-05,5.971680631216346e-05,0.0005739271757102558,0.24998566611979417,0.2494117389440842,,
carbon_low,10.200000000000001,0.9993940931684246,0.9996045860361196,5.1882213202807746e-05,5.403739753300532e-05,0.0005342998424113173,0.24998702944669943,0.24945272960428827,,
carbon_low,10.3,0.9994359635715873,0.9996319161176876,4.69474012766376e-05,4.8897920770302075e-05,0.0004973747610092606,0.249988263149681,0.24949088838867192,,
carbon_low,10.4,0.9994749753353093,0.9996573797365236,4.248181523500638e-05,4.4247078862290896e-05,0.00046297097814267183,0.24998937954619121,0.2495264085680488,,
carbon_low,10.5,0.9995113202246935,0.999681102153863,3.844086267889703e-05,4.003844301305521e-05,0.00043091932919800434,0.24999038978433014,0.24955947045513255,,
carbon_low,10.600000000000001,0.999545177477625,0.9997032004426706,3.47841852632846e-05,3.622999157211857e-05,0.00040106170334893706,0.24999130395368396,0.24959024225033555,,
carbon_low,10.700000000000001,0.999576714589276,0.9997237840009968,3.1475257256925444e-05,3.27836923828527e-05,0.0003732503510131047,0.24999213118568553,0.24961888083467276,,
carbon_low,10.8,0.9996060880509623,0.9997429550353936,2.8481022072742618e-05,2.9665124603596384e-05,0.0003473472316420989,0.24999287974448164,0.24964553251283972,,
carbon_low,10.9,0.9996334440456329,0.9997608090159081,2.5771563191415756e-05,2.684313628745148e-05,0.0003232233998213438,0.249993557109202,0.24967033370938077,,
carbon_low,11.0,0.9996589191022089,0.9997774351041013,2.3319806235647598e-05,2.428953435361514e-05,0.0003007584277209124,0.24999417004844107,0.24969341162072012,,
carbon_low,11.100000000000001,0.9996826407109087,0.9997929165555052,2.110124925643608e-05,2.197880389799969e-05,0.00027983986200562887,0.249994724687686,0.2497148848256803,,
carbon_low,11.200000000000001,0.9997047279016171,0.9998073310978691,1.909371856834636e-05,1.988785407666744e-05,0.00026036271338199674,0.24999522657035805,0.249734863856976,,
carbon_low,11.3,0.9997252917872862,0.9998207512864995,1.7277147720823937e-05,1.7995788054910566e-05,0.00024222897702983853,0.24999568071306985,0.24975345173603997,,
carbon_low,11.4,0.9997444360742602,0.9998332448379437,1.5633377419363907e-05,1.6283694750046758e-05,0.00022534718223744148,0.2499960916556453,0.24977074447340775,,
carbon_low,11.5,0.9997622575413561,0.9998448749432123,1.4145974415983339e-05,1.473446030937049e-05,0.00020963196962985872,0.24999646350639632,0.24978683153676615,,
carbon_low,11.600000000000001,0.9997788464894297,0.9998557005616826,1.2800067574881998e-05,1.333259745820439e-05,0.00019500369445041478,0.2499967999831067,0.24980179628865584,,
carbon_low,11.700000000000001,0.9997942871631055,0.9998657766967772,1.1582199488187628e-05,1.2064091028455639e-05,0.0001813880544249913,0.24999710445012835,0.24981571639570294,,
carbon_low,11.8,0.9998086581462435,0.9998751546544614,1.0480192169876337e-05,1.0916258137158332e-05,0.0001687157408069993,0.249997379951958,0.24982866421115035,,
carbon_low,11.9,0.9998220327326617,0.9998838822855425,9.483025494801263e-06,9.877621628687868e-06,0.00015692211126783843,0.24999762924362687,0.24984070713235826,,
carbon_low,12.0,0.9998344792735501,0.9998920042127208,8.580727175582198e-06,8.937795525037422e-06,0.00014594688336285434,0.24999785481820683,0.24985190793484305,,
carbon_low,12.100000000000001,0.9998460615029409,0.9998995620432877,7.764273184117765e-06,8.08738134700447e-06,0.00013573384736619384,0.24999805893170465,0.24986232508433756,,
carbon_low,12.200000000000001,0.9998568388425328,0.9999065945683121,7.025497627776874e-06,7.3178742764791455e-06,0.00012623059732937391,0.2499982436255937,0.2498720130282635,,
carbon_low,12.3,0.9998668666870978,0.9999131379491321,6.357011183906895e-06,6.621578227291099e-06,0.00011738827927773144,0.2499984107472048,0.2498810224679262,,
carbon_low,12.4,0.9998761966716335,0.9999192258919096,5.752127281069126e-06,5.991528980195104e-06,0.00010916135551614588,0.24999856196818057,0.24988940061266357,,
carbon_low,12.5,0.9998848769213693,0.9999248898109656,5.2047952921996296e-06,5.421424617409025e-06,0.0001015073840704663,0.24999869880117784,0.24989719141710648,,
carbon_low,12.600000000000001,0.9998929522856616,0.9999301589815864,4.709540074443786e-06,4.905562564436633e-06,9.43868123439195e-05,0.2499988226149823,0.24990443580263755,,
carbon_low,12.700000000000001,0.9999004645567666,0.9999350606829436,4.261407253403001e-06,4.438782612412953e-06,8.776278411841606e-05,0.24999893464818768,0.24991117186406836,,
carbon_low,12.8,0.999907452674425,0.9999396203317343,3.855913706577274e-06,4.016415353539618e-06,8.160095907911419e-05,0.24999903602157425,0.24991743506249425,,
carbon_low,12.9,0.9999139529171301,0.9999438616071191,3.4890027524462485e-06,3.6342355159112906e-06,7.586934408687953e-05,0.24999912774931268,0.2499232584052248,,
carbon_low,13.0,0.9999199990809112,0.9999478065674998,3.157003598409031e-06,3.2884197326949386e-06,7.053813546741469e-05,0.2499992107491011,0.2499286726136327,,
carbon_low,13.100000000000001,0.9999256226464139,0.9999514757596473,2.856594643159513e-06,2.9755083246897523e-06,6.557957162787896e-05,0.24999928585134,0.249933706279711,,
carbon_low,13.200000000000001,0.9999308529350103,0.9999548883206583,2.584770267424546e-06,2.692370715196966e-06,6.096779535182085e-05,0.24999935380743404,0.2499383860120811,,
carbon_low,13.3,0.9999357172546337,0.9999580620731999,2.338810781714612e-06,2.436174132258439e-06,5.6678725161258924e-05,0.24999941529730554,0.249942736572143,,
carbon_low,13.4,0.9999402410359861,0.9999610136144627,2.1162552311727116e-06,2.2043552860353257e-06,5.268993517083653e-05,0.24999947093619315,0.2499467810010211,,
carbon_low,13.5,0.9999444479597366,0.9999637583992237,1.9148767860666246e-06,1.994594738715186e-06,4.898054289319609e-05,0.24999952128080444,0.24995054073791012,,
carbon_low,13.600000000000001,0.9999483600752803,0.9999663108173987,1.7326604722337308e-06,1.8047937111496176e-06,4.553110448714658e-05,0.24999956683488286,0.2499540357303945,,
carbon_low,13.700000000000001,0.9999519979116043,0.9999686842664385,1.5677830191105814e-06,1.6330530946992155e-06,4.232351697089245e-05,0.24999960805424615,0.24995728453727406,,
carbon_low,13.8,0.9999553805807675,0.9999708912188942,1.418594624091859e-06,1.4776544587377386e-06,3.934092695162469e-05,0.249999645351345,0.24996030442439204,,
carbon_low,13.9,0.9999585258744687,0.9999729432854757,1.283602451074554e-06,1.3370428641605878e-06,3.656764545021727e-05,0.24999967909938828,0.24996311145393682,,
carbon_low,14.0,0.9999614503541573,0.999974851273883,1.1614556983419083e-06,1.209811311250069e-06,3.398906842568532e-05,0.24999970963607657,0.24996572056764965,,
carbon_low,14.100000000000001,0.9999641694351005,0.9999766252436952,1.0509320865998053e-06,1.0946866665502171e-06,3.15916026285216e-05,0.24999973726697944,0.2499681456643498,,
carbon_low,14.200000000000001,0.9999666974648043,0.9999782745575728,9.509256321508542e-07,9.905169281584435e-07,2.9362596435096506e-05,0.24999976226859316,0.249970399672157,,
carbon_low,14.3,0.9999690477961581,0.9999798079290079,8.604355830191148e-07,8.962597021961289e-07,2.7290275337050053e-05,0.24999978489110558,0.24997249461576732,,
carbon_low,14.4,0.9999712328556495,0.9999812334668601,7.785564074487379e-07,8.109717753082062e-07,2.5363681780090186e-05,0.2499998053608994,0.2499744416791183,,
carbon_low,14.5,0.9999732642069701,0.9999825587168794,7.044687347078694e-07,7.337996789825008e-07,2.357261906589616e-05,0.24999982388281758,0.24997625126375075,,
carbon_low,14.600000000000001,0.9999751526103197,0.9999837907004222,6.374311576396704e-07,6.63971151381925e-07,2.1907599048975314e-05,0.24999984064221192,0.24997793304316193,,
carbon_low,14.700000000000001,0.999976908077697,0.999984935950542,5.767728150096714e-07,6.007874113449275e-07,2.0359793377391354e-05,0.24999985580679757,0.24997949601341923,,
carbon_low,14.8,0.9999785399244325,0.9999860005456322,5.218866794885583e-07,5.436161673208849e-07,1.8920988042329033e-05,0.24999986952833145,0.24998094854028818,,
carbon_low,14.9,0.9999800568172235,0.9999869901407791,4.7222348415951564e-07,4.918852913482629e-07,1.7583541016540853e-05,0.24999988194413036,0.2499822984031128,,
carbon_low,15.0,0.9999814668188987,0.9999879099969845,4.2728622681945443e-07,4.4507709482711847e-07,1.63403427758841e-05,0.24999989317844457,0.24998355283566787,,
carbon_low,15.100000000000001,0.9999827774301344,0.9999887650083933,3.8662519711754574e-07,4.0272314885032503e-07,1.5184779511455683e-05,0.24999990334370203,0.2499847185641898,,
carbon_low,15.200000000000001,0.9999839956283214,0.9999895597276626,3.4983347679989007e-07,3.643995972993909e-07,1.4110698852312927e-05,0.24999991254163212,0.24998580184277908,,
carbon_low,15.3,0.9999851279037779,0.9999902983895996,3.1654286805799103e-07,3.297229158352585e-07,1.311237793047754e-05,0.2499999208642843,0.24998680848635296,,
carbon_low,15.4,0.9999861802934847,0.9999909849331801,2.8642020925814283e-07,2.983460743710518e-07,1.2184493630901905e-05,0.24999992839494886,0.24998774390131734,,
carbon_low,15.5,0.9999871584125103,0.999991623022057,2.591640412014948e-07,2.6995506464677795e-07,1.132209487937168e-05,0.24999993520899094,0.2499886131141108,,
carbon_low,15.600000000000001,0.999988067483278,0.9999922160636664,2.3450159056912465e-07,2.442657581757327e-07,1.052057683096789e-05,0.24999994137460368,0.2499894207977721,,
carbon_low,15.700000000000001,0.999988912362829,0.9999927672270164,2.121860403778507e-07,2.2102106313520625e-07,9.77565683075202e-06,0.24999994695349118,0.2499901712966599,,
carbon_low,15.8,0.9999896975682077,0.9999932794592565,1.9199406014240376e-07,1.9998835176293706e-07,9.083352026804865e-06,0.24999995200148611,0.24999086864945894,,
carbon_low,15.9,0.9999904273001012,0.999993755501107,1.737235710366329e-07,1.80957132525524e-07,8.439958523679093e-06,0.24999995656910834,0.24999151661058433,,
carbon_low,16.0,0.9999911054648514,0.9999941979012227,1.5719172369650794e-07,1.637369437725798e-07,7.842031971747314e-06,0.24999996070207026,0.24999211867009813,,
carbon_low,16.1,0.999991735694949,0.9999946090295683,1.422330684343166e-07,1.481554478052792e-07,7.2863694948732375e-06,0.249999964441734,0.24999267807223885,,
carbon_low,16.2,0.9999923213681143,0.9999949910898699,1.286978995579528e-07,1.3405670629233186e-07,6.769992865336168e-06,0.2499999678255262,0.24999319783266066,,
carbon_low,16.3,0.9999928656250581,0.9999953461312073,1.1645075723035521e-07,1.212996197798491e-07,6.290132841009297e-06,0.24999997088731168,0.2499936807544705,,
carbon_low,16.400000000000002,0.9999933713860163,0.9999956760588021,1.0536907188028414e-07,1.0975651568314762e-07,5.844214585489986e-06,0.24999997365773297,0.24999412944314725,,
carbon_low,16.5,0.9999938413661393,0.9999959826440626,9.534193760127608e-08,9.93118706333915e-08,5.429844097185886e-06,0.2499999761645165,0.24999454632041923,,
carbon_low,16.6,0.9999942780898171,0.999996267533929,8.626900226603871e-08,8.986115439599853e-08,5.0447955783339845e-06,0.24999997843275043,0.249994933637172,,
carbon_low,16.7,0.999994683904009,0.999996532259576,7.805946325110344e-08,8.130978379379651e-08,4.686999679572653e-06,0.24999998048513528,0.24999529348545557,,
carbon_low,16.8,0.9999950609906518,0.9999967782445047,7.063115872306204e-08,7.357217616832402e-08,4.35453256002543e-06,0.24999998234221138,0.24999562780965134,,
carbon_low,16.900000000000002,0.9999954113782044,0.9999970068120799,6.390974539375348e-08,6.657089290844277e-08,4.045605706909708e-06,0.24999998402256457,0.2499959384168578,,
carbon_low,17.0,0.9999957369523895,0.9999972191925378,5.78279545168322e-08,6.023586447644533e-08,3.7585564624689396e-06,0.24999998554301228,0.24999622698654997,,
carbon_low,17.1,0.9999960394661918,0.9999974165295098,5.2324918680949924e-08,5.450368917718625e-08,3.4918392095633845e-06,0.24999998691877118,0.24999649507956184,,
carbon_low,17.2,0.9999963205491575,0.9999975998860912,4.734556266310529e-08,4.931699865353256e-08,3.2440171705558146e-06,0.2499999881636102,0.24999674414644008,,
carbon_low,17.3,0.9999965817160484,0.9999977702504882,4.284005224664894e-08,4.462388375901306e-08,3.013754777210373e-06,0.24999998928998773,0.24999697553521105,,
carbon_low,17.400000000000002,0.9999968243748911,0.999997928541269,3.876329548840813e-08,4.0377375062638763e-08,2.799810572200215e-06,0.24999999030917694,0.2499971904986052,,
carbon_low,17.5,0.9999970498344659,0.9999980756122514,3.507449144417401e-08,3.653497278747031e-08,2.601030605503879e-06,0.249999991231378,0.24999739020077302,,
carbon_low,17.6,0.9999972593112756,0.9999982122570495,3.173672183666475e-08,3.3058221479128155e-08,2.416342291475986e-06,0.24999999206582055,0.2499975757235295,,
carbon_low,17.7,0.9999974539360237,0.9999983392133006,2.8716581579761065e-08,2.991232514799656e-08,2.24474869471528e-06,0.2499999928208555,0.24999774807216144,,
carbon_low,17.8,0.999997634759643,0.9999984571665979,2.5983844461610817e-08,2.7065799033846713e-08,2.085323215033238e-06,0.24999999350403976,0.2499979081808255,,
carbon_low,17.900000000000002,0.999997802758902,0.9999985667541506,2.3511160641018606e-08,2.4490154508058077e-08,1.9372046438607077e-06,0.24999999412221072,0.24999805691756766,,
carbon_low,18.0,0.9999979588416203,0.9999986685681836,2.1273782929869433e-08,2.2159613960194733e-08,1.7995925663264181e-06,0.24999999468155507,0.24999819508898968,,
carbon_low,18.1,0.9999981038515177,0.9999987631591051,1.924931912239088e-08,2.005085281573339e-08,1.6717430850101618e-06,0.24999999518767102,0.249998323444587,,
carbon_low,18.2,0.999998238572724,0.9999988510384449,1.741750789270184e-08,1.8142766103227975e-08,1.5529648430225597e-06,0.24999999564562372,0.2499984426807817,,
carbon_low,18.3,0.9999983637339738,0.9999989326815957,1.576001601793783e-08,1.641625723485149e-08,1.442615325600597e-06,0.24999999605999662,0.2499985534446721,,
carbon_low,18.400000000000002,0.9999984800125082,0.9999990085303547,1.4260254897651416e-08,1.4854046886544725e-08,1.3400974208415377e-06,0.24999999643493673,0.24999865633751708,,
carbon_low,18.5,0.9999985880377003,0.9999990789952921,1.2903214533281149e-08,1.3440500065131697e-08,1.244856221533366e-06,0.2499999967741967,0.24999875191797638,,
carbon_low,18.6,0.9999986883944291,0.9999991444579497,1.1675313306210782e-08,1.2161469631761659e-08,1.1563760512849856e-06,0.24999999708117204,0.24999884070512196,,
carbon_low,18.7,0.9999987816262148,0.9999992052728888,1.0564262051039967e-08,1.1004154715716695e-08,1.0741776993195094e-06,0.24999999735893474,0.2499989231812368,,
carbon_low,18.8,0.9999988682381356,0.9999992617695916,9.558941063743005e-09,9.956972601633297e-09,9.978158493748015e-07,0.24999999761026498,0.24999899979441698,,
carbon_low,18.900000000000002,0.9999989486995381,0.9999993142542313,8.649288813838915e-09,9.009442808020426e-09,9.268766891627695e-07,0.24999999783767804,0.24999907096099028,,
carbon_low,19.0,0.999999023446559,0.9999993630113134,7.826201246821071e-09,8.152082196956944e-09,8.609756877769501e-07,0.24999999804344994,0.2499991370677635,,
carbon_low,19.1,0.9999990928844682,0.9999994083052102,7.0814406690783175e-09,7.376310065245905e-09,7.997555293120529e-07,0.24999999822964028,0.24999919847411206,,
carbon_low,19.200000000000003,0.9999991573898468,0.9999994503815758,6.40755330343662e-09,6.674362267192456e-09,7.428841917731769e-07,0.2499999983981121,0.24999925551392144,,
carbon_low,19.3,0.9999992173126147,0.9999994894686733,5.797794690221941e-09,6.039213509555396e-09,6.900531611105504e-07,0.2499999985505519,0.24999930849739174,,
carbon_low,19.400000000000002,0.999999272977911,0.9999995257785997,5.2460621872611665e-09,5.464507041007046e-09,6.409757709218137e-07,0.24999999868848505,0.24999935771271514,,
carbon_low,19.5,0.9999993246878478,0.9999995595084299,4.746833893282087e-09,4.944491032437598e-09,5.953856590213745e-07,0.24999999881329193,0.2499994034276341,,
carbon_low,19.6,0.9999993727231338,0.9999995908412761,4.295113383456448e-09,4.47396101139932e-09,5.530353326885566e-07,0.24999999892622204,0.24999944589089054,,
carbon_low,19.700000000000003,0.9999994173445892,0.9999996199472774,3.8863797039981e-09,4.0482077745751325e-09,5.136948349764099e-07,0.24999999902840525,0.24999948533357175,,
carbon_low,19.8,0.9999994587945522,0.9999996469845144,3.516542125358886e-09,3.66297025697819e-09,4.771505049936621e-07,0.24999999912086462,0.24999952197036124,,
carbon_low,19.900000000000002,0.9999994972981833,0.999999672099864,3.1818992011890975e-09,3.3143928861954403e-09,4.432038255664256e-07,0.24999999920452537,0.24999955600070134,,
carbon_low,20.0,0.9999995330646837,0.9999996954297908,2.87910172332087e-09,2.998986994874008e-09,4.1167035214617214e-07,0.24999999928022468,0.24999958760987412,,
carbon_high,0.0,1.0,1.0,1.0,1.0,0.0,0.0,0.0,,
carbon_high,0.1,0.46388307793863404,0.562910104888997,0.9321854447713991,0.9329004560348786,0.5166755596105478,0.5425164418288075,0.025840882218259746,,
carbon_high,0.2,0.22941229442618266,0.40129187135251476,0.8990294661058607,0.9025367484267683,0.7289313058508184,0.807764271153115,0.07883296530229635,,
carbon_high,0.30000000000000004,0.1252201397708386,0.3339428564370478,0.8795934617152721,0.8872897532862534,0.8207090410724547,0.9632523062778227,0.14254326520536842,,
carbon_high,0.4,0.07865930163562848,0.30506965925611546,0.8660131401783762,0.8785620876896101,0.861100169910646,1.0718948785729905,0.21079470866234423,,
carbon_high,0.5,0.057872094536609076,0.2929697929464562,0.8550301064119257,0.8727062501769234,0.87877634014412,1.1597591487045946,0.2809828085604741,,
carbon_high,0.6000000000000001,0.048725048638118135,0.2884176103422914,0.8452289913084077,0.8681220142109474,0.8862136169451874,1.23816806953274,0.35195445258755104,,
carbon_high,0.7000000000000001,0.044881903905322436,0.2873227898630397,0.8359797344217778,0.8640933720765117,0.8889757545263528,1.3121621246257784,0.42318637009942506,,
carbon_high,0.8,0.043477016238423496,0.2878324344268161,0.8269978547896168,0.8602957710350838,0.88957969990864,1.3840171616830643,0.4944374617744237,,
carbon_high,0.9,0.043204681301864764,0.2890965471343447,0.8181537043519269,0.8565806008395005,0.8891751516649793,1.454770365184582,0.5655952135196022,,
carbon_high,1.0,0.04346602923624935,0.29072176392752086,0.8093878026372748,0.8528791515563818,0.8882912424200623,1.5248975789017982,0.6366063364817363,,
carbon_high,1.1,0.0439847328916633,0.29252474288922076,0.800672736417711,0.8491592901969465,0.8871730706906789,1.5946181086583107,0.7074450379676316,,
carbon_high,1.2000000000000002,0.0446326053922597,0.29441948402867246,0.7919958509578316,0.8454057442570289,0.8859348151423287,1.6640331923373446,0.7780983771950163,,
carbon_high,1.3,0.04534992325838729,0.2963654034699791,0.7833513276447159,0.8416110632982339,0.8846299209714572,1.7331893788422699,0.8485594578708129,,
carbon_high,1.4000000000000001,0.046108797841823715,0.2983432375585189,0.7747365339309931,0.8377714485285598,0.8832834850869161,1.8021077285520524,0.9188242434651368,,
carbon_high,1.5,0.04689623485984758,0.30034379096333624,0.7661503312741906,0.8338848167229105,0.8819072915538243,1.8707973498064703,0.988890058252648,,
carbon_high,1.6,0.047706252968934326,0.3023626510629923,0.7575922860607733,0.8299498961150842,0.8805068339010288,1.9392617115138089,1.0587548776127846,,
carbon_high,1.7000000000000002,0.048536195387787445,0.3043976905483865,0.7490622994662235,0.8259658018084706,0.8790846142359388,2.0075016042702076,1.1284169900342733,,
carbon_high,1.8,0.0493849937010339,0.30644788065778755,0.7405604328213048,0.8219318353281903,0.8776417022413338,2.075516537429557,1.197874835188228,,
carbon_high,1.9000000000000001,0.05025234586515336,0.30851272403768265,0.7320868247478123,0.8178473895659286,0.8761784761404348,2.1433054020174978,1.2671269258770688,,
carbon_high,2.0,0.05113832483610481,0.3105919822218101,0.723641651621392,0.8137119035776937,0.8746949768648038,2.210866787028861,1.3361718101640623,,
carbon_high,2.1,0.052043191223198254,0.31268554399743015,0.7152251086101676,0.8095248411072986,0.8731910782634069,2.278199131118655,1.405008052855253,,
carbon_high,2.2,0.05296730317834768,0.31479336153232584,0.7068374005427494,0.8052856804735735,0.8716665693095406,2.345300795658,1.4736342263484645,,
carbon_high,2.3000000000000003,0.05391107290116382,0.31691541928169886,0.6984787375005883,0.800993909938496,0.8701211939605417,2.412170099995288,1.542048906034751,,
carbon_high,2.4000000000000004,0.05487494562727471,0.3190517188472089,0.6901493326957548,0.7966490257406739,0.8685546705170057,2.478805338433957,1.6102506679169561,,
carbon_high,2.5,0.055859389528321174,0.32120227164746246,0.6818494014623193,0.7922505314389467,0.866966700995539,2.5452047883014397,1.6782380873059064,,
carbon_high,2.6,0.05686489094309463,0.3233670954396103,0.6735791607951707,0.7877979379101592,0.8653569756040255,2.6113667136386276,1.7460097380346082,,
carbon_high,2.7,0.05789195223309462,0.325546212754579,0.665338829161224,0.7832907636819608,0.863725174796599,2.677289366710201,1.8135641919136067,,
carbon_high,2.8000000000000003,0.05894109094221895,0.32773965029281027,0.6571286264487124,0.7787285354445959,0.8620709701209346,2.742970988410292,1.8809000182893623,,
carbon_high,2.9000000000000004,0.06001283961301579,0.32994743880903005,0.6489487739886697,0.7741107886651426,0.8603940244547117,2.808409808090636,1.9480157836359269,,
carbon_high,3.0,0.06110774594021031,0.3321696132515657,0.6407994946161725,0.7694370682665926,0.8586939919265656,2.873604043070615,2.0149100511440525,,
carbon_high,3.1,0.06222637310334776,0.33440621303899737,0.6326810127553546,0.7647069293533659,0.8569705176683188,2.938551897957156,2.081581380288841,,
carbon_high,3.2,0.06336930019993448,0.33665728241525844,0.6245935545203498,0.7599199379743736,0.8552232374717338,3.003251563837196,2.1480283263654636,,
carbon_high,3.3000000000000003,0.06453712273995309,0.33892287085349004,0.6165373478283558,0.7550756719194911,0.8534517773863859,3.067701217373148,2.2142494399867623,,
carbon_high,3.4000000000000004,0.06573045318234907,0.3412030334936237,0.6085126225230505,0.7501737215476922,0.8516557532768975,3.1318990198155916,2.2802432665386947,,
carbon_high,3.5,0.06694992150399691,0.34349783160608516,0.6005196105076006,0.7452136906463048,0.8498347703485358,3.195843115939189,2.346008345590655,,
carbon_high,3.6,0.06819617579665686,0.3458073330777732,0.5925585458870232,0.7401951973214649,0.8479884226454915,3.2595316329038124,2.4115432102583187,,
carbon_high,3.7,0.06946988288997871,0.3481316129183859,0.5846296651199234,0.7351178749201641,0.846116292523777,3.322962679040609,2.476846386516831,,
carbon_high,3.8000000000000003,0.0707717289999065,0.35047075378613585,0.576733207179765,0.7299813729844675,0.8442179500994722,3.3861343425618773,2.5419163924624026,,
carbon_high,3.9000000000000004,0.072102420402502,0.35282484653239937,0.5688694137258973,0.7247853582385492,0.8422929526724243,3.4490446901928165,2.606751737520389,,
carbon_high,4.0,0.07346268413354368,0.3551939907650796,0.5610385292846043,0.7195295156092779,0.8403408441251997,3.5116917657231594,2.6713509215979565,,
carbon_high,4.1000000000000005,0.07485326871442571,0.35757829543058334,0.553240801440446,0.7142135492810759,0.8383611542969386,3.5740735884764265,2.7357124341794834,,
carbon_high,4.2,0.07627494490495934,0.3599778794143629,0.5454764810381826,0.7088371837858334,0.8363533983316895,3.6361881516945336,2.7998347533628403,,
carbon_high,4.3,0.07772850648370797,0.36239287215997906,0.537745822395564,0.7034001651286519,0.8343170760007936,3.6980334208354835,2.8637163448346845,,
carbon_high,4.4,0.07921477105648411,0.36482341430663706,0.5300490835272718,0.6979022619502087,0.832251670998885,3.7596073317818224,2.927355660782932,,
carbon_high,4.5,0.08073458089361724,0.36726965834512293,0.5223865263802927,0.6923432667265365,0.8301566502131077,3.820907788957655,2.9907511387445416,,
carbon_high,4.6000000000000005,0.08228880379656395,0.369731769292045,0.5147584170810006,0.6867229970070332,0.828031462965184,3.8819326633519893,3.053901200386802,,
carbon_high,4.7,0.08387833399438634,0.37220992538224057,0.5071650261942127,0.6810412966914869,0.8258755402260153,3.9426797904462942,3.1168042502202784,,
carbon_high,4.800000000000001,0.08550409307056248,0.37470431877918187,0.4996066289944781,0.6752980373469448,0.8236882938025576,4.00314696804417,3.179458674241612,,
carbon_high,4.9,0.08716703092052122,0.3772151563031563,0.49208350574985094,0.6694931195652156,0.821469115496777,4.063331954001189,3.241862838504413,,
carbon_high,5.0,0.08886812674020841,0.379742660176961,0.4845959420183768,0.6636264743618041,0.8192173762365689,4.1232324638529825,3.3040150876164143,,
carbon_high,5.1000000000000005,0.0906083900458907,0.3822870687887875,0.477144228957518,0.6576980646170725,0.8169324251786105,4.182846168339854,3.365913743161243,,
carbon_high,5.2,0.09238886172528685,0.38484863747191694,0.4697286636467206,0.6517078865603915,0.8146135887832165,4.242170690826232,3.4275571020430164,,
carbon_high,5.300000000000001,0.09421061511998412,0.3874276393007775,0.4623495494233059,0.6456559712980403,0.8122601698613782,4.301203604613547,3.4889434347521715,,
carbon_high,5.4,0.0960747571389412,0.3900243659028422,0.4550071962318521,0.6395423863855847,0.8098714465942952,4.359942430145177,3.5500709835508832,,
carbon_high,5.5,0.09798242940270667,0.3926391282857623,0.44770192098720174,0.6333672374454211,0.8074466715258481,4.418384632102382,3.6109379605765337,,
carbon_high,5.6000000000000005,0.09993480941778052,0.39527225767903956,0.4404340479512065,0.6271306698301493,0.8049850705286247,4.476527616390339,3.67154254586172,,
carbon_high,5.7,0.10193311178032174,0.3979241063894357,0.4332039091232875,0.6208328703323716,0.8024858417442838,4.5343687270136925,3.7318828852694113,,
carbon_high,5.800000000000001,0.10397858940814864,0.4005950486692063,0.4260118446448523,0.6144740689414719,0.7999481544992549,4.591905242841175,3.791957088341924,,
carbon_high,5.9,0.10607253479969139,0.40328548159611616,0.4188582032175709,0.6080545406478384,0.7973711481969818,4.649134374259427,3.851763226062448,,
carbon_high,6.0,0.10821628131823266,0.40599582596404604,0.411743342535469,0.6015746072949307,0.7947539311881823,4.706053259716243,3.911299328528062,,
carbon_high,6.1000000000000005,0.11041120449940925,0.4087265271828516,0.4046676297307414,0.5950346394794694,0.7920955796208679,4.762658962154064,3.9705633825331965,,
carbon_high,6.2,0.11265872337954197,0.41147805618594374,0.3976314418331372,0.5884350584999328,0.7893951362721848,4.818948465334903,4.029553329062708,,
carbon_high,6.300000000000001,0.1149603018419075,0.4142509103438704,0.39063516624270006,0.5817763383533944,0.7866516093644805,4.874918670058401,4.088267060693902,,
carbon_high,6.4,0.1173174499775615,0.4170456143819564,0.38367920121557975,0.5750590077805902,0.7838639713683896,4.930566390275364,4.146702418906956,,
carbon_high,6.5,0.1197317254567605,0.4198627212998069,0.37676395636254667,0.5682836523589087,0.7810311577961545,4.985888349099625,4.204857191303455,,
carbon_high,6.6000000000000005,0.12220473490640743,0.422702813290213,0.3698898531597597,0.5614509166428243,0.7781520659888792,5.040881174721921,4.262729108733024,,
carbon_high,6.7,0.12473813528825577,0.4255665026546865,0.36305732547123365,0.5545615063510241,0.7752255539019258,5.095541396230129,4.320315842328186,,
carbon_high,6.800000000000001,0.12733363527184466,0.42845443271252176,0.35626682008234595,0.5476161905992383,0.7722504388932485,5.149865439341228,4.377615000447966,,
carbon_high,6.9,0.1299929965952964,0.43136727869990005,0.3495187972436034,0.5406158041774749,0.7692254965200964,5.203849622051168,4.434624125531062,,
carbon_high,7.0,0.1327180354061811,0.43430574865514726,0.3428137312237525,0.5335612498700215,0.7661494593502123,5.25749015020997,4.491340690859749,,
carbon_high,7.1000000000000005,0.13551062357363747,0.4372705842857954,0.3361521108711732,0.5264535008162012,0.7630210157944267,5.310783113030606,4.547762097236172,,
carbon_high,7.2,0.1383726899618205,0.44026256181259993,0.3295344401823286,0.5192936029094253,0.7598388089683872,5.363724478541364,4.6038856695729695,,
carbon_high,7.300000000000001,0.14130622165352935,0.44328249278511245,0.3229612388758701,0.5120826772316363,0.7566014355920877,5.416310088993045,4.659708653400935,,
carbon_high,7.4,0.14431326511153536,0.4463312248628048,0.3164330429707931,0.5048219225196657,0.7533074449368653,5.4685356562336604,4.715228211296775,,
carbon_high,7.5,0.14739592726367734,0.4494096425550809,0.3099504053668293,0.49751261765946886,0.749955337830635,5.5203967570653685,4.770441419234715,,
carbon_high,7.6000000000000005,0.1505563764962203,0.45251866791278905,0.3035138964250177,0.4901561242035167,0.7465435657333163,5.5718888285998585,4.825345262866524,,
carbon_high,7.7,0.1537968435382607,0.4556592611630618,0.2971241045461468,0.4827538889059152,0.7430705298957067,5.623007163630833,4.879936633735104,,
carbon_high,7.800000000000001,0.1571196222181221,0.45883242127846163,0.29078163674446583,0.475307446268998,0.7395345806164487,5.67374690604428,4.934212325427806,,
carbon_high,7.9,0.160527070070694,0.46203918647048,0.2844871192137705,0.4678184210942753,0.7359340166132488,5.724103046289845,4.988169029676567,,
carbon_high,8.0,0.16402160877253602,0.4652806345964426,0.2782411978826233,0.46028853102962813,0.7322670845261186,5.774070416939022,5.041803332412874,,
carbon_high,8.1,0.16760572437928536,0.46855788346780436,0.2720445389551178,0.4527195891036049,0.7285319785721601,5.823643688359066,5.095111709786878,,
carbon_high,8.200000000000001,0.17128196733748502,0.47187209104666505,0.2658978294331875,0.4451135062364677,0.7247268403732431,5.8728173645345105,5.148090524161237,,
carbon_high,8.3,0.17505295224034073,0.47522445551609244,0.2598017776160881,0.43747229371646157,0.7208497589799296,5.921585779071309,5.20073602009135,,
carbon_high,8.4,0.1789213572942294,0.478616215208561,0.25375711357216796,0.4297980656283178,0.7168987711170457,5.969943091422667,5.253044320305598,,
carbon_high,8.5,0.1828899234598884,0.48204864837540556,0.24776458957761574,0.422093041219606,0.7128718616785196,6.017883283379083,5.305011421700538,,
carbon_high,8.6,0.1869614532292371,0.48552307277874135,0.2418249805163383,0.4143595471889242,0.7087669645014013,6.065400155869303,5.3566331913678775,,
carbon_high,8.700000000000001,0.19113880899568186,0.48904084508577583,0.23593908423458895,0.4066000198782507,0.7045819634513651,6.112487326123302,5.407905362671906,,
carbon_high,8.8,0.19542491097255835,0.4926033600438468,0.23010772184339567,0.3988170073499423,0.7003146938544699,6.159138225252842,5.458823531398346,,
carbon_high,8.9,0.19982273461111577,0.4962120494128854,0.2243317379612402,0.39101317132697666,0.6959629443124834,6.205346096310089,5.509383151997574,,
carbon_high,9.0,0.2043353074661583,0.4998683806303243,0.21861200088881766,0.38319128897298715,0.6915244589416503,6.251103992889469,5.559579533947785,,
carbon_high,9.1,0.2089657054541881,0.503573855181767,0.21294940270706147,0.37535425448653215,0.6869969400773487,6.296404778343519,5.6094078382661365,,
carbon_high,9.200000000000001,0.21371704844569012,0.5073300066490449,0.2073448592889548,0.36750508048181335,0.6823780514896282,6.34124112568837,5.658863074198708,,
carbon_high,9.3,0.21859249513011167,0.5111383984055988,0.20179931021497782,0.35964689912577497,0.6776654221570956,6.385605518280184,5.707940096123054,,
carbon_high,9.4,0.2235952370892194,0.5150006209275111,0.19631371858136,0.3517829629991537,0.6728566506489475,6.429490251349122,5.756633600700146,,
carbon_high,9.5,0.22872849201191375,0.5189182886869742,0.19088907068963415,0.34391664564667745,0.6679493101671029,6.47288743448293,5.804938124315797,,
carbon_high,9.600000000000001,0.2339954959813797,0.5228930365935922,0.18552637560532684,0.3360514417791871,0.6629409543022711,6.515788995157392,5.852848040855086,,
carbon_high,9.700000000000001,0.23939949476374994,0.5269265159476935,0.1802266645729898,0.32819096708809714,0.6578291235593308,6.558186683416087,5.900357559856724,,
carbon_high,9.8,0.24494373402637992,0.5310203898688566,0.17499099027418377,0.3203389576302886,0.6526113527084867,6.600072077806535,5.947460725098015,,
carbon_high,9.9,0.2506314484135464,0.5351763281621951,0.1698204259144971,0.31249926873931955,0.6472851790192071,6.641436592684029,5.994151413664787,,
carbon_high,10.0,0.2564658494080241,0.5393960015846395,0.16471606412522535,0.3046758734168017,0.6418481514338139,6.682271486998202,6.040423335564356,,
carbon_high,10.100000000000001,0.2624501119087713,0.5436810754736474,0.15967901566498593,0.29687286015597014,0.6362978407366522,6.722567874680115,6.086270033943441,,
carbon_high,10.200000000000001,0.2685873594580303,0.5480332027014778,0.15471040790631363,0.289094430147962,0.6306318507728732,6.762316736749491,6.131684885976601,,
carbon_high,10.3,0.274880648055764,0.5524540159195541,0.14981138309220376,0.2813448938201768,0.624847830767841,6.801508935262367,6.176661104494512,,
carbon_high,10.4,0.2813329485056898,0.5569451190595519,0.14498309634767886,0.27362866665541374,0.6189434887939055,6.840135229218562,6.221191740424645,,
carbon_high,10.5,0.28794712724549276,0.5615080780608573,0.1402267134317695,0.2659502642403833,0.6129166064255177,6.878186292545837,6.265269686120307,,
carbon_high,10.600000000000001,0.2947259256243091,0.5661444107980138,0.13554340821586974,0.25831429649273474,0.6067650546162996,6.915652734273035,6.308887679656731,,
carbon_high,10.700000000000001,0.30167193760352085,0.570855576186859,0.13093435987527596,0.2507254610170908,0.6004868108224788,6.952525120997785,6.352038310175297,,
carbon_high,10.8,0.3087875858724761,0.5756429624543694,0.12640074978188812,0.24318853554280645,0.594079977385912,6.9887940017448855,6.394714024358966,,
carbon_high,10.9,0.31607509638918585,0.5805078745648696,0.12194375808758161,0.2357083693994168,0.5875428011765806,7.024449935299332,6.436907134122748,,
carbon_high,11.0,0.3235364713774812,0.585451520804369,0.11756455998967358,0.22828987399012668,0.5808736944787949,7.059483520082595,6.478609825603799,,
carbon_high,11.100000000000001,0.3311734608366992,0.5904749985354328,0.11326432167225634,0.22093801222931675,0.5740712570872728,7.093885426621932,6.519814169534657,,
carbon_high,11.200000000000001,0.33898753264775006,0.5955792791472531,0.10904419591997029,0.21365778691703768,0.5671342995586901,7.127646432640221,6.560512133081524,,
carbon_high,11.3,0.3469798413904279,0.6007651922395338,0.10490531740407166,0.20645422803190083,0.5600618675411785,7.160757460767409,6.60069559322622,,
carbon_high,11.4,0.3551511960209506,0.6060334090944259,0.10084879764443316,0.19933237893375597,0.5528532670786378,7.19320961884452,6.64035635176587,,
carbon_high,11.5,0.3635020265957901,0.611384425508051,0.09687571965540247,0.19229728147910513,0.5455080907586799,7.2249942427567655,6.679486151998078,,
carbon_high,11.600000000000001,0.37203235026754794,0.6168185440720506,0.09298713228823698,0.18535396006537963,0.5380262445427818,7.25610294169409,6.718076697151304,,
carbon_high,11.700000000000001,0.3807417368205076,0.6223358560159366,0.08918404428811325,0.17850740463497355,0.5304079750850254,7.286527645695077,6.7561196706100475,,
carbon_high,11.8,0.38962927405696957,0.6279362227426707,0.08546741808944312,0.17176255268623714,0.5226538973120772,7.316260655284438,6.793606757972352,,
carbon_high,11.9,0.39869353338975605,0.6336192572124794,0.08183816337936807,0.16512427035636842,0.5147650220023308,7.345294692965039,6.830529670962698,,
carbon_high,12.0,0.40793253604046953,0.6393843053531822,0.07829713046577173,0.15859733266012668,0.5067427830670214,7.373622956273811,6.866880173206779,,
carbon_high,12.100000000000001,0.4173437202860809,0.6452304276987412,0.07484510349286214,0.1521864029883056,0.4985890642014507,7.401239172057083,6.902650107855629,,
carbon_high,12.200000000000001,0.42692391023695286,0.6511563814808395,0.07148279355420849,0.14589601199063595,0.4903062245411124,7.4281376515663124,6.937831427025204,,
carbon_high,12.3,0.43666928666606875,0.6571606034204586,0.06821083175993814,0.1397305359888646,0.4818971229265425,7.454313345920479,6.972416222993937,,
carbon_high,12.4,0.44657536044047397,0.6632411934868874,0.0650297623214467,0.1336941750867447,0.4733651403532891,7.479761901428407,7.006396761075127,,
carbon_high,12.5,0.45663694913015507,0.6693958999096947,0.061940035723265466,0.12779093116406204,0.4647142001607226,7.504479714213852,7.039765514053146,,
carbon_high,12.600000000000001,0.4668481573850679,0.67562210574396,0.058942002057469974,0.12202458596103473,0.45594878549682155,7.528463983540215,7.0725151980434156,,
carbon_high,12.700000000000001,0.47720236167613395,0.6819168172997592,0.05603590460099059,0.11639867947687416,0.44707395358685514,7.551712763192051,7.104638809605214,,
carbon_high,12.8,0.4876921999891767,0.6882766547525513,0.053221873720179405,0.11091648892130816,0.43809534633335445,7.574225010238537,7.136129663905203,,
carbon_high,12.9,0.498309567040515,0.6946978452509173,0.05049992118978329,0.1055810084698065,0.4290191967841261,7.596000630481704,7.166981433697604,,
carbon_high,13.0,0.5090456155480995,0.7011762188312477,0.04786993501485446,0.10039493008145178,0.4198523310253497,7.617040519881132,7.19718818885581,,
carbon_high,13.100000000000001,0.5198907640417867,0.707707207434747,0.04533167484390779,0.09536062564226397,0.4106021650889036,7.637346601248705,7.226744436159825,,
carbon_high,13.200000000000001,0.5308347116301306,0.71428584729998,0.04288476805963891,0.09048013069576069,0.40127669650752057,7.656921855522857,7.255645159015359,,
carbon_high,13.3,0.5418664600589682,0.7209067849737828,0.040528706629616655,0.0857551300161621,0.39188449020843896,7.675770346963036,7.283885856754618,,
carbon_high,13.4,0.5529743432996281,0.7275642871444814,0.03826284479347963,0.0811869452676143,0.3824346585057185,7.693897241652131,7.311462583146435,,
carbon_high,13.5,0.5641460647930014,0.7342522544542377,0.036086397655261296,0.07677652497490685,0.3729368350327127,7.711308818757872,7.3383719837251835,,
carbon_high,13.600000000000001,0.5753687423517257,0.7409642393923218,0.03399844073958553,0.07252443700742384,0.3634011425482583,7.728012474083281,7.3646113315350386,,
carbon_high,13.700000000000001,0.586628960588796,0.747693468308951,0.031997910558710076,0.0684308637486557,0.3538381546513856,7.744016715530288,7.390178560878915,,
carbon_high,13.8,0.5979128305999879,0.7544328675211454,0.03008360622392446,0.06449560008892946,0.3442588515477086,7.759331150208569,7.415072298660874,,
carbon_high,13.9,0.6092060564830593,0.7611750934091522,0.028254192119877588,0.06071805433966994,0.3346745701236556,7.773966463040944,7.439291892917303,,
carbon_high,14.0,0.6204940081327477,0.7679125663261124,0.026508201644323777,0.057097252124289635,0.32509694869945416,7.787934386845379,7.462837438145941,,
carbon_high,14.100000000000001,0.6317617996112269,0.7746375080666755,0.024844041998908373,0.05363184325469636,0.31553786694515296,7.801247664008704,7.4857097970635635,,
carbon_high,14.200000000000001,0.6429943722633162,0.7813419825643566,0.02325999999938021,0.05032011155453062,0.3060093815525933,7.813920000004931,7.507910618452348,,
carbon_high,14.3,0.6541765816285822,0.7880179394147975,0.02175424885646955,0.04715998754184354,0.29652365835673145,7.825966009148216,7.529442350791493,,
carbon_high,14.4,0.6652932871025581,0.7946572597549938,0.020324855862078012,0.044149063836311966,0.28709290168877355,7.8374011531033485,7.5503082514145845,,
carbon_high,14.5,0.676329443220268,0.8012518039692411,0.018969790899855902,0.04128461311057889,0.27772928181810336,7.848241672801122,7.570512390983032,,
carbon_high,14.600000000000001,0.6872701913800363,0.8077934606430299,0.01768693568514398,0.0385636083632066,0.2684448613972895,7.858504514518815,7.590059653121539,,
carbon_high,14.700000000000001,0.6981009507964564,0.8142741961482108,0.016474093627037507,0.03598274525322098,0.25925152186233563,7.868207250983673,7.608955729121349,,
carbon_high,14.8,0.708807507469792,0.8206861042179213,0.015329000195342958,0.033538466204371814,0.2501608907572061,7.8773679984372285,7.627207107680034,,
carbon_high,14.9,0.7193760999853425,0.8270214548590253,0.014249333667723827,0.031226985961900156,0.24118427094665598,7.886005330658184,7.644821059711539,,
carbon_high,15.0,0.7297935010099409,0.8332727419537831,0.013232726127564839,0.029044318266429996,0.23233257265436688,7.894138190979461,7.661805618325099,,
carbon_high,15.100000000000001,0.7400470934322039,0.8394327289211752,0.012276774581130526,0.02698630329898627,0.22361624921501025,7.9017858033509345,7.6781695541359305,,
carbon_high,15.200000000000001,0.7501249401959935,0.845494491841331,0.011379052063462156,0.025048635548212628,0.2150452373604941,7.908967583492283,7.693922346131789,,
carbon_high,15.3,0.7600158469996168,0.8514514594929213,0.010537118606060767,0.023226891755491162,0.20662890277436954,7.915703051151491,7.709074148377124,,
carbon_high,15.4,0.7697094171726394,0.857297449811742,0.009748531945571227,0.021516558605475654,0.19837599154685864,7.922011744435409,7.723635752888555,,
carbon_high,15.5,0.779196098193617,0.8630267023473075,0.009010857861157889,0.019913059847929977,0.1902945880493274,7.927913137110715,7.737618549061391,,
carbon_high,15.600000000000001,0.7884672194708372,0.8686339063709124,0.008321680038730078,0.018411782560925065,0.18239207962474574,7.933426559690135,7.75103448006539,,
carbon_high,15.700000000000001,0.7975150211697482,0.8741142243710519,0.007678609372265162,0.017008102294441135,0.1746751283633893,7.938571125021854,7.76389599665846,,
carbon_high,15.8,0.8063326740305001,0.8794633107578282,0.007079292625787107,0.015697406866200803,0.16714965010441277,7.943365658993677,7.776216008889259,,
carbon_high,15.9,0.814914290272704,0.8846773256845575,0.00652142039367226,0.014475118617018643,0.1598208006775147,7.947828636850595,7.788007836173074,,
carbon_high,16.0,0.8232549258283443,0.8897529439798838,0.006002734311455134,0.013336714969979905,0.15269296927799633,7.951978125508333,7.799285156230335,,
carbon_high,16.1,0.8313505742744255,0.8946873592650404,0.0055210334837984855,0.012277747175279194,0.14576977875602773,7.955831732129591,7.810061953373559,,
carbon_high,16.2,0.8391981529519055,0.8994782834065786,0.005074180110406257,0.011293857159554143,0.13905409249932,7.9594065591167285,7.820352466617401,,
carbon_high,16.3,0.8467954818547732,0.9041239415232064,0.004660104304070872,0.010380792434139956,0.13254802749961306,7.962719165567413,7.830171138067788,,
carbon_high,16.400000000000002,0.8541412559516424,0.9086230628250773,0.004276808107484557,0.009534419050079634,0.12625297311881675,7.965785535140103,7.839532562021273,,
carbon_high,16.5,0.8612350116614474,0.9129748676139827,0.003922368726688112,0.008750732618321173,0.12016961501110135,7.968621050186479,7.848451435175365,,
carbon_high,16.6,0.8680770882448687,0.9171790508128994,0.0035949410089212235,0.008025867440847018,0.11429796361305196,7.97124047192861,7.85694250831555,,
carbon_high,16.7,0.8746685848947422,0.9212357624229854,0.0032927592010711638,0.007356103822184407,0.10863738658494992,7.973657926391411,7.865020539806455,,
carbon_high,16.8,0.8810113143130942,0.9251455853255935,0.003014138031842754,0.00673787365065968,0.10318664457169335,7.975886895745237,7.872700251173541,,
carbon_high,16.900000000000002,0.8871077535511767,0.9289095108565343,0.002757473166193419,0.0061677643548424775,0.0979439296508374,7.977940214670438,7.87999628501959,,
carbon_high,17.0,0.8929609928638582,0.9325289125804268,0.0025212410845345447,0.005642521352942057,0.09290690584638435,7.979830071323709,7.886923165477311,,
carbon_high,17.1,0.898574683292964,0.9360055186853206,0.002303998441776002,0.0051590491216442595,0.08807275110882538,7.981568012465782,7.893495261356938,,
carbon_high,17.2,0.9039529836478352,0.9393413834029176,0.0021043809625915714,0.004714411016259549,0.08343820019285914,7.9831649522992585,7.899726752106379,,
carbon_high,17.3,0.9091005074976048,0.9425388578387593,0.0019211019294382936,0.004305827976399719,0.07899958790249223,7.98463118456448,7.9056315966619755,,
carbon_high,17.400000000000002,0.9140222707305962,0.9456005605707901,0.0017529503190163353,0.003930676251065326,0.0747528922171871,7.985976397447857,7.9112235052306605,,
carbon_high,17.5,0.9187236401737318,0.9485293483449564,0.0015987886411559752,0.0035864842743755223,0.07069377686069073,7.9872096908707455,7.916515914010037,,
carbon_high,17.6,0.9232102837007384,0.9513282871640196,0.0014575505317172813,0.0032709288185906356,0.06681763292465354,7.9883395957462575,7.9215219628215845,,
carbon_high,17.7,0.9274881221937814,0.9540006240315714,0.0013282381481320546,0.0029818305449354683,0.06311961921071385,7.98937409481494,7.926254475604205,,
carbon_high,17.8,0.9315632836603804,0.9565497595783523,0.0012099194128462733,0.002717149065385797,0.05959470100614486,7.990320644697224,7.93072594369106,,
carbon_high,17.900000000000002,0.9354420597470989,0.9589792217631364,0.0011017251462636702,0.002474977620363553,0.05623768705839559,7.991186198829887,7.934948511771477,,
carbon_high,18.0,0.9391308648345578,0.9612926408064455,0.0010028461269620318,0.0022535374684968254,0.05304326456199711,7.991977230984301,7.938933966422285,,
carbon_high,18.1,0.9426361978454167,0.9634937254827459,0.0009125301130558328,0.0020511720755064388,0.050006032016677464,7.992699759095551,7.9426937270788525,,
carbon_high,18.2,0.9459646068486243,0.9655862408660622,0.0008300788546982807,0.001866341180109886,0.047120529857584,7.993359369162413,7.946238839304808,,
carbon_high,18.3,0.9491226564997453,0.9675739875954452,0.0007548451239250867,0.0016976148057788077,0.044381268796882166,7.993961239008598,7.949579970211696,,
carbon_high,18.400000000000002,0.9521168983186747,0.9694607827007536,0.0006862297843999785,0.0015436672784060936,0.041782755850469096,7.9945101617248016,7.952727405874306,,
carbon_high,18.5,0.9549538437725611,0.9712504420058539,0.0006236789201724683,0.0014032713015556867,0.03931951805398436,7.9950105686386195,7.9556910505846155,,
carbon_high,18.6,0.957639940103162,0.9729467641057138,0.0005666810393353759,0.00127529213307669,0.03698612389874575,7.995466551685317,7.958480427786554,,
carbon_high,18.7,0.9601815488139546,0.9745535158959665,0.000514764365494945,0.0011586818995283441,0.03477720254076421,7.995881885076043,7.961104682535261,,
carbon_high,18.8,0.9625849267128427,0.9760744196182466,0.0004674942272531638,0.0010524740781254777,0.03268746085476772,7.996260046181979,7.963572585327196,,
carbon_high,18.900000000000002,0.9648562093909437,0.9775131413718995,0.0004244705534553591,0.00095577816979684,0.030711698420414952,7.996604235572359,7.965892537151931,,
carbon_high,19.0,0.9670013970063078,0.9788732810323383,0.0003853254797744217,0.00086777458145406,0.028844820539853343,7.996917396161812,7.968072575621942,,
carbon_high,19.1,0.9690263422331886,0.9801583635082092,0.00034972107027973873,0.0007877097306877902,0.02708184939476958,7.99720223143777,7.970120382042984,,
carbon_high,19.200000000000003,0.9709367402322391,0.9813718312634678,0.00031734715596294617,0.0007148913818181169,0.025417933457384925,7.997461222752305,7.972043289294901,,
carbon_high,19.3,0.9727381204944002,0.9825170380262008,0.0002879192907501268,0.0006486842184993463,0.02384835527376816,7.997696645674011,7.973848290400227,,
carbon_high,19.400000000000002,0.9744358404108788,0.9835972436033923,0.00026117682430513707,0.0005885056548797154,0.022368537739679725,7.99791058540557,7.975542047665874,,
carbon_high,19.5,0.9760350804231839,0.9846156097196178,0.00023688108990387093,0.0005338218846048247,0.020974048989207763,7.998104951280785,7.977130902291554,,
carbon_high,19.6,0.9775408406103432,0.9855751967976382,0.00021481370481648464,0.0004841441646883636,0.01966060601498494,7.998281490361483,7.978620884346475,,
carbon_high,19.700000000000003,0.9789579385748606,0.9864789615998881,0.00019477497995584568,0.000439025329412764,0.018424077136049336,7.998441800160364,7.980017723024297,,
carbon_high,19.8,0.9802910084944669,0.9873297556517381,0.00017658243501774432,0.0003980565279235818,0.01726048342565806,7.998587340519869,7.981326857094199,,
carbon_high,19.900000000000002,0.9815445012129694,0.9881303243699786,0.000160069414934665,0.0003608641780040776,0.016165999206805778,7.998719444680535,7.982553445473715,,
carbon_high,20.0,0.9827226852503411,0.988883306823091,0.00014508380317374307,0.00032710712762157605,0.015136951718026048,7.998839329574625,7.983702377856582,,
film_weak,0.0,1.0,1.0,1.0,1.0,0.0,0.0,0.0,,
film_weak,0.1,0.8262405124874608,0.8302590178011405,0.9130800736883881,0.9131062859569232,0.1729471383657724,0.1738398526232241,0.0008927142574516936,,
film_weak,0.2,0.6935691113936102,0.7029961702088948,0.8463711005273514,0.8465307098246884,0.304002932995917,0.30725779894529726,0.00325486594938023,,
film_weak,0.30000000000000004,0.5900135379790425,0.6043801005666442,0.7936629470659735,0.7940707671367755,0.405936213129028,0.4126741058680532,0.006737892739025127,,
film_weak,0.4,0.5077011573193781,0.5262343344396304,0.7510316031596761,0.7517761673241736,0.48683743894392156,0.4979367936806476,0.011099354736726283,,
film_weak,0.5,0.4412723617069052,0.4632537957750032,0.715876482233831,0.7170207860912667,0.5520841841488137,0.5682470355323378,0.016162851383524197,,
film_weak,0.6000000000000001,0.386982611479188,0.41181553521300784,0.6864064444738752,0.6879944767167061,0.6053911806387375,0.6271871110522493,0.02179593041351171,,
film_weak,0.7000000000000001,0.3421478089161978,0.3693504424499857,0.6613481195055131,0.6634105472739309,0.6494070462643272,0.6773037609889737,0.027896714724646596,,
film_weak,0.8,0.30479790453451233,0.33398257637586104,0.6397719009747603,0.6423301165636212,0.686070874947114,0.7204561980504793,0.03438532310336498,,
film_weak,0.9,0.2734561086788553,0.304309275193298,0.6209837164372675,0.624052575922174,0.7168344435082615,0.7580325671254653,0.04119812361720308,,
film_weak,1.0,0.24699467658030486,0.27926081471139086,0.6044552813978413,0.6080449442354741,0.7428056846441374,0.7910894372043177,0.048283752560179125,,
film_weak,1.1,0.22453833376731713,0.25800755069988973,0.5897777623179402,0.5938949371987556,0.7648441953600466,0.8204444753641202,0.05560028000407243,,
film_weak,1.2000000000000002,0.20539805212182158,0.2398966454501709,0.5766301642080016,0.5812789649096588,0.7836265267384707,0.846739671583998,0.0631131448455261,,
film_weak,1.3,0.18902463283896506,0.22440787111849503,0.5647572550242544,0.5699397981898711,0.7996918694570679,0.8704854899514919,0.07079362049442306,,
film_weak,1.4000000000000001,0.17497551691083552,0.2111220701468365,0.5539538279679981,0.5596706580059543,0.8134746889992334,0.8920923440640043,0.0786176550647703,,
film_weak,1.5,0.16289062099860924,0.19969822023268227,0.5440532732120343,0.5503036697869519,0.8253284723175123,0.9118934535759319,0.08656498125841885,,
film_weak,1.6,0.15247445424999906,0.18985647439416573,0.5349191403741028,0.5417013450449337,0.8355432952909844,0.9301617192517945,0.09461842396080983,,
film_weak,1.7000000000000002,0.14348268576062667,0.1813654291463303,0.5264388151800439,0.5337502015967885,0.8443590145295189,0.9471223696399127,0.10276335511039315,,
film_weak,1.8,0.13571191818225947,0.17403243567214002,0.5185187158377041,0.5263559200116901,0.851975308465711,0.9629625683245921,0.11098725985888028,,
film_weak,1.9000000000000001,0.12899180609259278,0.167696134924672,0.5110805985461071,0.5194396205046116,0.8585594149744527,0.9778388029077868,0.11927938793333258,,
film_weak,2.0,0.12317891307607058,0.1622206409818201,0.5040586838366271,0.5129349684975025,0.8642521613225661,0.9918826323267467,0.127630471004179,,
film_weak,2.1,0.11815187464116406,0.1574909617862027,0.4973973982041628,0.5067859009566855,0.8691727118479112,1.0052052035916759,0.13603249174376275,,
film_weak,2.2,0.1138075534641417,0.15340935987600757,0.49104958242821184,0.5009448232998996,0.8734223413767307,1.0179008351435779,0.14447849376684513,,
film_weak,2.3000000000000003,0.1100579569599536,0.1498924350351814,0.4849750577550857,0.4953711669343696,0.8770874602911296,1.0300498844898303,0.15296242419869885,,
film_weak,2.4000000000000004,0.10682774641964052,0.1468687670226413,0.4791394692795088,0.4900302259901773,0.880242058940804,1.0417210614409842,0.1614790025001783,,
film_weak,2.5,0.104052209517427,0.14427699692147897,0.47351334607082507,0.4848922122498879,0.8829496972735933,1.0529733078583516,0.17002361058475673,,
film_weak,2.6,0.1016755989406978,0.14206425499913317,0.46807133226016906,0.4799314821050762,0.8852651351569645,1.0638573354796637,0.1785922003226975,,
film_weak,2.7,0.09964976265375997,0.14018486454251353,0.4627915540765848,0.47512590025248,0.8872356765115038,1.0744168918468326,0.18718121533532656,,
film_weak,2.8000000000000003,0.09793300821604459,0.13859926715629678,0.45765509581191055,0.4704563129118827,0.8889022837724679,1.0846898083761807,0.1957875246037109,,
film_weak,2.9000000000000004,0.09648915626401153,0.13727312703332303,0.4526455636822842,0.46590610939066446,0.8903005067371932,1.094708872635433,0.20440836589823874,,
film_weak,3.0,0.09528674787577784,0.13617658080764755,0.44774872108254754,0.4614608553873799,0.891461260421989,1.1045025578349064,0.21304129741291658,,
film_weak,3.1,0.09429837787940078,0.13528360655293936,0.44295218218452764,0.45710798490928983,0.8924114793451364,1.1140956356309464,0.22168415628580887,,
film_weak,3.2,0.09350013182162151,0.13457149084345027,0.4382451534876581,0.45283654035629817,0.8931746701011922,1.123509693024686,0.23033502292349203,,
film_weak,3.3000000000000003,0.0928711087052117,0.13402037695139601,0.4336182149907458,0.4486369523985394,0.8937713797819324,1.1327635700185104,0.2389921902365765,,
film_weak,3.4000000000000004,0.09239301503806645,0.13361288050544834,0.4290631342630188,0.4445008528946674,0.8942195944282564,1.1418737314739644,0.24765413704570638,,
film_weak,3.5,0.09204981844317056,0.13333376149557954,0.4245727079585619,0.4404209153714749,0.8945350790419844,1.1508545840828794,0.25631950504089257,,
film_weak,3.6,0.0918274512246233,0.13316964353993477,0.4201406263208398,0.43639071859362044,0.8947316685806803,1.159718747358324,0.2649870787776408,,
film_weak,3.7,0.09171355599778924,0.1331087729497975,0.4157613570231145,0.4324046295554128,0.8948215176779866,1.1684772859537742,0.2736557682757854,,
film_weak,3.8000000000000003,0.09169726686709553,0.13314081142976084,0.41143004533136107,0.42845770287037854,0.8948153154824532,1.1771399093372812,0.2823245938548257,,
film_weak,3.9000000000000004,0.09176902074586823,0.13325665730087638,0.4071424280931218,0.4245455940533831,0.8947224709179866,1.18571514381376,0.2909926728957708,,
film_weak,4.0,0.09192039431469035,0.13344829098768407,0.402894759474879,0.4206644846108474,0.8945512727840537,1.1942104810502463,0.2996592082661892,,
film_weak,4.1000000000000005,0.09214396285111962,0.13370864120635606,0.3986837467122145,0.416811017197512,0.8943090283914038,1.2026325065755763,0.30832347818416833,,
film_weak,4.2,0.09243317776761684,0.13403146886233713,0.39450649441694735,0.4129822393790367,0.8940021838365447,1.2109870111661112,0.3169848273295613,,
film_weak,4.3,0.0927822601922983,0.13441126613651808,0.3903604562158388,0.4091755547708298,0.8936364285299364,1.2192790875683275,0.3256426590383865,,
film_weak,4.4,0.09318610833912297,0.13484316862852458,0.3862433926859247,0.4053886805145014,0.8932167861887064,1.2275132146281558,0.3342964284394449,,
film_weak,4.5,0.09364021675654982,0.13532287874945828,0.3821533347096588,0.40161961021189135,0.8927476941688137,1.235693330580688,0.34294563641186937,,
film_weak,4.6000000000000005,0.09414060582940277,0.1358465988265542,0.37808855150483367,0.39786658156873145,0.8922330727313249,1.2438228969903387,0.35158982425900853,,
film_weak,4.7,0.09468376014794241,0.13641097260842938,0.374047522694488,0.394128048110524,0.891676385602776,1.2519049546110304,0.36022856900824884,,
film_weak,4.800000000000001,0.09526657455919343,0.1370130340496948,0.37002891387455017,0.3904026544259915,0.8910806929923748,1.259942172250906,0.3688614792585253,,
film_weak,4.9,0.09588630688507559,0.13765016241396213,0.3660315552149065,0.3866892144715752,0.8904486980625363,1.2679368895701941,0.3774881915076511,,
film_weak,5.0,0.09654053643521396,0.13832004286980576,0.3620544226954265,0.38298669253647966,0.8897827877086314,1.275891154609154,0.3861083669005157,,
film_weak,5.1000000000000005,0.09722712756384985,0.1390206318691768,0.3580966216342634,0.3792941865236943,0.8890850683846104,1.2838067567314806,0.39472168834686283,,
film_weak,5.2,0.09794419762362933,0.13975012669550696,0.3541573722131411,0.3756109132499469,0.8883573976097583,1.2916852555737237,0.4033278579639592,,
film_weak,5.300000000000001,0.09869008875714551,0.14050693865206307,0.35023599674470735,0.37193619550803436,0.8876014117054117,1.299528006510593,0.41192659480517346,,
film_weak,5.4,0.09946334304239507,0.1412896694323203,0.34633190846149475,0.3682694506695563,0.8868185502366066,1.3073361830770174,0.4205176328404041,,
film_weak,5.5,0.10026268057277443,0.14209709027510595,0.3424446016355259,0.3646101806356632,0.8860100775703758,1.315110796728955,0.42910071915857273,,
film_weak,5.6000000000000005,0.10108698010756523,0.1429281235596054,0.33857364286288466,0.36095796296882643,0.8851771019081318,1.3228527142742381,0.4376756123660992,,
film_weak,5.7,0.10193526197642586,0.14378182654033164,0.3347186633693078,0.3573124430604516,0.8843205921028916,1.3305626732613929,0.446242081158493,,
film_weak,5.800000000000001,0.10280667296238274,0.14465737696093567,0.33087935221155473,0.3536733272079436,0.8834413925318934,1.3382412955768996,0.45479990304499723,,
film_weak,5.9,0.10370047292317092,0.1455540603192037,0.32705545026544247,0.350040376491052,0.8825402362604521,1.3458890994691242,0.4633488632086632,,
film_weak,6.0,0.10461602294133723,0.14647125858451263,0.3232467449053676,0.34641340135131793,0.8816177567029093,1.3535065101892738,0.47188875348635595,,
film_weak,6.1000000000000005,0.10555277481997072,0.14740844019406854,0.31945306529218903,0.3427922567905799,0.8806744979605649,1.3610938694156314,0.4804193714550573,,
film_weak,6.2,0.10651026176386197,0.14836515117596502,0.31567427819679156,0.3391768381149987,0.8797109239939627,1.3686514436064274,0.48894051961245427,,
film_weak,6.300000000000001,0.10748809010579985,0.1493410072659589,0.31191028429570544,0.3355670771601792,0.8787274267673648,1.376179431408599,0.49745200464122413,,
film_weak,6.4,0.10848593195502124,0.15033568690125287,0.30816101488303604,0.33196293894090984,0.8777243334862542,1.3836779702339386,0.5059536367476736,,
film_weak,6.5,0.10950351865988989,0.15134892498884725,0.304426428949798,0.3283644186759199,0.8767019130339123,1.391147142100415,0.5144452290664916,,
film_weak,6.6000000000000005,0.11054063499000535,0.15238050735845848,0.3007065105877176,0.3247715391440865,0.8756603817002441,1.3985869788245744,0.5229265971243209,,
film_weak,6.7,0.11159711395438954,0.15343026582085534,0.2970012666797599,0.32118434833375764,0.8745999082847661,1.4059974666404895,0.5313975583557143,,
film_weak,6.800000000000001,0.11267283218239654,0.15449807376194039,0.2933107248441811,0.3176029173514379,0.8735206186458632,1.4133785503116472,0.5398579316657752,,
film_weak,6.9,0.1137677058027296,0.15558384221119345,0.2896349316028654,0.31402733856009185,0.8724225997598362,1.4207301367942784,0.5483075370344335,,
film_weak,7.0,0.11488168676359568,0.15668751633034397,0.28597395074817833,0.3104577239208208,0.8713059033457458,1.4280520985036522,0.556746195157898,,
film_weak,7.1000000000000005,0.11601475954372487,0.15780907227449484,0.28232786188559883,0.30689420351473506,0.8701705491054832,1.4353442762288111,0.56517372712332,,
film_weak,7.2,0.1171669382098518,0.15894851438348925,0.2786967591320556,0.30333692422453673,0.8690165276227294,1.4426064817358975,0.5735899541131599,,
film_weak,7.300000000000001,0.11833826378140756,0.16010587266620213,0.275080749952223,0.29978604855769037,0.8678438029594023,1.4498385000955623,0.581994697136152,,
film_weak,7.4,0.11952880186769244,0.16128120054472994,0.2714799541170786,0.2962417535951223,0.8666523149837487,1.4570400917658508,0.5903877767820946,,
film_weak,7.5,0.12073864054677352,0.1624745728292283,0.2678945027708228,0.29270423005121915,0.8654419814603308,1.4642109944583628,0.5987690129980241,,
film_weak,7.6000000000000005,0.12196788845884862,0.16368608389746472,0.2643245375938414,0.2891736814324931,0.8642126999287186,1.4713509248123249,0.6071382248835993,,
film_weak,7.7,0.12321667308989084,0.16491584605607784,0.2607702100507791,0.28565032328369194,0.8629643493946826,1.4784595798984514,0.6154952305037598,,
film_weak,7.800000000000001,0.12448513922410186,0.1661639880631099,0.25723168071402,0.28213438251137235,0.861696791855007,1.4855366385719693,0.6238398467169535,,
film_weak,7.9,0.12577344754608505,0.16743065379364672,0.2537091186539446,0.2786260967760472,0.8604098736747072,1.4925817626921205,0.6321718890174043,,
film_weak,8.0,0.12708177337576157,0.1687160010324039,0.25020270088828506,0.275125713944984,0.8591034268333513,1.4995945982234393,0.6404911713900788,,
film_weak,8.1,0.1284103055209054,0.1700202003788662,0.2467126118837381,0.27163349159858236,0.8577772700553692,1.5065747762325332,0.6487975061771545,,
film_weak,8.200000000000001,0.1297592452338216,0.17134343425214635,0.24323904310373315,0.26814969658400367,0.8564312098376099,1.5135219137925429,0.6570907039549241,,
film_weak,8.3,0.13112880526013682,0.17268589598411332,0.23978219259690875,0.26467460461039877,0.8550650413859807,1.5204356148061926,0.665370573420202,,
film_weak,8.4,0.13251920896896008,0.17404778899055798,0.23634226462142507,0.26120849988065753,0.8536785494717456,1.5273154707571597,0.6736369212854045,,
film_weak,8.5,0.13393068955480214,0.1754293260112479,0.23291946930075144,0.25775167475512306,0.852271509216935,1.5341610613985073,0.6818895521815619,,
film_weak,8.6,0.13536348930265305,0.1768307284106787,0.2295140223070202,0.25430442944317844,0.8508436868173341,1.5409719553859698,0.6901282685686261,,
film_weak,8.700000000000001,0.13681785890850254,0.1782522255321782,0.2261261445684365,0.2508670717190128,0.84939484021064,1.547747710863137,0.6983528706524874,,
film_weak,8.8,0.1382940568483837,0.17969405409877262,0.22275606199758863,0.2474399166582305,0.8479247196965971,1.5544878760048313,0.7065631563082261,,
film_weak,8.9,0.13979234878971847,0.18115645765489286,0.2194040052378167,0.24402328639229776,0.8464330685152334,1.5611919895243749,0.7147589210091331,,
film_weak,9.0,0.14131300703936758,0.18263968604359096,0.21607020942507787,0.24061750987809016,0.8449196233887021,1.5678595811498521,0.722939957761142,,
film_weak,9.1,0.1428563100233417,0.1841439949144662,0.2127549139629906,0.23722292268006126,0.8433841150316967,1.574490172074027,0.731106057042322,,
film_weak,9.200000000000001,0.14442254179362327,0.18566964525796878,0.20945836230896298,0.23383986676277632,0.8418262686349091,1.581083275382082,0.7392570067471649,,
film_weak,9.3,0.14601199155798664,0.1872169029621684,0.20618080176950485,0.23046869029174802,0.8402458043255819,1.5876383964609975,0.7473925921354081,,
film_weak,9.4,0.14762495322909913,0.18878603838844785,0.2029224833029968,0.22710974744069112,0.8386424376088103,1.594155033394013,0.7555125957851963,,
film_weak,9.5,0.14926172498953072,0.19037732596291623,0.19968366132834595,0.22376339820346966,0.8370158797929091,1.6006326773433135,0.7636167975503994,,
film_weak,9.600000000000001,0.15092260886961778,0.19199104378063248,0.19646459353809612,0.22043000820914624,0.8353658384018504,1.6070708129238134,0.7717049745219582,,
film_weak,9.700000000000001,0.15260791033540475,0.19362747321999954,0.19326554071468566,0.21710994853867438,0.8336920175775027,1.613468918570634,0.7797769009931268,,
film_weak,9.8,0.15431793788413972,0.19528689856493006,0.19008676654865547,0.21380359554188,0.8319941184741534,1.619826466902695,0.7878323484285362,,
film_weak,9.9,0.15605300264502875,0.19696960663259722,0.18692853745771287,0.21051133065348643,0.830271839647571,1.626142925084579,0.7958710854370037,,
film_weak,10.0,0.15781341798315707,0.1986758864047838,0.18379112240564524,0.20723354020702228,0.8285248774406655,1.6324177551887133,0.8038928777480444,,
film_weak,10.100000000000001,0.15959949910467264,0.2004060286610166,0.18067479272016046,0.2039706152455365,0.8267529263676169,1.6386504145596827,0.811897488192063,,
film_weak,10.200000000000001,0.1614115626614974,0.20216032561183456,0.17757982190880586,0.2007229513281209,0.8249556794981846,1.6448403561823919,0.8198846766842045,,
film_weak,10.3,0.16324992635398383,0.2039390705306877,0.17450648547218356,0.19749094833130515,0.8231328288437448,1.6509870290556374,0.8278542002118894,,
film_weak,10.4,0.1651149085300802,0.2057425573830937,0.17145506071374667,0.19427501024445792,0.8212840657464778,1.6570898785725108,0.83580581282603,,
film_weak,10.5,0.16700682777969575,0.20757108045180972,0.16842582654551355,0.1910755449583817,0.8194090812729893,1.6631483469089776,0.8437392656359843,,
film_weak,10.600000000000001,0.16892600252308138,0.2094249339568861,0.1654190632890959,0.18789296404634548,0.8175075666135313,1.6691618734218134,0.851654306808278,,
film_weak,10.700000000000001,0.17087275059215434,0.21130441166957858,0.1624350524714833,0.18472768253685265,0.8155792134878815,1.6751298950570384,0.8595506815691527,,
film_weak,10.8,0.17284738880380376,0.21320980651919788,0.15947407661507654,0.18158011867748686,0.8136237145588292,1.6810518467698505,0.867428132211018,,
film_weak,10.9,0.17485023252431492,0.2151414101920677,0.15653641902150725,0.17845069368922964,0.811640763854118,1.6869271619569894,0.8752863981028678,,
film_weak,11.0,0.17688159522414737,0.21709951272185526,0.15362236354882336,0.17533983151068744,0.8096300571976037,1.6927552729023572,0.8831252157047496,,
film_weak,11.100000000000001,0.1789417880223985,0.2190844020706273,0.15073219438166502,0.172247958531711,0.8075912926502903,1.6985356112366747,0.8909443185863798,,
film_weak,11.200000000000001,0.18103111922037024,0.22109636370006408,0.14786619579409385,0.1691755033159354,0.8055241709618194,1.7042676084118162,0.898743437449993,,
film_weak,11.3,0.18314989382375158,0.22313568013235305,0.14502465190478117,0.16612289631181182,0.8034283960329032,1.7099506961904412,0.9065223001575348,,
film_weak,11.4,0.18529841305301192,0.22520263050035902,0.14220784642429976,0.16309056955174794,0.8013036753891052,1.7155843071514025,0.914280631762296,,
film_weak,11.5,0.18747697384169076,0.22729749008675093,0.13941606239430518,0.16007895633901947,0.7991497206662903,1.7211678752113908,0.9220181545450999,,
film_weak,11.600000000000001,0.1896858683223528,0.22942052985184433,0.1366495819184322,0.15708849092215976,0.7969662481079784,1.726700836163136,0.9297345880551575,,
film_weak,11.700000000000001,0.19192538330006648,0.23157201594999594,0.13390868588477306,0.15411960815658418,0.7947529790747562,1.732182628230456,0.9374296491556978,,
film_weak,11.8,0.19419579971334988,0.23375220923447115,0.1311936536798452,0.15117274315325063,0.7925096405658157,1.7376126926403117,0.9451030520744936,,
film_weak,11.9,0.19649739208261535,0.23596136475077917,0.12850476289399956,0.14824833091421252,0.7902359657526028,1.7429904742120013,0.9527545084593976,,
film_weak,12.0,0.198830427946233,0.2381997312185586,0.12584228901826247,0.14534680595496935,0.7879316945244751,1.7483154219634756,0.9603837274390001,,
film_weak,12.100000000000001,0.2011951672844255,0.24046755050217283,0.12320650513264832,0.14246860191357247,0.7855965740461797,1.7535869897347036,0.9679904156885242,,
film_weak,12.200000000000001,0.20359186193129414,0.2427650570702623,0.1205976815860266,0.13961415114650547,0.7832303593268748,1.7588046368279469,0.9755742775010723,,
film_weak,12.3,0.20602075497537486,0.2450924774445828,0.11801608566767073,0.13678388431140653,0.7808328138003261,1.7639678286646596,0.9831350148643327,,
film_weak,12.4,0.20848208014921044,0.24745002963854762,0.11546198127066704,0.1339782299367711,0.7784037099158216,1.7690760374586663,0.9906723275428443,,
film_weak,12.5,0.2109760612085282,0.24983792258597753,0.11293562854740771,0.1311976139788255,0.7759428297392542,1.7741287429051855,0.998185913165931,,
film_weak,12.600000000000001,0.2135029113017062,0.25225635556065307,0.11043728355744362,0.12844245936583307,0.773449965563725,1.7791254328851136,1.0056754673213895,,
film_weak,12.700000000000001,0.21606283233031043,0.2547055175873518,0.10796719790802281,0.12571318553015726,0.7709249205289286,1.784065604183956,1.013140683655027,,
film_weak,12.8,0.21865601430158849,0.25718558684515,0.10552561838769278,0.12301020792847409,0.768367509248479,1.7889487632246155,1.0205812539761365,,
film_weak,12.9,0.22128263467390213,0.2596967300638541,0.10311278659339833,0.1203339375505996,0.7657775584442471,1.7937744268132043,1.0279968683689567,,
film_weak,13.0,0.2239428576961887,0.2622391019145267,0.10072893855155973,0.11768478041746627,0.7631549075866678,1.798542122896881,1.0353872153102137,,
film_weak,13.100000000000001,0.22663683374263854,0.26481284439516406,0.0983743043336713,0.11506313706885804,0.7604994095398863,1.8032513913326587,1.042751981792772,,
film_weak,13.200000000000001,0.2293646986438826,0.26741808621267427,0.09604910766701556,0.11246940204158819,0.7578109312105133,1.80790178466597,1.0500908534554578,,
film_weak,13.3,0.23212657301608508,0.2700549421624041,0.09375356554114328,0.10990396333887927,0.7550893541986518,1.8124928689177138,1.0574035147190637,,
film_weak,13.4,0.2349225615894362,0.2727235125065502,0.09148788781082585,0.10736720189178327,0.7523345754497697,1.8170242243783488,1.0646896489285806,,
film_weak,13.5,0.23775275253764222,0.2754238823528908,0.089252276796242,0.1048594910135554,0.7495465079058878,1.821495446407517,1.0719489385016305,,
film_weak,13.600000000000001,0.2406172168101085,0.2781561210353553,0.087046926881215,0.10238119584797382,0.7467250811544616,1.8259061462375712,1.0791810650831106,,
film_weak,13.700000000000001,0.24351600746860294,0.2809202814980484,0.08487202411037273,0.0999326728126751,0.7438702420732395,1.8302559517792547,1.0863857097060172,,
film_weak,13.8,0.24644915903028783,0.2837163996844244,0.08272774578615401,0.09751426903865158,0.7409819554692922,1.8345445084276923,1.0935625529584019,,
film_weak,13.9,0.24941668681908669,0.2865444939333937,0.08061426006663906,0.09512632180713276,0.7380602047103199,1.8387714798667218,1.1007112751564052,,
film_weak,14.0,0.2524185863274446,0.28940456438422324,0.07853172556523022,0.09276915798514679,0.7351049923462613,1.84293654886954,1.1078315565232817,,
film_weak,14.100000000000001,0.25545483259061685,0.2922965923921643,0.07648029095325824,0.09044309346113026,0.7321163407191528,1.847039418093484,1.1149230773743337,,
film_weak,14.200000000000001,0.2585253795756913,0.29522053995681563,0.07446009456663509,0.08814843258202532,0.7290942925591146,1.8510798108667288,1.121985518307618,,
film_weak,14.3,0.2616301595876188,0.298176349165287,0.07247126401771588,0.08588546759336657,0.7260389115642706,1.8550574719645672,1.1290185604003002,,
film_weak,14.4,0.26476908269458066,0.30116394165229116,0.07051391581357364,0.08365447808392637,0.7229502829623607,1.8589721683728517,1.1360218854104949,,
film_weak,14.5,0.2679420361750756,0.30418321807933596,0.06858815498192404,0.08145573043654158,0.7198285140517471,1.8628236900361503,1.1429951759844075,,
film_weak,14.600000000000001,0.2711488839891423,0.30723405763523237,0.06669407470597041,0.07928947728680194,0.7166737347194745,1.8666118505880576,1.1499381158685877,,
film_weak,14.700000000000001,0.274389466276172,0.3103163175601662,0.06483175596946456,0.07715595699132438,0.7134860979340222,1.870336488061068,1.1568503901270515,,
film_weak,14.8,0.27766359888177394,0.3134298326956023,0.06300126721330121,0.07505539310738177,0.7102657802103561,1.8739974655733955,1.1637316853630457,,
film_weak,14.9,0.28097107291617385,0.3165744150622999,0.06120266400497996,0.07298799388568752,0.707012982044883,1.8775946719900374,1.1705816899451604,,
film_weak,15.0,0.2843116543466127,0.31974985346872387,0.0594359887222782,0.07095395177816557,0.7037279283179134,1.8811280225554408,1.177400094237535,,
film_weak,15.100000000000001,0.28768508362619627,0.32295591315211974,0.05770127025248283,0.06895344296255537,0.7004108686612522,1.8845974594950312,1.1841865908337872,,
film_weak,15.200000000000001,0.2910910753616159,0.32619233545450077,0.05599852370852538,0.06698662688570971,0.697062077788567,1.8880029525829467,1.190940874794388,,
film_weak,15.3,0.29452931802211324,0.3294588375357547,0.05432775016335522,0.06505364582744824,0.6936818557862218,1.891344499673286,1.1976626438870732,,
film_weak,15.4,0.297999473691997,0.3327551121260362,0.052688936403869145,0.06315462448682024,0.6902705283623256,1.8946221271922579,1.2043515988299416,,
film_weak,15.5,0.3015011778689466,0.3360808273195353,0.05108205470568969,0.061289669592611874,0.6868284470518117,1.897835890588617,1.2110074435368134,,
film_weak,15.600000000000001,0.305034039310247,0.33943562641164826,0.049507062630053035,0.05945886953990722,0.6833559893754519,1.9009858747398902,1.2176298853644456,,
film_weak,15.700000000000001,0.30859763992898703,0.34281912778147355,0.047963902844026476,0.0576622940544717,0.679853558950806,1.9040721943119436,1.2242186353611444,,
film_weak,15.8,0.3121915347421315,0.3462309248214595,0.046452502965226766,0.05589999388667872,0.6763215855532317,1.9070949940695439,1.2307734085163173,,
film_weak,15.9,0.315815251872243,0.34967058591590244,0.04497277543215487,0.05417200053663904,0.6727605251251988,1.9100544491356883,1.2372939240104932,,
film_weak,16.0,0.3194682926044684,0.353137654469862,0.04352461740119672,0.05247832601212127,0.6691708597323084,1.9129507651976052,1.2437799054652992,,
film_weak,16.1,0.3231501315002411,0.3566316489899157,0.04210791067126818,0.0508189626207691,0.665553097464571,1.9157841786574625,1.2502310811928938,,
film_weak,16.2,0.3268602165689625,0.3601520632180039,0.04072252163700086,0.04919388279802685,0.6619077722816743,1.9185549567259965,1.2566471844443252,,
film_weak,16.3,0.3305979694987347,0.36369836631945235,0.03936830127127746,0.04760303897208101,0.6582354438011594,1.9212633974574431,1.2630279536562863,,
film_weak,16.400000000000002,0.3343627859469951,0.3672700031260587,0.03804508513783061,0.04604636346701074,0.6545366970286288,1.9239098297243369,1.2693731326957103,,
film_weak,16.5,0.3381540358916919,0.3708663944349438,0.036752693434514934,0.04452376844521293,0.6508121420293124,1.9264946131309684,1.2756824711016583,,
film_weak,16.6,0.3419710640434002,0.3744869373636465,0.03549093106775434,0.043035145890035674,0.6470624135405543,1.9290181378644904,1.2819557243239381,,
film_weak,16.7,0.34581319031853,0.3781310057617267,0.03425958775855133,0.041580367629408144,0.6432881705250114,1.9314808244828972,1.288192653957887,,
film_weak,16.8,0.3496797103735356,0.3817979506789155,0.03305843818032308,0.040159285401101905,0.6394900956645932,1.9338831236393532,1.2943930279747629,,
film_weak,16.900000000000002,0.35356989619976414,0.38548710088960364,0.031887242128705875,0.03877173096010128,0.635668894795431,1.9362255157425874,1.3005566209471597,,
film_weak,17.0,0.3574829967783231,0.38919776347323515,0.030745744723337638,0.03741751622839096,0.6318252962844148,1.9385085105533235,1.3066832142689124,,
film_weak,17.1,0.3614182387940772,0.39292922444990996,0.029633676641496957,0.03609643348729778,0.6279600503480983,1.9407326467170054,1.3127725963689105,,
film_weak,17.2,0.3653748274076062,0.3966807494702583,0.02855075438334176,0.034808255612347995,0.6240739283150326,1.9428984912333163,1.3188245629182853,,
film_weak,17.3,0.36935194708369457,0.40045158455840174,0.02749668056835214,0.033552736350416536,0.6201677218328565,1.9450066388632958,1.3248389170304398,,
film_weak,17.400000000000002,0.3733487624746429,0.4042409569065585,0.026471144262446646,0.03232961063876686,0.6162422420217306,1.9470577114751066,1.3308154694533767,,
film_weak,17.5,0.37736441935643217,0.4080480757196057,0.02547382133510149,0.031138594965390384,0.612298318575961,1.949052357329796,1.3367540387538372,,
film_weak,17.6,0.3813980456155089,0.4118721331076749,0.024504374845667608,0.029979387769874424,0.608336798815915,1.9509912503086646,1.3426544514927519,,
film_weak,17.7,0.3854487522836996,0.41571230502460144,0.02356245545794606,0.028851669883842385,0.6043585466925793,1.9528750890841087,1.3485165423915308,,
film_weak,17.8,0.38951563461853145,0.4195677522498441,0.022647701881950304,0.027755105009829854,0.6003644417473452,1.9547045962361005,1.354340154488756,,
film_weak,17.900000000000002,0.3935977732259903,0.4234376214112421,0.02175974134165923,0.02668934023728557,0.5963553780298408,1.9564805173166822,1.3601251392868434,,
film_weak,18.0,0.3976942352225382,0.42732104604579224,0.020898190067440984,0.025654006594213512,0.5923322629768409,1.95820361986512,1.36587135688828,,
film_weak,18.1,0.4018040754329996,0.43121714769541575,0.020062653811713554,0.02464871963280954,0.5882960162554869,1.959874692376575,1.3715786761210889,,
film_weak,18.2,0.40592633762074704,0.43512503703450983,0.019252728386299205,0.023673080047289855,0.5842475685742412,1.9614945432274047,1.3772469746531641,,
film_weak,18.3,0.41006005574643867,0.4390438150259108,0.018468000219827897,0.022726674321959767,0.5801878604651615,1.9630639995603474,1.3828761390951874,,
film_weak,18.400000000000002,0.4142042552514169,0.44297257410174956,0.017708046933454378,0.021809075407436554,0.5761178410412374,1.9645839061330939,1.3884660650918585,,
film_weak,18.5,0.41835795436174783,0.4469103993655435,0.01697243793306873,0.020919843422812508,0.5720384667326558,1.9660551241338635,1.3940166574012114,,
film_weak,18.6,0.4225201654087726,0.45085636981176963,0.016260735016108283,0.020058526381431796,0.5679507000059754,1.9674785299677835,1.3995278299618132,,
film_weak,18.7,0.4266898961619576,0.45480955955905894,0.015572492991016174,0.019224660937854732,0.5638555080702762,1.9688550140179673,1.4049995059476967,,
film_weak,18.8,0.43086615116977733,0.45876903909310257,0.014907260307339226,0.01841777315349495,0.5597538615744128,1.970185479385321,1.4104316178109144,,
film_weak,18.900000000000002,0.43504793310431755,0.46273387651529313,0.014264579694419176,0.01763737927834498,0.5556467332995432,1.9714708406111618,1.4158241073116256,,
film_weak,19.0,0.43923424410528605,0.46670313879312064,0.01364398880660117,0.01688298654614684,0.5515350968511205,1.9727120223867982,1.4211769255356854,,
film_weak,19.1,0.44342408711912523,0.4706758930083255,0.013045020872867614,0.016154093980323143,0.5474199253545307,1.9739099582542656,1.4264900328997427,,
film_weak,19.200000000000003,0.4476164672289572,0.4746512075988433,0.012467205348800636,0.015450193207958787,0.5433021901585265,1.9750655893023996,1.4317633991438812,,
film_weak,19.3,0.45181039297116354,0.47862815359061034,0.01191006856878275,0.014770769279111112,0.5391828595505578,1.9761798628624354,1.4369970033118866,,
film_weak,19.400000000000002,0.45600487763447706,0.48260580581537593,0.011373134396364766,0.014115301488732818,0.5350628974880173,1.9772537312072713,1.4421908337192635,,
film_weak,19.5,0.4601989405375737,0.4865832441107439,0.01085592487076031,0.013483264198512396,0.5309432623493268,1.97828815025848,1.4473448879091642,,
film_weak,19.6,0.4643916082812911,0.49055955449877764,0.010357960847467122,0.012874127655971492,0.5268249057086647,1.9792840783050667,1.452459172596412,,
film_weak,19.700000000000003,0.46858191597173815,0.494533830339635,0.00987876263106857,0.012287358808210365,0.5227087711379995,1.9802424747378633,1.4575337035998739,,
film_weak,19.8,0.47276890841074093,0.49850517345683604,0.009417850598330457,0.011722422107755903,0.5185957930399273,1.9811642988033396,1.4625685057634235,,
film_weak,19.900000000000002,0.4769516412502536,0.5024726952309424,0.008974745809780907,0.011178780308045377,0.5144868955146417,1.9820505083804374,1.467563612865808,,
film_weak,20.0,0.481129182107566,0.5064355176585915,0.008548970608042352,0.010655895246169635,0.5103829912641662,1.9829020587839141,1.4725190675197615,,
film_strong,0.0,1.0,1.0,1.0,1.0,0.0,0.0,0.0,,
film_strong,0.1,0.8273838916578944,0.9521300097809429,0.9121116435249518,0.9130887641103067,0.14559352926810887,0.17577671295009717,0.03018318368198828,,
film_strong,0.2,0.70839314307937,0.9349841754099597,0.8412707857441922,0.8459607839575399,0.22985202130061044,0.3174584285116161,0.08760640721100574,,
film_strong,0.30000000000000004,0.6334606136845633,0.926006444251088,0.7811041743308034,0.7913054668215567,0.2802149835936342,0.4377916513383938,0.1575766677447593,,
film_strong,0.4,0.5884244726763452,0.9213711372254033,0.7281438713782383,0.7445572672817691,0.30954753203034746,0.5437122572435238,0.23416472521317655,,
film_strong,0.5,0.5630240999266938,0.9194090871212597,0.6803511256765963,0.7029943108580923,0.32534719380640914,0.6392977486468081,0.31395055484039924,,
film_strong,0.6000000000000001,0.5505932065706407,0.9191645078145911,0.6364763916279884,0.6649788920270769,0.3322692737291664,0.7270472167440241,0.39477794301485747,,
film_strong,0.7000000000000001,0.5468280381995982,0.9200386449216542,0.5957297391614013,0.6295107865170302,0.33328954221547585,0.8085405216771979,0.475250979461722,,
film_strong,0.8,0.548919534587442,0.9216438491907646,0.5575977172143255,0.5959731110383644,0.3303461209812167,0.8848045655713488,0.5544584445901319,,
film_strong,0.9,0.5550097880198569,0.9237247278682417,0.5217369914036559,0.5639843441744709,0.32472034006541795,0.9565260171926877,0.6318056771272704,,
film_strong,1.0,0.563853581231144,0.926110868209227,0.4879106656712292,0.5333096818200087,0.3172708104120225,1.024178668657541,0.7069078582455194,,
film_strong,1.1,0.5746050095453379,0.928687307591967,0.45594928501674364,0.50380661766992,0.3085805111126407,1.0881014299665122,0.7795209188538719,,
film_strong,1.2000000000000002,0.5866811104181899,0.9313756847441377,0.4257265287003842,0.4753908587386433,0.2990507388624238,1.1485469425992303,0.8494962037368077,,
film_strong,1.3,0.5996736542056986,0.9341220290374384,0.3971438457172973,0.44801462474607123,0.2889618989655755,1.2057123085654045,0.9167504095998302,,
film_strong,1.4000000000000001,0.6132915023062037,0.9368887584094014,0.3701206324521832,0.4216526440443701,0.2785132619980321,1.2597587350956325,0.9812454730976015,,
film_strong,1.5,0.6273226149376254,0.9396493856733743,0.34458789716147054,0.396293016156485,0.2678491966317268,1.3108242056770574,1.0429750090453322,,
film_strong,1.6,0.6416088305460925,0.9423849890494516,0.32048414698590943,0.37193119925187534,0.2570766078451252,1.3590317060281798,1.1019550981830561,,
film_strong,1.7000000000000002,0.6560290274492002,0.9450818438507587,0.2977527085528942,0.3485660336675776,0.24627659896453874,1.4044945828942095,1.1582179839296738,,
film_strong,1.8,0.6704878347442426,0.9477298253651031,0.2763399837855988,0.3261971115728285,0.23551230653525237,1.4473200324287991,1.2118077258935513,,
film_strong,1.9000000000000001,0.6849080454252648,0.9503213280658879,0.25619432260353353,0.30482305041672864,0.22483417951482804,1.4876113547929302,1.2627771752781052,,
film_strong,2.0,0.6992255160592773,0.9528505329667126,0.23726530706163246,0.2844403832119186,0.2142835401857269,1.525469385876732,1.311185845691008,,
film_strong,2.1,0.7133857456814063,0.9553129111299221,0.2195033128845258,0.26504287720158376,0.2038949832786695,1.5609933742309448,1.357098390952278,,
film_strong,2.2,0.7273415929623765,0.9577048881081238,0.2028592598991921,0.24662115534455498,0.19369798638236493,1.5942814802016114,1.4005834938192494,,
film_strong,2.3000000000000003,0.7410517659812486,0.9600236183605156,0.18728449212879156,0.22916253544896503,0.1837179839364077,1.6254310157424117,1.441713031806009,,
film_strong,2.4000000000000004,0.7544798352429287,0.9622668348282515,0.17273074723750428,0.21265102787233608,0.17397707690416347,1.654538505524986,1.480561428620828,,
film_strong,2.5,0.7675935984401157,0.9644327496826277,0.15915018735214698,0.19706744965241335,0.16449449650509476,1.6816996252957006,1.5172051287906112,,
film_strong,2.6,0.7803646780885871,0.9665199895900292,0.14649547140240773,0.18238962403263942,0.15528690406758885,1.7070090571951784,1.5517221531275955,,
film_strong,2.7,0.7927682691296185,0.9685275538481617,0.13471985453136687,0.16859264171510419,0.146368584249179,1.7305602909372602,1.5841917066880868,,
film_strong,2.8000000000000003,0.8047829784786233,0.9704547872116751,0.12377730380235581,0.15564916517748642,0.13775157171316463,1.7524453923952825,1.614693820682124,,
film_strong,2.9000000000000004,0.8163907159616968,0.9723013616500289,0.11362262199125021,0.14352976091052672,0.12944573932553893,1.7727547560174937,1.6433090166919602,,
film_strong,3.0,0.8275766085241913,0.9740672630020673,0.10421157310563653,0.13220324703513073,0.12145886738306674,1.7915768537887227,1.6701179864056601,,
film_strong,3.1,0.8383289185998951,0.9757527797324794,0.09550100466958905,0.12163704580216589,0.11379670720661572,1.8089979906608176,1.6952012834542052,,
film_strong,3.2,0.8486389541397374,0.9773584919025564,0.08744896291612192,0.11179753218518639,0.10646304790909111,1.8251020741677517,1.718639026258664,,
film_strong,3.3000000000000003,0.8585009627057623,0.9788852591394286,0.08001479793816198,0.10265037127783094,0.09945979179456246,1.8399704041236729,1.7405106123291136,,
film_strong,3.4000000000000004,0.8679120056985214,0.9803342068895554,0.07315925662253862,0.09416083857534428,0.09278704134495207,1.8536814867549198,1.7608944454099706,,
film_strong,3.5,0.8768718115124137,0.98170671061755,0.06684456186387286,0.08629411848739861,0.08644319888842421,1.866310876272252,1.7798676773838293,,
film_strong,3.6,0.8853826084150367,0.9830043778901852,0.061034477144407226,0.0790155776078201,0.08042507867282926,1.8779310457111835,1.7975059670383557,,
film_strong,3.7,0.8934489393724918,0.984229028488445,0.05569435608048446,0.07229101035365339,0.07472803008520808,1.8886112878390287,1.8138832577538224,,
film_strong,3.8000000000000003,0.9010774620030858,0.9853826728327194,0.05079117698033906,0.0660868555729793,0.06934607008897688,1.89841764603932,1.8290715759503429,,
film_strong,3.9000000000000004,0.9082767374229447,0.9864674890990277,0.046293562832811413,0.06037038359855494,0.06427202253573318,1.9074128743343755,1.8431408517986425,,
film_strong,4.0,0.9150570120195833,0.9874857994565859,0.04217178745388253,0.055109853984800346,0.059497661801174405,1.9156564250922326,1.8561587632910594,,
film_strong,4.1000000000000005,0.9214299962142978,0.9884400458767417,0.03839776875959876,0.050274644804390575,0.05501385815388309,1.9232044624807991,1.8681906043269179,,
film_strong,4.2,0.9274086441053921,0.9893327659569658,0.03494505031319696,0.04583535489715672,0.05081072235602422,1.9301098993736026,1.8792991770175804,,
film_strong,4.3,0.933006937569957,0.9901665691771566,0.03178877241548074,0.04176388086158703,0.046877747184430336,1.9364224551690357,1.889544707984605,,
film_strong,4.4,0.9382396779852553,0.9909441139643501,0.02890563407629726,0.03803347086494148,0.04320394382065527,1.9421887318474031,1.8989847880267474,,
film_strong,4.5,0.9431222882496966,0.991668085890742,0.02627384722771648,0.03461875753168033,0.03977797136421765,1.9474523055445645,1.9076743341803466,,
film_strong,4.6000000000000005,0.9476706272704516,0.992341177272918,0.023873084523146508,0.03149577226342903,0.03658825805272673,1.9522538309537052,1.915665572900978,,
film_strong,4.7,0.9519008185672067,0.9929660683808594,0.021684422018228327,0.02864194336010698,0.03362311310765751,1.9566311559635412,1.9230080428558844,,
film_strong,4.800000000000001,0.9558290941412102,0.9935454104065595,0.019690277955913434,0.026036080264610385,0.030870828450464138,1.960619444088171,1.929748615637707,,
film_strong,4.9,0.9594716542923362,0.9940818102862625,0.017874348786229184,0.023658346155797035,0.028319769839126187,1.9642513024275394,1.9359315325884139,,
film_strong,5.0,0.9628445436461678,0.9945778174191188,0.01622154344688223,0.021490220978947237,0.025958457251885628,1.9675569131062332,1.941598455854347,,
film_strong,5.1000000000000005,0.9659635432857718,0.9950359122796046,0.01471791681934057,0.019514456840717353,0.02377563458751237,1.9705641663613163,1.9467885317738027,,
film_strong,5.2,0.9688440785725612,0.9954584968821019,0.013350603160876417,0.01771502751683103,0.021760328957062973,1.9732987936782433,1.9515384647211813,,
film_strong,5.300000000000001,0.971501141988268,0.9958478870238143,0.012107750199957067,0.016077073633845647,0.01990190001000834,1.9757844996000826,1.9558825995900755,,
film_strong,5.4,0.9739492301337624,0.9962063062067125,0.010978454473265486,0.014586844898258768,0.018190079868703152,1.9780430910534652,1.9598530111847645,,
film_strong,5.5,0.9762022938766458,0.996535881120094,0.009952698379714152,0.013231640562490415,0.01661500434162781,1.9800946032405684,1.9634795988989422,,
film_strong,5.6000000000000005,0.9782737005434123,0.9968386385521618,0.009021289331631368,0.011999749142066855,0.015167236150731662,1.9819574213367337,1.9667901851860043,,
film_strong,5.7,0.9801762069977434,0.9971165035910987,0.008175801296823963,0.010880388234612081,0.013837780945184456,1.9836483974063497,1.9698106164611655,,
film_strong,5.800000000000001,0.9819219424281912,0.9973712989727852,0.007408518947954438,0.00986364514097227,0.012618096886835996,1.9851829621040873,1.972564865217254,,
film_strong,5.9,0.9835223996800215,0.9976047454328247,0.00671238456772767,0.008940418853041022,0.011500098585684957,1.9865752308645401,1.975075132278859,,
film_strong,6.0,0.9849884340014184,0.9978184629242,0.006080947799570668,0.00810236385200893,0.010476156140540161,1.9878381044008546,1.9773619482603189,,
film_strong,6.1000000000000005,0.9863302681281851,0.9980139725680076,0.005508318283395249,0.007341836054681734,0.009539090004454033,1.9889833634332064,1.9794442734287552,,
film_strong,6.2,0.9875575026985016,0.9981926992126824,0.0049891211740809216,0.006651841153638323,0.008682162349711696,1.9900217576518344,1.9813395953021264,,
film_strong,6.300000000000001,0.988679131065959,0.9983559744863688,0.004518455505828041,0.006025985518493196,0.007899065556083228,1.9909630889883385,1.9830640234322596,,
film_strong,6.4,0.9897035576611479,0.9985050402371536,0.004091855337775637,0.005458429759356034,0.007183908391193955,1.9918162893244427,1.9846323809332533,,
film_strong,6.5,0.9906386191365297,0.99864105226631,0.0037052535945019086,0.004943844998607545,0.006531200395335069,1.992589492810991,1.98605829241566,,
film_strong,6.6000000000000005,0.9914916076135762,0.9987650842702217,0.0033549484984861182,0.004477371852156096,0.005935834926532766,1.993290103003024,1.9873542680764928,,
film_strong,6.7,0.9922692954332679,0.9988781319169462,0.0030375724795948583,0.004054582085228502,0.005393071266564448,1.993924855040808,1.9885317837742438,,
film_strong,6.800000000000001,0.9929779608894922,0.9989811169932711,0.0027500634384958547,0.0036714428793486295,0.004898516135879037,1.994499873123007,1.9896013569871283,,
film_strong,6.9,0.993623414498612,0.999074891567442,0.0024896382359838715,0.0033242836254011483,0.004448104915783591,1.9950207235280317,1.9905726186122483,,
film_strong,7.0,0.9942110254267402,0.9991602421214063,0.0022537682779696366,0.0030097651415792698,0.004038082830295464,1.9954924634440618,1.9914543806137641,,
film_strong,7.1000000000000005,0.9947457477586754,0.9992378936143541,0.002040157065839029,0.0027248512036797067,0.003664986298021562,1.9959196858683237,1.9922546995702997,,
film_strong,7.2,0.995232146348832,0.9993085134465148,0.0018467195835994473,0.0024667822678335577,0.0033256246264404482,1.9963065608328028,1.9929809362063595,,
film_strong,7.300000000000001,0.9956744220448462,0.9993727152985874,0.0016715633963149752,0.0022330512616401963,0.0030170621870253653,1.9966568732073728,1.993639811020343,,
film_strong,7.4,0.9960764361190455,0.999431062827853,0.0015129713384662124,0.002021381318183725,0.0027366011796523646,1.9969740573230699,1.9942374561434133,,
film_strong,7.5,0.996441733781896,0.999484073206978,0.0013693856757782188,0.0018297053280229686,0.002481765068507703,1.997261228648445,1.9947794635799325,,
film_strong,7.6000000000000005,0.9967735666852249,0.9995322204957933,0.0012393936295095154,0.0016561471864993938,0.002250282749012217,1.9975212127409823,1.9952709299919662,,
film_strong,7.7,0.9970749143518693,0.9995759388400043,0.001121714157994147,0.0014990046172148963,0.002040073485851994,1.9977565716840133,1.995716498198157,,
film_strong,7.800000000000001,0.9973485044928577,0.9996156254938692,0.0010151858962203274,0.001356733456968399,0.00184923264576142,1.9979696282075619,1.9961203955617965,,
film_strong,7.9,0.997596832193661,0.9996516436664545,0.0009187561602863036,0.0012279332925372744,0.0016760182349567084,1.9981624876794295,1.9964864694444695,,
film_strong,8.0,0.9978221779679828,0.9996843251931951,0.0008314709295958075,0.001111334345224943,0.0015188382397777092,1.9983370581408098,1.9968182199010314,,
film_strong,8.1,0.9980266246912913,0.999713973036179,0.0007524657255634824,0.0010057855048902816,0.0013762387598857033,1.9984950685488738,1.9971188297889877,,
film_strong,8.200000000000001,0.9982120734373123,0.9997408636179319,0.0006809573113350263,0.0009102434210833099,0.0012468929160210107,1.9986380853773316,1.997391192461309,,
film_strong,8.3,0.998380258249295,0.9997652489944971,0.0006162361425435456,0.0008237625648215528,0.0011295905086008554,1.9987675277149144,1.9976379372063118,,
film_strong,8.4,0.9985327598844331,0.9997873588743866,0.0005576595043915802,0.000745486180363951,0.0010232283991083795,1.998884680991217,1.9978614525921068,,
film_strong,8.5,0.9986710185745997,0.9998074024905064,0.0005046452753471181,0.000674638052007458,0.0009268015830821117,1.9989907094493056,1.9980639078662232,,
film_strong,8.6,0.9987963458498815,0.9998255703325154,0.0004566662624596432,0.0006105150163958726,0.0008393949213759773,1.9990866674750793,1.9982472725537042,,
film_strong,8.700000000000001,0.9989099354734703,0.9998420357472588,0.000413245057734066,0.0005524801560562302,0.0007601754950580542,1.9991735098845305,1.9984133343894714,,
film_strong,8.8,0.9990128735375179,0.9998569564149782,0.0003739493691465786,0.0004999566148417917,0.0006883855487056792,1.999252101261705,1.9985637157129994,,
film_strong,8.9,0.9991061477697822,0.9998704757089457,0.0003383877837517229,0.0004524219806485278,0.0006233359868073813,1.9993232244324948,1.9986998884456875,,
film_strong,9.0,0.9991906561004389,0.9998827239460438,0.0003062059239220616,0.00040940318517758954,0.0005644003883876254,1.9993875881521541,1.998823187763767,,
film_strong,9.1,0.9992672145374364,0.9998938195356007,0.00027708296109083035,0.0003704718746390047,0.0005110095057326391,1.999445834077817,1.9989348245720855,,
film_strong,9.200000000000001,0.9993365643973827,0.9999038700335472,0.0002507284544456211,0.0003352402091356826,0.0004626462141331611,1.9994985430911072,1.9990358968769764,,
film_strong,9.3,0.9993993789372413,0.9999129731086684,0.00022687948486025617,0.0003033570520390963,0.0004188408808033946,1.9995462410302782,1.999127400149476,,
film_strong,9.4,0.9994562694301785,0.9999212174274128,0.0002052980569659808,0.00027450451397848094,0.00037916712252657187,1.9995894038860667,1.9992102367635418,,
film_strong,9.5,0.9995077907268259,0.9999286834633844,0.00018576874466566428,0.0002483948191256347,0.0003432379230679202,1.9996284625106688,1.9992852245876005,,
film_strong,9.600000000000001,0.9995544463410362,0.999935444237307,0.00016809655759947772,0.00022476746428003405,0.0003107020829453772,1.9996638068848003,1.9993531048018567,,
film_strong,9.700000000000001,0.9995966930969985,0.9999415659929107,0.00015210500809105163,0.00020338664385738977,0.0002812409757246515,1.9996957899838175,1.9994145490080932,,
film_strong,9.8,0.9996349453723352,0.9999471088138401,0.00013763435995245866,0.000184038916272573,0.0002545655865818213,1.9997247312800948,1.9994701656935134,,
film_strong,9.9,0.9996695789696085,0.9999521271863584,0.00012454004221716306,0.00016653108939872354,0.00023041381043288327,1.9997509199155656,1.9995205061051333,,
film_strong,10.0,0.9997009346465023,0.999956670512296,0.00011269121241433884,0.00015068830479173022,0.00020854798844923748,1.999774617575171,1.9995660695867232,,
film_strong,10.100000000000001,0.9997293213328549,0.9999607835763734,0.00010196945540713611,0.0001363523022062722,0.00018875266324877964,1.9997960610891834,1.9996073084259385,,
film_strong,10.200000000000001,0.9997550190607045,0.999964506971734,9.226760510232063e-05,0.00012337984760878677,0.00017083253446499425,1.9998154647897946,1.9996446322553325,,
film_strong,10.3,0.9997782816315974,0.9999678774872351,8.34886775093381e-05,0.00011164130942612548,0.00015461059774485067,1.9998330226449796,1.9996784120472384,,
film_strong,10.4,0.9997993390435682,0.9999709284597746,7.55449046927223e-05,0.00010101936916767965,0.000139926451506307,1.9998489101906123,1.9997089837391095,,
film_strong,10.5,0.9998183996984943,0.9999736900946763,6.835686013164612e-05,9.140785383413352e-05,0.0001266347569954711,1.9998632862797354,1.999736651522743,,
film_strong,10.600000000000001,0.9998356524088879,0.9999761897569155,6.185266688250007e-05,8.27106786878311e-05,0.000114603838321135,1.9998762946662336,1.999761690827916,,
film_strong,10.700000000000001,0.9998512682216716,0.9999784522357481,5.596728074221265e-05,7.48408900174371e-05,0.0001037144102107708,1.999888065438514,1.9997843510283086,,
film_strong,10.8,0.9998654020750641,0.9999804999850893,5.064184133858867e-05,6.771979849189718e-05,9.385842222836753e-05,1.9998987163173214,1.9998048578950987,,
film_strong,10.9,0.9998781943033666,0.9999823533417985,4.582308473566993e-05,6.127619457380073e-05,8.493800912260876e-05,1.9999083538305271,1.9998234158214099,,
film_strong,11.0,0.9998897720032127,0.9999840307238479,4.146281174292303e-05,5.544563825762944e-05,7.686453783624187e-05,1.9999170743765138,1.9998402098386823,,
film_strong,11.100000000000001,0.9999002502737055,0.9999855488101763,3.751740666237351e-05,5.016981612100822e-05,6.95577425068822e-05,1.999924965186675,1.9998554074441737,,
film_strong,11.200000000000001,0.9999097333417943,0.9999869227038882,3.3947401702607794e-05,4.539595933334321e-05,6.294493952895443e-05,1.9999321051965948,1.9998691602570724,,
film_strong,11.3,0.9999183155832827,0.9999881660803012,3.0717082737412764e-05,4.10763168620219e-05,5.6960315429196844e-05,1.9999385658345257,1.9998816055191022,,
film_strong,11.4,0.999926082448945,0.9999892913212258,2.7794132493893063e-05,3.7167678657075495e-05,5.154428093742062e-05,1.9999444117350131,1.999892867454081,,
film_strong,11.5,0.9999331113044108,0.9999903096367322,2.514930762399863e-05,3.363094408579291e-05,4.664288521328969e-05,1.9999497013847534,1.9999030584995448,,
film_strong,11.600000000000001,0.9999394721917019,0.9999912311755514,2.2756146447994045e-05,3.0430731333780747e-05,4.220728472203294e-05,1.999954487707105,1.9999122804223894,,
film_strong,11.700000000000001,0.9999452285196211,0.9999920651251557,2.059070446167206e-05,2.7535023892513127e-05,3.819326174037932e-05,1.9999588185910784,1.9999206253293424,,
film_strong,11.8,0.9999504376895416,0.9999928198024686,1.8631314973945985e-05,2.4914850619296265e-05,3.456078792169328e-05,1.9999627373700535,1.9999281765821364,,
film_strong,11.9,0.9999551516625603,0.999993502736074,1.685837249048212e-05,2.2543996187243645e-05,3.127362875923613e-05,1.9999662832550202,1.9999350096262656,,
film_strong,12.0,0.999959417473443,0.999994120740705,1.5254136684643243e-05,2.0398739043453686e-05,2.82989851614926e-05,1.999969491726631,1.9999411927414754,,
film_strong,12.100000000000001,0.999963277696295,0.9999946799847383,1.3802555001388698e-05,1.845761426598341e-05,2.5607168696258186e-05,1.9999723948899972,1.9999467877213073,,
film_strong,12.200000000000001,0.9999667708664493,0.9999951860513356,1.2489102124892795e-05,1.6701198957020182e-05,2.3171307373193723e-05,1.9999750217957497,1.999951850488383,,
film_strong,12.3,0.9999699318626447,0.9999956439938313,1.1300634708298547e-05,1.5111918033247969e-05,2.096707912018535e-05,1.9999773987305824,1.9999564316514702,,
film_strong,12.4,0.999972792253202,0.9999960583859,1.0225259915854706e-05,1.3673868476946133e-05,1.8972470369318277e-05,1.9999795494801678,1.9999605770098057,,
film_strong,12.5,0.9999753806095614,0.9999964333669918,9.252216465168964e-06,1.2372660294806522e-05,1.7167557405642724e-05,1.9999814955670692,1.9999643280096693,,
film_strong,12.600000000000001,0.9999777227902354,0.9999967726834811,8.371766981799798e-06,1.1195272597596856e-05,1.553430834810719e-05,1.999983256466036,1.9999677221576944,,
film_strong,12.700000000000001,0.9999798421979516,0.9999970797259277,7.575100591121564e-06,1.0129923364252416e-05,1.4056403828838833e-05,1.9999848497988175,1.9999707933949957,,
film_strong,12.8,0.9999817600124996,0.9999973575628176,6.854244774441681e-06,9.165951590214539e-06,1.2719074616014674e-05,1.9999862915104514,1.9999735724358412,,
film_strong,12.9,0.9999834954015638,0.9999976089711127,6.201985608730024e-06,8.293710643190327e-06,1.1508954588418478e-05,1.9999875960287827,1.999976087074201,,
film_strong,13.0,0.9999850657116154,0.9999978364639107,5.6117955929484985e-06,7.504471761190844e-06,1.041394761781971e-05,1.9999887764088147,1.9999783624612038,,
film_strong,13.100000000000001,0.9999864866407362,0.9999980423154866,5.077768339671036e-06,6.790336728816505e-06,9.423107049841703e-06,1.9999898444633206,1.9999804213562788,,
film_strong,13.200000000000001,0.9999877723950816,0.9999982285839629,4.594559479208069e-06,6.144158859292851e-06,8.526526596194572e-06,1.9999908108810422,1.9999822843544526,,
film_strong,13.3,0.9999889358305213,0.9999983971318323,4.157333185473743e-06,5.559471492620365e-06,7.71524156212739e-06,1.99999168533363,1.9999839700920747,,
film_strong,13.4,0.9999899885808593,0.9999985496445353,3.7617137889738113e-06,5.030423295208627e-06,6.981139433707232e-06,1.9999924765724242,1.9999854954329974,,
film_strong,13.5,0.9999909411739003,0.9999986876472771,3.4037419931031477e-06,4.551719714257949e-06,6.3168789409751355e-06,1.999993192516016,1.9999868756370816,,
film_strong,13.600000000000001,0.9999918031365078,0.9999988125202484,3.0798352559297718e-06,4.118570001604512e-06,5.715816796002368e-06,1.999993840329489,1.9999881245127014,,
film_strong,13.700000000000001,0.9999925830896996,0.9999989255124042,2.786751941263151e-06,3.7266392773665883e-06,5.171941380140816e-06,1.9999944264961185,1.999989254554746,,
film_strong,13.8,0.999993288834721,0.9999990277539335,2.521558880472604e-06,3.372005154071376e-06,4.679812723029227e-06,1.9999949568822408,1.9999902770695255,,
film_strong,13.9,0.9999939274309471,0.9999991202675461,2.2816020206117086e-06,3.0511184875048055e-06,4.234508177823124e-06,1.9999954367959618,1.9999912022877908,,
film_strong,14.0,0.9999945052663917,0.9999992039786891,2.06447986525555e-06,2.760767861762478e-06,3.831573253241614e-06,1.9999958710402732,1.999992039467026,,
film_strong,14.100000000000001,0.9999950281215235,0.9999992797247904,1.868019442377329e-06,2.4980474532993166e-06,3.4669771139020125e-06,1.999996263961119,1.9999927969840123,,
film_strong,14.200000000000001,0.9999955012270186,0.9999993482636282,1.6902545588570034e-06,2.26032795254967e-06,3.137072306526003e-06,1.999996619490886,1.9999934824185877,,
film_strong,14.3,0.99999592931603,0.9999994102809022,1.5294061240792928e-06,2.0452302522546405e-06,2.838558311389581e-06,1.999996941187756,1.9999941026294514,,
film_strong,14.4,0.9999963166714928,0.9999994663970873,1.3838643457696831e-06,1.8506016392941854e-06,2.568448556254439e-06,1.9999972322713129,1.9999946638227644,,
film_strong,14.5,0.9999966671689313,0.9999995171736356,1.25217261994106e-06,1.6744942518530857e-06,2.3240405643242576e-06,1.9999974956547653,1.9999951716142075,,
film_strong,14.600000000000001,0.9999969843152012,0.9999995631185896,1.1330129537675513e-06,1.5151455864024394e-06,2.1028889388475633e-06,1.9999977339740977,1.9999956310851656,,
film_strong,14.700000000000001,0.99999727128355,0.9999996046916606,1.0251927755348787e-06,1.3709608594773127e-06,1.902780915139991e-06,1.9999979496144538,1.999996046833545,,
film_strong,14.8,0.9999975309453447,0.9999996423088262,9.276329996912138e-07,1.2404970477813115e-06,1.7217142362961392e-06,1.9999981447340056,1.999996423019775,,
film_strong,14.9,0.9999977658987818,0.9999996763464887,8.393572275778067e-07,1.12244844693528e-06,1.5578771319535201e-06,1.9999983212855503,1.9999967634084226,,
film_strong,15.0,0.9999979784948703,0.9999997071452406,7.594819757797665e-07,1.015633604377479e-06,1.4096302003829604e-06,1.9999984810360545,1.9999970714058575,,
film_strong,15.100000000000001,0.9999981708609449,0.9999997350132699,6.872078343179819e-07,9.189834956683026e-07,1.275490013116373e-06,1.9999986255843378,1.9999973500943273,,
film_strong,15.200000000000001,0.9999983449219393,0.9999997602294426,6.218114662059064e-07,8.315308258910314e-07,1.1541142784691982e-06,1.9999987563770742,1.9999976022627979,,
film_strong,15.3,0.999998502419643,0.9999997830460923,5.626383683127711e-07,7.524003490955412e-07,1.0442884158394549e-06,1.9999988747232695,1.9999978304348571,,
film_strong,15.4,0.9999986449301211,0.9999998036915443,5.090963210919342e-07,6.808001089168668e-07,9.449134067209363e-07,1.9999989818073645,1.9999980368939614,,
film_strong,15.5,0.9999987738794813,0.9999998223723987,4.606494616255556e-07,6.160135127165905e-07,8.549948010928433e-07,1.999999078701085,1.999998223706286,,
film_strong,15.600000000000001,0.9999988905581385,0.9999998392755985,4.1681292067361935e-07,5.573921599345698e-07,7.736327693677281e-07,1.9999991663741679,1.999998392741401,,
film_strong,15.700000000000001,0.9999989961337258,0.9999998545702986,3.771479700588155e-07,5.043493528846939e-07,7.000131005076479e-07,1.9999992457040703,1.9999985456909712,,
film_strong,15.8,0.9999990916627755,0.999999868409559,3.4125763182534796e-07,4.5635422505668065e-07,6.333990563579436e-07,1.9999993174847481,1.9999986840856905,,
film_strong,15.9,0.9999991781012876,0.9999998809318752,3.0878270523051383e-07,4.129264281646768e-07,5.731240007925793e-07,1.9999993824346014,1.9999988093105994,,
film_strong,16.0,0.9999992563142974,0.999999892262565,2.7939817180897857e-07,3.736313247743206e-07,5.185847299989687e-07,1.999999441203669,1.9999989226189372,,
film_strong,16.1,0.9999993270845278,0.9999999025150219,2.528099425330115e-07,3.380756383989588e-07,4.6923543723048153e-07,1.9999994943801274,1.9999990251446897,,
film_strong,16.2,0.9999993911202236,0.9999999117918483,2.2875191451527705e-07,3.05903517533385e-07,4.2458225169073977e-07,1.999999542496184,1.9999991179139331,,
film_strong,16.3,0.9999994490622343,0.9999999201858847,2.0698330779839936e-07,2.767929742356337e-07,3.841782969482736e-07,1.9999995860333968,1.9999992018551,,
film_strong,16.400000000000002,0.999999501490431,0.9999999277811367,1.8728625557843083e-07,2.50452661615446e-07,3.476192194701885e-07,1.999999625427502,1.9999992778082816,,
film_strong,16.5,0.9999995489295059,0.999999934653616,1.694636237455166e-07,2.2661895797942854e-07,3.145391425605896e-07,1.9999996610727653,1.9999993465336219,,
film_strong,16.6,0.9999995918542217,0.9999999408721019,1.533370379199486e-07,2.050533284517157e-07,2.846070052406054e-07,1.999999693325936,1.9999994087189306,,
film_strong,16.7,0.9999996306941656,0.9999999464988283,1.3874509823830962e-07,1.8553993766571876e-07,2.5752324945402986e-07,1.9999997225098163,1.9999994649865667,,
film_strong,16.8,0.9999996658380457,0.9999999515901073,1.2554176402331531e-07,1.6788348963506856e-07,2.330168224642557e-07,1.9999997489164847,1.9999995158996615,,
film_strong,16.900000000000002,0.9999996976375805,0.9999999561968923,1.1359489217112925e-07,1.5190727318539396e-07,2.108424644590625e-07,1.9999997728102294,1.9999995619677642,,
film_strong,17.0,0.9999997264110205,0.9999999603652882,1.0278491462825924e-07,1.374513933856868e-07,1.9077825423116338e-07,1.9999997944301837,1.99999960365193,,
film_strong,17.1,0.999999752446331,0.9999999641370123,9.300364172213931e-08,1.2437117127945206e-07,1.7262338838283303e-07,1.99999981399273,1.9999996413693415,,
film_strong,17.2,0.9999997760040753,0.9999999675498124,8.415317936902179e-08,1.1253569590011772e-07,1.5619617183803432e-07,1.999999831693654,1.9999996754974823,,
film_strong,17.3,0.9999997973200212,0.9999999706378442,7.6144949322462e-08,1.0182651407919243e-07,1.4133219955855104e-07,1.9999998477101149,1.999999706377913,,
film_strong,17.400000000000002,0.9999998166075008,0.9999999734320126,6.889880265691973e-08,9.21364449346828e-08,1.2788271127287946e-07,1.999999862202408,1.9999997343196947,,
film_strong,17.5,0.9999998340595464,0.9999999759602828,6.234221761407628e-08,8.336850717504089e-08,1.1571310275699332e-07,1.999999875315578,1.9999997596024737,,
film_strong,17.6,0.9999998498508198,0.9999999782479574,5.640957378377991e-08,7.543494848297094e-08,1.0470157877197022e-07,1.9999998871808673,1.999999782479284,,
film_strong,17.7,0.9999998641393633,0.9999999803179322,5.104149535548902e-08,6.825636726503474e-08,9.473793418041314e-08,1.9999998979170246,1.9999998031790844,,
film_strong,17.8,0.9999998770681784,0.999999982190924,4.618425686733725e-08,6.17609179773765e-08,8.572245104578185e-08,1.9999999076315027,1.999999821909044,,
film_strong,17.900000000000002,0.9999998887666597,0.9999999838856777,4.1789245505437265e-08,5.58835920743352e-08,7.756490067902204e-08,1.9999999164215274,1.9999998388566167,,
film_strong,18.0,0.9999998993518884,0.9999999854191546,3.7812474571989716e-08,5.056556738353548e-08,7.018364064675404e-08,1.9999999243750697,1.9999998541914183,,
film_strong,18.1,0.9999999089298028,0.9999999868067029,3.4214143252874983e-08,4.5753619395871576e-08,6.350479770533416e-08,1.9999999315717327,1.9999998680669244,,
film_strong,18.2,0.9999999175962617,0.9999999880622088,3.095823827877611e-08,4.139958857844963e-08,5.746152848476601e-08,1.9999999380835423,1.9999998806220043,,
film_strong,18.3,0.9999999254380005,0.999999989198238,2.8012173493154128e-08,3.745989837923136e-08,5.199335052432483e-08,1.9999999439756708,1.9999998919823119,,
film_strong,18.400000000000002,0.9999999325335014,0.9999999902261598,2.5346463719783128e-08,3.389511909945975e-08,4.70455369656665e-08,1.9999999493070897,1.9999999022615458,,
film_strong,18.5,0.9999999389537783,0.9999999911562623,2.2934429665821537e-08,3.066957326899156e-08,4.256856884611209e-08,1.9999999541311566,1.9999999115625828,,
film_strong,18.6,0.9999999447630864,0.999999991997854,2.0751930907011165e-08,2.7750978575034397e-08,3.851763951114761e-08,1.9999999584961536,1.9999999199785097,,
film_strong,18.7,0.9999999500195671,0.9999999927593579,1.8777124282646642e-08,2.5110124770627456e-08,3.4852206186686074e-08,1.999999962445767,1.999999927593557,,
film_strong,18.8,0.9999999547758284,0.9999999934483954,1.6990245282261845e-08,2.2720581329276476e-08,3.153558422352827e-08,1.999999966019526,1.999999934483937,,
film_strong,18.900000000000002,0.9999999590794724,0.9999999940718624,1.5373410236091276e-08,2.055843291987413e-08,2.8534579953464687e-08,1.9999999692531962,1.9999999407186098,,
film_strong,19.0,0.9999999629735717,0.9999999946359988,1.3910437329569069e-08,1.8602040054462435e-08,2.5819158482825272e-08,1.9999999721791415,1.9999999463599756,,
film_strong,19.1,0.9999999664970989,0.9999999951464504,1.258668465052699e-08,1.683182251333341e-08,2.3362143098900537e-08,1.999999974826646,1.999999951464496,,
film_strong,19.200000000000003,0.9999999696853183,0.9999999956083263,1.1388903648219947e-08,1.523006337992474e-08,2.1138943281003865e-08,1.9999999772222066,1.999999956083258,,
film_strong,19.3,0.9999999725701395,0.999999996026249,1.030510653755203e-08,1.3780731724232835e-08,1.912730859419049e-08,1.9999999793898016,1.999999960262487,,
film_strong,19.400000000000002,0.9999999751804336,0.9999999964044011,9.324446321444864e-09,1.2469322160107805e-08,1.730710600266326e-08,1.9999999813511207,1.9999999640440085,,
film_strong,19.5,0.9999999775423261,0.9999999967465674,8.437108230575748e-09,1.1282709670671657e-08,1.5660118374261717e-08,1.9999999831257962,1.99999996746567,,
film_strong,19.6,0.9999999796794548,0.9999999970561722,7.634211493980208e-09,1.0209018248908117e-08,1.4169862159495577e-08,1.9999999847315897,1.9999999705617195,,
film_strong,19.700000000000003,0.9999999816132088,0.9999999973363143,6.907720457409659e-09,9.237502038740152e-09,1.2821422420475617e-08,1.9999999861845712,1.9999999733631415,,
film_strong,19.8,0.999999983362942,0.9999999975897973,6.250364159888209e-09,8.35843778701761e-09,1.160130355872086e-08,1.9999999874992838,1.999999975897973,,
film_strong,19.900000000000002,0.999999984946166,0.9999999978191583,5.655563563565937e-09,7.563027530041969e-09,1.0497294247931332e-08,1.9999999886888857,1.9999999781915818,,
film_strong,20.0,0.9999999863787273,0.9999999980266927,5.117365708562217e-09,6.843310540684723e-09,9.498345219973632e-09,1.9999999897652816,1.9999999802669262,,
sealed,0.0,1.0,1.0,1.0,1.0,0.0,0.0,0.0,,
sealed,0.1,0.8262133561479035,0.8262133561479035,0.9131066780739516,0.9131066780739516,0.17378664385209647,0.17378664385209647,0.0,,
sealed,0.2,0.693094790675271,0.693094790675271,0.8465473953376357,0.8465473953376357,0.3069052093247285,0.3069052093247285,0.0,,
sealed,0.30000000000000004,0.5883337676458639,0.5883337676458639,0.7941668838229325,0.7941668838229325,0.4116662323541351,0.4116662323541351,0.0,,
sealed,0.4,0.5041220890043097,0.5041220890043097,0.7520610445021553,0.7520610445021553,0.49587791099568956,0.49587791099568956,0.0,,
sealed,0.5,0.4352673114203528,0.4352673114203528,0.7176336557101768,0.7176336557101768,0.564732688579647,0.5647326885796469,0.0,,
sealed,0.6000000000000001,0.37818150948831264,0.37818150948831264,0.6890907547441564,0.6890907547441564,0.6218184905116871,0.6218184905116869,0.0,,
sealed,0.7000000000000001,0.3303055609510478,0.3303055609510478,0.6651527804755241,0.6651527804755241,0.6696944390489523,0.6696944390489521,0.0,,
sealed,0.8,0.28976477731717515,0.28976477731717515,0.6448823886585876,0.6448823886585876,0.7102352226828242,0.710235222682824,0.0,,
sealed,0.9,0.25515423003107396,0.25515423003107396,0.6275771150155361,0.6275771150155363,0.744845769968925,0.7448457699689248,0.0,,
sealed,1.0,0.22540015095592503,0.22540015095592503,0.6127000754779612,0.6127000754779612,0.7745998490440743,0.7745998490440741,0.0,,
sealed,1.1,0.19966770861161864,0.19966770861161864,0.5998338543058078,0.5998338543058077,0.8003322913883806,0.8003322913883804,0.0,,
sealed,1.2000000000000002,0.1772980115464739,0.1772980115464739,0.5886490057732355,0.5886490057732354,0.8227019884535255,0.8227019884535253,0.0,,
sealed,1.3,0.15776407330620856,0.15776407330620856,0.5788820366531027,0.5788820366531027,0.8422359266937904,0.8422359266937902,0.0,,
sealed,1.4000000000000001,0.14063939701708536,0.14063939701708536,0.570319698508541,0.570319698508541,0.859360602982914,0.8593606029829137,0.0,,
sealed,1.5,0.12557515105993455,0.12557515105993455,0.5627875755299655,0.5627875755299655,0.8744248489400644,0.8744248489400642,0.0,,
sealed,1.6,0.11228331280598172,0.11228331280598172,0.5561416564029897,0.5561416564029897,0.8877166871940168,0.8877166871940165,0.0,,
sealed,1.7000000000000002,0.10052403431332363,0.10052403431332363,0.5502620171566612,0.5502620171566612,0.8994759656866752,0.8994759656866751,0.0,,
sealed,1.8,0.09009604424981718,0.09009604424981718,0.5450480221249083,0.5450480221249083,0.9099039557501811,0.9099039557501809,0.0,,
sealed,1.9000000000000001,0.08082926618828855,0.08082926618828855,0.5404146330941444,0.5404146330941444,0.9191707338117096,0.9191707338117093,0.0,,
sealed,2.0,0.07257907702730589,0.07257907702730589,0.5362895385136526,0.5362895385136526,0.9274209229726927,0.9274209229726925,0.0,,
sealed,2.1,0.06522179440018669,0.06522179440018669,0.5326108972000926,0.5326108972000926,0.9347782055998126,0.9347782055998124,0.0,,
sealed,2.2,0.05865109567792182,0.05865109567792182,0.5293255478389598,0.5293255478389598,0.9413489043220777,0.9413489043220775,0.0,,
sealed,2.3000000000000003,0.05277515070899432,0.05277515070899432,0.5263875753544962,0.5263875753544962,0.9472248492910057,0.9472248492910055,0.0,,
sealed,2.4000000000000004,0.04751430682878672,0.04751430682878672,0.5237571534143923,0.5237571534143923,0.9524856931712133,0.9524856931712131,0.0,,
sealed,2.5,0.0427992051622747,0.0427992051622747,0.5213996025811365,0.5213996025811365,0.9572007948377252,0.957200794837725,0.0,,
sealed,2.6,0.03856923666371746,0.03856923666371746,0.5192846183318574,0.5192846183318574,0.9614307633362821,0.9614307633362819,0.0,,
sealed,2.7,0.034771267948836546,0.034771267948836546,0.517385633974417,0.517385633974417,0.9652287320511632,0.965228732051163,0.0,,
sealed,2.8000000000000003,0.03135858301393864,0.03135858301393864,0.5156792915069679,0.5156792915069679,0.9686414169860605,0.9686414169860603,0.0,,
sealed,2.9000000000000004,0.02828999895373318,0.02828999895373318,0.5141449994768649,0.5141449994768649,0.9717100010462659,0.9717100010462657,0.0,,
sealed,3.0,0.02552912287442541,0.02552912287442541,0.5127645614372112,0.5127645614372112,0.9744708771255736,0.9744708771255733,0.0,,
sealed,3.1,0.02304372412441135,0.02304372412441135,0.5115218620622037,0.5115218620622037,0.976956275875588,0.9769562758755878,0.0,,
sealed,3.2,0.020805201286464462,0.020805201286464462,0.5104026006432305,0.5104026006432305,0.9791947987135354,0.9791947987135352,0.0,,
sealed,3.3000000000000003,0.01878812749473706,0.01878812749473706,0.5093940637473673,0.5093940637473673,0.9812118725052628,0.9812118725052625,0.0,,
sealed,3.4000000000000004,0.016969860851224188,0.016969860851224188,0.5084849304256105,0.5084849304256105,0.983030139148776,0.9830301391487758,0.0,,
sealed,3.5,0.015330209236435164,0.015330209236435164,0.5076651046182161,0.5076651046182161,0.9846697907635653,0.9846697907635651,0.0,,
sealed,3.6,0.013851140799198412,0.013851140799198412,0.5069255703995978,0.5069255703995978,0.9861488592008028,0.9861488592008025,0.0,,
sealed,3.7,0.01251653299169156,0.01251653299169156,0.5062582664958443,0.5062582664958443,0.987483467008309,0.9874834670083088,0.0,,
sealed,3.8000000000000003,0.01131195427922985,0.01131195427922985,0.5056559771396139,0.5056559771396139,0.9886880457207703,0.9886880457207701,0.0,,
sealed,3.9000000000000004,0.010224473669470331,0.010224473669470331,0.505112236834734,0.505112236834734,0.9897755263305298,0.9897755263305296,0.0,,
sealed,4.0,0.009242494025612263,0.009242494025612263,0.5046212470128049,0.5046212470128049,0.990757505974388,0.9907575059743878,0.0,,
sealed,4.1000000000000005,0.008355605793805409,0.008355605793805409,0.5041778028969013,0.5041778028969013,0.9916443942061949,0.9916443942061945,0.0,,
sealed,4.2,0.007554458318003755,0.007554458318003755,0.5037772291590006,0.5037772291590006,0.9924455416819963,0.9924455416819961,0.0,,
sealed,4.3,0.006830646360616367,0.006830646360616367,0.5034153231803065,0.5034153231803065,0.9931693536393839,0.9931693536393836,0.0,,
sealed,4.4,0.006176609813834293,0.006176609813834293,0.5030883049069151,0.5030883049069151,0.9938233901861655,0.9938233901861653,0.0,,
sealed,4.5,0.00558554488969004,0.00558554488969004,0.5027927724448431,0.5027927724448431,0.9944144551103103,0.9944144551103101,0.0,,
sealed,4.6000000000000005,0.00505132532876414,0.00505132532876414,0.5025256626643807,0.5025256626643807,0.9949486746712364,0.9949486746712362,0.0,,
sealed,4.7,0.004568432377569858,0.004568432377569858,0.5022842161887842,0.5022842161887842,0.995431567622431,0.9954315676224308,0.0,,
sealed,4.800000000000001,0.004131892460660907,0.004131892460660907,0.5020659462303296,0.5020659462303296,0.9958681075393401,0.9958681075393399,0.0,,
sealed,4.9,0.003737221621546756,0.003737221621546756,0.5018686108107729,0.5018686108107729,0.9962627783784547,0.9962627783784544,0.0,,
sealed,5.0,0.003380375931497742,0.003380375931497742,0.5016901879657487,0.5016901879657487,0.9966196240685039,0.9966196240685037,0.0,,
sealed,5.1000000000000005,0.003057707171266996,0.003057707171266996,0.5015288535856333,0.5015288535856333,0.9969422928287344,0.9969422928287341,0.0,,
sealed,5.2,0.0027659231808840586,0.0027659231808840586,0.5013829615904415,0.5013829615904415,0.9972340768191177,0.9972340768191175,0.0,,
sealed,5.300000000000001,0.0025020523496230122,0.0025020523496230122,0.5012510261748107,0.5012510261748107,0.9974979476503787,0.9974979476503785,0.0,,
sealed,5.4,0.002263411784172292,0.002263411784172292,0.501131705892085,0.501131705892085,0.9977365882158292,0.997736588215829,0.0,,
sealed,5.5,0.002047578749702836,0.002047578749702836,0.5010237893748503,0.5010237893748503,0.9979524212502989,0.9979524212502987,0.0,,
sealed,5.6000000000000005,0.001852365027404026,0.001852365027404026,0.5009261825137012,0.5009261825137012,0.9981476349725983,0.9981476349725981,0.0,,
sealed,5.7,0.001675793874336497,0.001675793874336497,0.5008378969371674,0.5008378969371674,0.9983242061256661,0.9983242061256659,0.0,,
sealed,5.800000000000001,0.0015160793081370623,0.0015160793081370623,0.5007580396540683,0.5007580396540683,0.9984839206918653,0.998483920691865,0.0,,
sealed,5.9,0.0013716074710346886,0.0013716074710346886,0.500685803735518,0.500685803735518,0.9986283925289674,0.9986283925289672,0.0,,
sealed,6.0,0.0012409198554918302,0.0012409198554918302,0.5006204599277455,0.5006204599277455,0.99875908014451,0.9987590801445098,0.0,,
sealed,6.1000000000000005,0.0011226981981545538,0.0011226981981545538,0.5005613490990768,0.5005613490990768,0.9988773018018471,0.9988773018018469,0.0,,
sealed,6.2,0.0010157508701663408,0.0010157508701663408,0.5005078754350822,0.5005078754350822,0.9989842491298351,0.9989842491298349,0.0,,
sealed,6.300000000000001,0.0009190006106870057,0.0009190006106870057,0.5004595003053429,0.5004595003053429,0.9990809993893137,0.9990809993893135,0.0,,
sealed,6.4,0.000831473467008757,0.000831473467008757,0.5004157367335037,0.5004157367335037,0.9991685265329923,0.999168526532992,0.0,,
sealed,6.5,0.0007522888192723221,0.0007522888192723221,0.5003761444096353,0.5003761444096353,0.9992477111807291,0.9992477111807289,0.0,,
sealed,6.6000000000000005,0.0006806503807098017,0.0006806503807098017,0.5003403251903537,0.5003403251903537,0.9993193496192914,0.9993193496192911,0.0,,
sealed,6.7,0.0006158380757929325,0.0006158380757929325,0.5003079190378954,0.5003079190378954,0.9993841619242081,0.9993841619242079,0.0,,
sealed,6.800000000000001,0.000557200708830674,0.000557200708830674,0.5002786003544137,0.5002786003544137,0.9994427992911701,0.9994427992911699,0.0,,
sealed,6.9,0.0005041493445973558,0.0005041493445973558,0.5002520746722974,0.5002520746722974,0.9994958506554037,0.9994958506554035,0.0,,
sealed,7.0,0.00045615133061880465,0.00045615133061880465,0.5002280756653084,0.5002280756653084,0.9995438486693818,0.9995438486693816,0.0,,
sealed,7.1000000000000005,0.00041272489791761385,0.00041272489791761385,0.5002063624489574,0.5002063624489574,0.999587275102083,0.9995872751020828,0.0,,
sealed,7.2,0.00037343428342247767,0.00037343428342247767,0.5001867171417091,0.5001867171417091,0.999626565716579,0.9996265657165788,0.0,,
sealed,7.300000000000001,0.0003378853229696926,0.0003378853229696926,0.5001689426614829,0.5001689426614829,0.9996621146770319,0.9996621146770317,0.0,,
sealed,7.4,0.00030572146894533787,0.00030572146894533787,0.5001528607344703,0.5001528607344703,0.9996942785310566,0.9996942785310564,0.0,,
sealed,7.5,0.0002766201912022587,0.0002766201912022587,0.500138310095599,0.500138310095599,0.9997233798088,0.9997233798087997,0.0,,
sealed,7.6000000000000005,0.00025028972399644017,0.00025028972399644017,0.5001251448619964,0.5001251448619964,0.999749710276006,0.9997497102760058,0.0,,
sealed,7.7,0.00022646612537491372,0.00022646612537491372,0.5001132330626858,0.5001132330626858,0.9997735338746279,0.9997735338746276,0.0,,
sealed,7.800000000000001,0.00020491061875809458,0.00020491061875809458,0.5001024553093774,0.5001024553093774,0.9997950893812444,0.9997950893812442,0.0,,
sealed,7.9,0.00018540718943394136,0.00018540718943394136,0.5000927035947152,0.5000927035947152,0.9998145928105688,0.9998145928105686,0.0,,
sealed,8.0,0.00016776041135544052,0.00016776041135544052,0.5000838802056757,0.5000838802056757,0.9998322395886464,0.9998322395886462,0.0,,
sealed,8.1,0.00015179348203840924,0.00015179348203840924,0.5000758967410179,0.5000758967410179,0.9998482065179637,0.9998482065179635,0.0,,
sealed,8.200000000000001,0.00013734644552158514,0.00013734644552158514,0.5000686732227593,0.5000686732227593,0.9998626535544807,0.9998626535544805,0.0,,
sealed,8.3,0.00012427458530047503,0.00012427458530047503,0.5000621372926494,0.5000621372926494,0.9998757254147015,0.9998757254147013,0.0,,
sealed,8.4,0.00011244697090264391,0.00011244697090264391,0.5000562234854504,0.5000562234854504,0.9998875530290997,0.9998875530290995,0.0,,
sealed,8.5,0.00010174514335490234,0.00010174514335490234,0.5000508725716764,0.5000508725716764,0.9998982548566471,0.9998982548566469,0.0,,
sealed,8.6,9.206192621979316e-05,9.206192621979316e-05,0.5000460309631091,0.5000460309631091,0.9999079380737821,0.9999079380737819,0.0,,
sealed,8.700000000000001,8.330035016570958e-05,8.330035016570958e-05,0.5000416501750817,0.5000416501750817,0.9999166996498362,0.999916699649836,0.0,,
sealed,8.8,7.53726801959564e-05,7.53726801959564e-05,0.5000376863400968,0.5000376863400968,0.9999246273198055,0.9999246273198052,0.0,,
sealed,8.9,6.819953570972979e-05,6.819953570972979e-05,0.5000340997678536,0.5000340997678536,0.999931800464291,0.9999318004642908,0.0,,
sealed,9.0,6.170909451363577e-05,6.170909451363577e-05,0.5000308545472553,0.5000308545472553,0.9999382909054872,0.999938290905487,0.0,,
sealed,9.1,5.583637275611035e-05,5.583637275611035e-05,0.5000279181863765,0.5000279181863765,0.9999441636272445,0.9999441636272443,0.0,,
sealed,9.200000000000001,5.052257352805843e-05,5.052257352805843e-05,0.5000252612867626,0.5000252612867626,0.9999494774264721,0.9999494774264719,0.0,,
sealed,9.3,4.571449756933471e-05,4.571449756933471e-05,0.5000228572487833,0.5000228572487833,0.9999542855024306,0.9999542855024304,0.0,,
sealed,9.4,4.136401014969498e-05,4.136401014969498e-05,0.5000206820050734,0.5000206820050734,0.9999586359898498,0.9999586359898496,0.0,,
sealed,9.5,3.742755876114045e-05,3.742755876114045e-05,0.5000187137793785,0.5000187137793785,0.9999625724412385,0.9999625724412382,0.0,,
sealed,9.600000000000001,3.3865736772091336e-05,3.3865736772091336e-05,0.5000169328683836,0.5000169328683836,0.9999661342632272,0.999966134263227,0.0,,
sealed,9.700000000000001,3.064288865790319e-05,3.064288865790319e-05,0.5000153214443261,0.5000153214443261,0.9999693571113417,0.9999693571113415,0.0,,
sealed,9.8,2.7726752841683825e-05,2.7726752841683825e-05,0.5000138633764183,0.5000138633764183,0.9999722732471583,0.9999722732471581,0.0,,
sealed,9.9,2.508813855851661e-05,2.508813855851661e-05,0.500012544069276,0.500012544069276,0.9999749118614413,0.999974911861441,0.0,,
sealed,10.0,2.2700633498948262e-05,2.2700633498948262e-05,0.5000113503167463,0.5000113503167463,0.9999772993665007,0.9999772993665005,0.0,,
sealed,10.100000000000001,2.054033929747876e-05,2.054033929747876e-05,0.5000102701696448,0.5000102701696448,0.9999794596607029,0.9999794596607028,0.0,,
sealed,10.200000000000001,1.8585632211970752e-05,1.8585632211970752e-05,0.5000092928161013,0.5000092928161013,0.9999814143677886,0.9999814143677884,0.0,,
sealed,10.3,1.6816946593241348e-05,1.6816946593241348e-05,0.5000084084732918,0.5000084084732918,0.9999831830534079,0.9999831830534077,0.0,,
sealed,10.4,1.5216578973195444e-05,1.5216578973195444e-05,0.5000076082894813,0.5000076082894813,0.9999847834210283,0.999984783421028,0.0,,
sealed,10.5,1.3768510807038463e-05,1.3768510807038463e-05,0.5000068842553981,0.5000068842553981,0.999986231489195,0.9999862314891947,0.0,,
sealed,10.600000000000001,1.2458248092475466e-05,1.2458248092475466e-05,0.5000062291240408,0.5000062291240408,0.9999875417519097,0.9999875417519095,0.0,,
sealed,10.700000000000001,1.1272676258265315e-05,1.1272676258265315e-05,0.5000056363381238,0.5000056363381238,0.999988727323744,0.9999887273237438,0.0,,
sealed,10.8,1.0199928867769864e-05,1.0199928867769864e-05,0.5000050999644283,0.5000050999644283,0.9999898000711346,0.9999898000711344,0.0,,
sealed,10.9,9.2292688217732e-06,9.2292688217732e-06,0.5000046146344052,0.5000046146344052,0.9999907707311808,0.9999907707311806,0.0,,
sealed,11.0,8.350980870244151e-06,8.350980870244151e-06,0.5000041754904292,0.5000041754904292,0.9999916490191322,0.9999916490191321,0.0,,
sealed,11.100000000000001,7.556274356147136e-06,7.556274356147136e-06,0.5000037781371727,0.5000037781371727,0.9999924437256463,0.999992443725646,0.0,,
sealed,11.200000000000001,6.837195217014455e-06,6.837195217014455e-06,0.500003418597603,0.500003418597603,0.9999931628047847,0.9999931628047845,0.0,,
sealed,11.3,6.186546362813559e-06,6.186546362813559e-06,0.5000030932731755,0.5000030932731755,0.9999938134536388,0.9999938134536386,0.0,,
sealed,11.4,5.597815632611941e-06,5.597815632611941e-06,0.5000027989078106,0.5000027989078106,0.999994402184369,0.9999944021843687,0.0,,
sealed,11.5,5.065110608503864e-06,5.065110608503864e-06,0.500002532555298,0.500002532555298,0.9999949348893933,0.9999949348893931,0.0,,
sealed,11.600000000000001,4.583099633984497e-06,4.583099633984497e-06,0.5000022915498108,0.5000022915498108,0.9999954169003679,0.9999954169003676,0.0,,
sealed,11.700000000000001,4.146958446127347e-06,4.146958446127347e-06,0.5000020734792163,0.5000020734792163,0.999995853041556,0.9999958530415558,0.0,,
sealed,11.8,3.7523218871667587e-06,3.7523218871667587e-06,0.5000018761609368,0.5000018761609368,0.9999962476781155,0.9999962476781152,0.0,,
sealed,11.9,3.3952402119737283e-06,3.3952402119737283e-06,0.5000016976200992,0.5000016976200992,0.9999966047597911,0.9999966047597908,0.0,,
sealed,12.0,3.072139553951149e-06,3.072139553951149e-06,0.50000153606977,0.50000153606977,0.9999969278604492,0.999996927860449,0.0,,
sealed,12.100000000000001,2.779786153527046e-06,2.779786153527046e-06,0.5000013898930697,0.5000013898930697,0.9999972202138496,0.9999972202138494,0.0,,
sealed,12.200000000000001,2.515253991109098e-06,2.515253991109098e-06,0.5000012576269888,0.5000012576269888,0.9999974847460124,0.9999974847460121,0.0,,
sealed,12.3,2.2758955004590223e-06,2.2758955004590223e-06,0.5000011379477428,0.5000011379477428,0.999997724104503,0.9999977241045028,0.0,,
sealed,12.4,2.0593150692938364e-06,2.0593150692938364e-06,0.5000010296575267,0.5000010296575267,0.9999979406849344,0.9999979406849342,0.0,,
sealed,12.5,1.8633450618313117e-06,1.8633450618313117e-06,0.5000009316725231,0.5000009316725231,0.9999981366549415,0.9999981366549413,0.0,,
sealed,12.600000000000001,1.6860241232498662e-06,1.6860241232498662e-06,0.500000843012054,0.500000843012054,0.9999983139758799,0.9999983139758797,0.0,,
sealed,12.700000000000001,1.525577548881264e-06,1.525577548881264e-06,0.5000007627887665,0.5000007627887665,0.9999984744224546,0.9999984744224544,0.0,,
sealed,12.8,1.3803995216273082e-06,1.3803995216273082e-06,0.5000006901997529,0.5000006901997529,0.9999986196004814,0.9999986196004812,0.0,,
sealed,12.9,1.2490370397962997e-06,1.2490370397962997e-06,0.5000006245185123,0.5000006245185123,0.9999987509629626,0.9999987509629624,0.0,,
sealed,13.0,1.1301753744787771e-06,1.1301753744787771e-06,0.5000005650876799,0.5000005650876799,0.9999988698246278,0.9999988698246276,0.0,,
sealed,13.100000000000001,1.0226249108947566e-06,1.0226249108947566e-06,0.500000511312448,0.500000511312448,0.9999989773750908,0.9999989773750906,0.0,,
sealed,13.200000000000001,9.253092419996509e-07,9.253092419996509e-07,0.5000004626546135,0.5000004626546135,0.9999990746907597,0.9999990746907594,0.0,,
sealed,13.3,8.37254395172022e-07,8.37254395172022e-07,0.5000004186271901,0.5000004186271901,0.9999991627456064,0.9999991627456062,0.0,,
sealed,13.4,7.575790841491731e-07,7.575790841491731e-07,0.5000003787895342,0.5000003787895342,0.9999992424209179,0.9999992424209176,0.0,,
sealed,13.5,6.854858886395475e-07,6.854858886395475e-07,0.5000003427429368,0.5000003427429368,0.9999993145141134,0.9999993145141132,0.0,,
sealed,13.600000000000001,6.202532733270911e-07,6.202532733270911e-07,0.5000003101266295,0.5000003101266295,0.9999993797467286,0.9999993797467284,0.0,,
sealed,13.700000000000001,5.612283663850211e-07,5.612283663850211e-07,0.500000280614176,0.500000280614176,0.9999994387716359,0.9999994387716357,0.0,,
sealed,13.8,5.078204252189539e-07,5.078204252189539e-07,0.5000002539102052,0.5000002539102052,0.9999994921795767,0.9999994921795765,0.0,,
sealed,13.9,4.5949492403829903e-07,4.5949492403829903e-07,0.5000002297474551,0.5000002297474551,0.9999995405050783,0.9999995405050781,0.0,,
sealed,14.0,4.1576820407901406e-07,4.1576820407901406e-07,0.500000207884095,0.500000207884095,0.999999584231798,0.9999995842317978,0.0,,
sealed,14.100000000000001,3.7620263293265004e-07,3.7620263293265004e-07,0.5000001881013091,0.5000001881013091,0.9999996237973693,0.9999996237973691,0.0,,
sealed,14.200000000000001,3.404022245323946e-07,3.404022245323946e-07,0.5000001702011047,0.5000001702011047,0.9999996595977776,0.9999996595977774,0.0,,
sealed,14.3,3.080086759576493e-07,3.080086759576493e-07,0.50000015400433,0.50000015400433,0.9999996919913262,0.9999996919913261,0.0,,
sealed,14.4,2.786977813906876e-07,2.786977813906876e-07,0.5000001393488824,0.5000001393488824,0.9999997213022208,0.9999997213022206,0.0,,
sealed,14.5,2.521761873338355e-07,2.521761873338355e-07,0.5000001260880853,0.5000001260880853,0.9999997478238154,0.9999997478238152,0.0,,
sealed,14.600000000000001,2.281784566113298e-07,2.281784566113298e-07,0.5000001140892201,0.5000001140892201,0.9999997718215456,0.9999997718215454,0.0,,
sealed,14.700000000000001,2.0646441177058565e-07,2.0646441177058565e-07,0.5000001032321975,0.5000001032321975,0.9999997935355901,0.9999997935355899,0.0,,
sealed,14.8,1.8681673129408508e-07,1.8681673129408508e-07,0.5000000934083574,0.5000000934083574,0.9999998131832704,0.9999998131832701,0.0,,
sealed,14.9,1.6903877456343645e-07,1.6903877456343645e-07,0.5000000845193793,0.5000000845193793,0.9999998309612275,0.9999998309612272,0.0,,
sealed,15.0,1.5295261380667604e-07,1.5295261380667604e-07,0.5000000764762997,0.5000000764762997,0.9999998470473884,0.9999998470473882,0.0,,
sealed,15.100000000000001,1.3839725333152452e-07,1.3839725333152452e-07,0.5000000691986188,0.5000000691986188,0.9999998616027489,0.9999998616027487,0.0,,
sealed,15.200000000000001,1.2522701822180024e-07,1.2522701822180024e-07,0.5000000626135013,0.5000000626135013,0.9999998747729842,0.999999874772984,0.0,,
sealed,15.3,1.133100963702812e-07,1.133100963702812e-07,0.50000005665504,0.50000005665504,0.9999998866899062,0.999999886689906,0.0,,
sealed,15.4,1.0252721925600766e-07,1.0252721925600766e-07,0.5000000512636019,0.5000000512636019,0.9999998974727836,0.9999998974727834,0.0,,
sealed,15.5,9.277046826264049e-08,9.277046826264049e-08,0.5000000463852269,0.5000000463852269,0.9999999072295347,0.9999999072295345,0.0,,
sealed,15.600000000000001,8.394219459098488e-08,8.394219459098488e-08,0.5000000419710906,0.5000000419710906,0.9999999160578078,0.9999999160578076,0.0,,
sealed,15.700000000000001,7.595404195569979e-08,7.595404195569979e-08,0.5000000379770149,0.5000000379770149,0.9999999240459605,0.9999999240459603,0.0,,
sealed,15.8,6.87260622849289e-08,6.87260622849289e-08,0.5000000343630249,0.5000000343630249,0.99999993127394,0.9999999312739398,0.0,,
sealed,15.9,6.218591557241407e-08,6.218591557241407e-08,0.5000000310929517,0.5000000310929517,0.9999999378140874,0.9999999378140871,0.0,,
sealed,16.0,5.626814587388653e-08,5.626814587388653e-08,0.500000028134067,0.500000028134067,0.9999999437318567,0.9999999437318565,0.0,,
sealed,16.1,5.091352620162202e-08,5.091352620162202e-08,0.5000000254567567,0.5000000254567567,0.9999999490864769,0.9999999490864766,0.0,,
sealed,16.2,4.606846576060968e-08,4.606846576060968e-08,0.5000000230342261,0.5000000230342261,0.9999999539315371,0.9999999539315368,0.0,,
sealed,16.3,4.168447359372589e-08,4.168447359372589e-08,0.5000000208422304,0.5000000208422304,0.9999999583155293,0.9999999583155291,0.0,,
sealed,16.400000000000002,3.77176732678745e-08,3.77176732678745e-08,0.50000001885883,0.50000001885883,0.9999999622823299,0.9999999622823297,0.0,,
sealed,16.5,3.4128363743887846e-08,3.4128363743887846e-08,0.5000000170641752,0.5000000170641752,0.9999999658716394,0.9999999658716392,0.0,,
sealed,16.6,3.0880622035214696e-08,3.0880622035214696e-08,0.500000015440305,0.500000015440305,0.9999999691193816,0.9999999691193814,0.0,,
sealed,16.7,2.7941943678659438e-08,2.7941943678659438e-08,0.5000000139709664,0.5000000139709664,0.99999997205806,0.9999999720580598,0.0,,
sealed,16.8,2.5282917418871357e-08,2.5282917418871357e-08,0.5000000126414539,0.5000000126414539,0.9999999747170865,0.9999999747170862,0.0,,
sealed,16.900000000000002,2.287693085071332e-08,2.287693085071332e-08,0.5000000114384606,0.5000000114384606,0.9999999771230732,0.999999977123073,0.0,,
sealed,17.0,2.0699904073471852e-08,2.0699904073471852e-08,0.5000000103499473,0.5000000103499473,0.9999999793001002,0.9999999793001,0.0,,
sealed,17.1,1.8730048691227502e-08,1.8730048691227502e-08,0.5000000093650193,0.5000000093650193,0.9999999812699555,0.9999999812699553,0.0,,
sealed,17.2,1.694764974737762e-08,1.694764974737762e-08,0.5000000084738201,0.5000000084738201,0.9999999830523538,0.9999999830523536,0.0,,
sealed,17.3,1.533486841083499e-08,1.533486841083499e-08,0.5000000076674302,0.5000000076674302,0.999999984665135,0.9999999846651347,0.0,,
sealed,17.400000000000002,1.3875563439119516e-08,1.3875563439119516e-08,0.5000000069377777,0.5000000069377777,0.9999999861244401,0.9999999861244399,0.0,,
sealed,17.5,1.2555129631483054e-08,1.2555129631483054e-08,0.5000000062775609,0.5000000062775609,0.9999999874448736,0.9999999874448734,0.0,,
sealed,17.6,1.1360351655251638e-08,1.1360351655251638e-08,0.5000000056801716,0.5000000056801716,0.9999999886396516,0.9999999886396513,0.0,,
sealed,17.7,1.0279271782429856e-08,1.0279271782429856e-08,0.5000000051396313,0.5000000051396313,0.999999989720731,0.9999999897207308,0.0,,
sealed,17.8,9.301070212829455e-09,9.301070212829455e-09,0.5000000046505311,0.5000000046505311,0.9999999906989323,0.9999999906989321,0.0,,
sealed,17.900000000000002,8.415956785956955e-09,8.415956785956955e-09,0.5000000042079751,0.5000000042079751,0.9999999915840448,0.9999999915840446,0.0,,
sealed,18.0,7.615072997875419e-09,7.615072997875419e-09,0.5000000038075332,0.5000000038075332,0.9999999923849283,0.9999999923849281,0.0,,
sealed,18.1,6.890403342392748e-09,6.890403342392748e-09,0.5000000034451988,0.5000000034451988,0.9999999931095978,0.9999999931095975,0.0,,
sealed,18.2,6.2346950892496444e-09,6.2346950892496444e-09,0.5000000031173446,0.5000000031173446,0.9999999937653061,0.9999999937653059,0.0,,
sealed,18.3,5.641385696419998e-09,5.641385696419998e-09,0.5000000028206898,0.5000000028206898,0.9999999943586152,0.999999994358615,0.0,,
sealed,18.400000000000002,5.1045371300425924e-09,5.1045371300425924e-09,0.5000000025522658,0.5000000025522658,0.9999999948954641,0.9999999948954639,0.0,,
sealed,18.5,4.6187764346355475e-09,4.6187764346355475e-09,0.5000000023093853,0.5000000023093853,0.9999999953812245,0.9999999953812242,0.0,,
sealed,18.6,4.17924195880082e-09,4.17924195880082e-09,0.500000002089618,0.500000002089618,0.9999999958207584,0.9999999958207582,0.0,,
sealed,18.7,3.78153469822796e-09,3.78153469822796e-09,0.5000000018907644,0.5000000018907644,0.9999999962184656,0.9999999962184654,0.0,,
sealed,18.8,3.421674269021356e-09,3.421674269021356e-09,0.500000001710834,0.500000001710834,0.9999999965783257,0.9999999965783255,0.0,,
sealed,18.900000000000002,3.096059070718061e-09,3.096059070718061e-09,0.5000000015480262,0.5000000015480262,0.9999999969039408,0.9999999969039406,0.0,,
sealed,19.0,2.8014302402941005e-09,2.8014302402941005e-09,0.5000000014007115,0.5000000014007115,0.9999999971985698,0.9999999971985696,0.0,,
sealed,19.1,2.5348390363992966e-09,2.5348390363992966e-09,0.5000000012674157,0.5000000012674157,0.9999999974651606,0.9999999974651603,0.0,,
sealed,19.200000000000003,2.2936173273913727e-09,2.2936173273913727e-09,0.500000001146805,0.500000001146805,0.9999999977063823,0.999999997706382,0.0,,
sealed,19.3,2.0753508878036865e-09,2.0753508878036865e-09,0.5000000010376716,0.5000000010376716,0.9999999979246488,0.9999999979246486,0.0,,
sealed,19.400000000000002,1.877855235989007e-09,1.877855235989007e-09,0.5000000009389236,0.5000000009389236,0.9999999981221442,0.999999998122144,0.0,,
sealed,19.5,1.6991537711145747e-09,1.6991537711145747e-09,0.500000000849573,0.500000000849573,0.9999999983008458,0.9999999983008456,0.0,,
sealed,19.6,1.5374579906961845e-09,1.5374579906961845e-09,0.5000000007687249,0.5000000007687249,0.9999999984625416,0.9999999984625414,0.0,,
sealed,19.700000000000003,1.3911495906820623e-09,1.3911495906820623e-09,0.5000000006955707,0.5000000006955707,0.99999999860885,0.9999999986088498,0.0,,
sealed,19.8,1.2587642689381628e-09,1.2587642689381628e-09,0.500000000629378,0.500000000629378,0.9999999987412351,0.9999999987412349,0.0,,
sealed,19.900000000000002,1.1389770700349563e-09,1.1389770700349563e-09,0.5000000005694846,0.5000000005694846,0.9999999988610228,0.9999999988610225,0.0,,
sealed,20.0,1.030589124661542e-09,1.030589124661542e-09,0.5000000005152908,0.5000000005152908,0.9999999989694104,0.9999999989694102,0.0,,
finite_small,0.0,1.0,1.0,1.0,1.0,0.0,0.0,0.0,1.0,0.0
finite_small,0.1,0.8264432256311833,0.8557101330482207,0.9128943830333822,0.9131032929495696,0.16741941843351033,0.1742112339332358,0.006791815499725476,0.9728327380010979,0.027167261998901904
finite_small,0.2,0.6965857204914967,0.7527589377894068,0.8453109282246556,0.8464188475467083,0.2882297745676953,0.3093781435506891,0.021148368982993715,0.9154065240680251,0.08459347593197486
finite_small,0.30000000000000004,0.5991736361279772,0.6702393046138481,0.7910030125314519,0.7934991525705811,0.37970429429588365,0.4179939749370967,0.038289680641212964,0.846841277435148,0.15315872256485186
finite_small,0.4,0.5245094616899408,0.60120613760635,0.7462132330701298,0.750263800060408,0.4516162946219859,0.5075735338597411,0.05595723923775514,0.7761710430489794,0.22382895695102056
finite_small,0.5,0.46563292546198265,0.5421986605141991,0.7085335990544747,0.7141028946521893,0.5099013147377355,0.5829328018910516,0.07303148715331594,0.7078740513867365,0.29212594861326374
finite_small,0.6000000000000001,0.4178857796281078,0.4910969913680094,0.6763420703728922,0.6832966855794378,0.5583350131183252,0.6473158592542163,0.08898084613589116,0.6440766154564355,0.35592338454356465
finite_small,0.7000000000000001,0.3781822712395389,0.4464321098878578,0.6485002048365724,0.6566709006632071,0.5994072067684966,0.702999590326856,0.10359238355835945,0.5856304657665619,0.4143695342334378
finite_small,0.8,0.3444577431592395,0.4071126140213129,0.6241807968977597,0.6333949595733277,0.6348117747146453,0.7516384062044807,0.1168266314898359,0.5326934740406565,0.4673065259593436
finite_small,0.9,0.3153059065478443,0.3722935779095695,0.6027647883724857,0.6128618372025427,0.6657348115849776,0.7944704232550293,0.12873561167005146,0.4850575533197944,0.5149424466802058
finite_small,1.0,0.28974820265716295,0.341303244853199,0.5837770817457704,0.5946146419586059,0.6930299975969285,0.8324458365084595,0.1394158389115312,0.442336644353875,0.5576633556461248
finite_small,1.1,0.26708762471208825,0.31359745842319975,0.5668451506275658,0.5783004521343834,0.7173281814257534,0.8663096987448689,0.14898151731911527,0.40407393072353814,0.5959260692764611
finite_small,1.2000000000000002,0.24681539977278769,0.2887292212886524,0.5516715013706313,0.563640458517916,0.7391073899240841,0.8966569972587383,0.15754960733465379,0.3698015706613844,0.6301984293386151
finite_small,1.3,0.228550766507776,0.2663273022369513,0.5380148228331376,0.5504101157212081,0.7587384564791747,0.9239703543337254,0.1652318978545502,0.33907240858179855,0.6609275914182008
finite_small,1.4000000000000001,0.21200163556307627,0.24608062776084644,0.5256767449977892,0.538425593323711,0.7765153255495567,0.9486465100044221,0.17213118445486508,0.3114752621805388,0.6885247378194603
finite_small,1.5,0.1969385587334084,0.22772656303434496,0.5144923156341021,0.5275342900261932,0.7926755556002204,0.9710153687317964,0.1783398131315757,0.28664074747369617,0.7133592525263028
finite_small,1.6,0.1831772696629436,0.2110419145643692,0.504323002828,0.5176080307571478,0.807414450247217,0.991353994344001,0.18393954409678315,0.2642418236128665,0.7357581763871326
finite_small,1.7000000000000002,0.17056680357693396,0.19583589998268286,0.4950514530790453,0.5085380765150516,0.8208949824290693,1.0098970938419103,0.18900211141284062,0.243991554348637,0.7560084456513625
finite_small,1.8,0.15898128703623776,0.18194457751217097,0.48657749572597514,0.5002313865655478,0.8332548980055542,1.0268450085480485,0.19359011054249625,0.22563955783001466,0.774360442169985
finite_small,1.9000000000000001,0.14831416836828137,0.16922638189595818,0.47881504970997374,0.4926077646734481,0.844611898818745,1.0423699005800509,0.1977580017613083,0.20896799295476626,0.7910320070452332
finite_small,2.0,0.13847408990832616,0.1575585136279258,0.4716896955350706,0.48559764238084147,0.855067497210096,1.0566206089298582,0.20155311171976348,0.19378755312094587,0.8062124468790539
finite_small,2.1,0.12938187829589698,0.14683399548756285,0.4651367457806843,0.4791403304103261,0.8647099364502274,1.0697265084386312,0.20501657198840484,0.17993371204638017,0.8200662879536194
finite_small,2.2,0.12096830635804451,0.13695925688512783,0.459099694932706,0.4731826204133497,0.8736164433760051,1.0818006101345892,0.20818416675858392,0.16726333296566376,0.8327366670343357
finite_small,2.3000000000000003,0.11317239525676157,0.12785213961120276,0.4535289617746205,0.4676776533842578,0.8818549954364264,1.0929420764507607,0.21108708101433382,0.15565167594266477,0.8443483240573353
finite_small,2.4000000000000004,0.10594010093027942,0.1194402426895037,0.44838086021568013,0.4625839942013377,0.8894857285545335,1.103238279568641,0.21375255101410773,0.14498979594356948,0.8550102040564309
finite_small,2.5,0.09922327853942031,0.11165954194670595,0.44361675047383753,0.45786486773442414,0.8965620747767482,1.1127664990523254,0.21620442427557812,0.13518230289768784,0.8648176971023125
finite_small,2.6,0.09297885163705968,0.10445323345163289,0.43920233407777526,0.45348752318166496,0.9031316932727601,1.12159533184445,0.21846363857169077,0.12614544571323744,0.8738545542867631
finite_small,2.7,0.08716813488366351,0.0977707603498063,0.4351070645873251,0.44942270131384277,0.9092372407973535,1.1297858708253499,0.22054863002799752,0.11780547988800999,0.8821945201119901
finite_small,2.8000000000000003,0.08175627406339687,0.0915669906591151,0.43130365217884736,0.4456441851231463,0.9149170155887014,1.1373926956423053,0.2224756800536051,0.11009727978557987,0.8899027202144204
finite_small,2.9000000000000004,0.07671177733647928,0.08580151988253325,0.42776764492875413,0.4421284186627178,0.9202055001265722,1.1444647101424912,0.2242592100159207,0.10296315993631679,0.8970368400636828
finite_small,3.0,0.07200611867797077,0.08043807725426204,0.4244770731861217,0.4388541820722001,0.9251338220670322,1.1510458536277564,0.22591203156072548,0.0963518737570976,0.9036481262429019
finite_small,3.1,0.06761339934183752,0.07544401837391337,0.42141214615579686,0.4358023132182191,0.9297301482475457,1.1571757076884066,0.22744555944086187,0.09021776223655223,0.9097822377634475
finite_small,3.2,0.06351005663978165,0.07078989012828589,0.418554991930086,0.4329554682481661,0.9340200234073219,1.1628900161398275,0.22886999273250752,0.0845200290699695,0.9154799709300301
finite_small,3.3000000000000003,0.059674611793991916,0.06644905632465768,0.415889433863151,0.4302979148084387,0.9380266628464112,1.1682211322736982,0.23019446942728816,0.0792221222908471,0.9207778777091526
finite_small,3.4000000000000004,0.05608745041719527,0.062397374495171694,0.41340079748884256,0.42781535281942873,0.9417712064166914,1.1731984050223145,0.23142719860562444,0.0742912055775019,0.9257087944224978
finite_small,3.5,0.05273063049763927,0.05861291598042511,0.4110757432215937,0.42549475860450303,0.9452729398350215,1.1778485135568117,0.23257557372179205,0.0696977051128314,0.9303022948871682
finite_small,3.6,0.04958771376007688,0.055075722740699405,0.4089021209118908,0.42332424889419507,0.9485494882193121,1.182195758176217,0.23364626995690713,0.06541492017237042,0.9345850798276285
finite_small,3.7,0.04664361703141055,0.05176759543710434,0.4068688429983244,0.4212929618105375,0.9516169858915036,1.1862623140033488,0.23464532811184824,0.06141868755260586,0.938581312447393
finite_small,3.8000000000000003,0.043884480826729966,0.04867190822078231,0.40496577354184826,0.419390952410433,0.9544902258099126,1.1900684529163001,0.23557822710639134,0.05768709157443323,0.9423129084255654
finite_small,3.9000000000000004,0.04129755283345678,0.04577344640460231,0.40318363087109893,0.4176091007542776,0.9571827914455241,1.1936327382577994,0.23644994681227857,0.05420021275088482,0.9457997872491143
finite_small,4.0,0.038871084340073414,0.0430582637989255,0.4015139019308228,0.4159390307843662,0.9597071734721875,1.1969721961383515,0.23726502266616734,0.050939909335329325,0.9490600906646693
finite_small,4.1000000000000005,0.03659423795412403,0.040513556995334085,0.3999487667245201,0.41437303856062835,0.9620748732767066,1.200102466550956,0.23802759327425382,0.04788962690298393,0.9521103730970153
finite_small,4.2,0.03445700519814838,0.03812755429911609,0.3984810314897341,0.4129040286195391,0.9642964949946681,1.2030379370205282,0.23874144202586423,0.04503423189654217,0.9549657681034569
finite_small,4.3,0.0324501327738526,0.03588941735839689,0.39710406944982046,0.411525457404105,0.9663818275286082,1.2057918611003564,0.2394100335717516,0.04235986571299308,0.9576401342870065
finite_small,4.4,0.03056505645296053,0.0337891538276792,0.39581176815727576,0.4102312828651885,0.9683399177969447,1.2083764636854448,0.2400365458885044,0.039853816445981946,0.9601461835540176
finite_small,4.5,0.02879384169445735,0.03181753964635788,0.39459848258701047,0.4090159194624787,0.9701791362872915,1.2108030348259755,0.24062389853868826,0.037504405845246475,0.962495594154753
finite_small,4.6000000000000005,0.02712913020740335,0.029966049716757013,0.3934589932582811,0.40787419790138324,0.9719072358402989,1.2130820134834328,0.24117477764313938,0.035300889427441584,0.9646991105725575
finite_small,4.7,0.02556409178008402,0.028226795938096433,0.3923884687653897,0.40680132903342914,0.9735314044652169,1.2152230624692164,0.2416916580040044,0.03323336798398133,0.9667666320160176
finite_small,4.800000000000001,0.024092380783056692,0.026592471697997437,0.39138243218294116,0.405792871425259,0.9750583128821302,1.2172351356341142,0.24217682275198804,0.03129270899204688,0.9687072910079522
finite_small,4.9,0.022708096828112468,0.025056302046159606,0.3904367308840963,0.40484470216726454,0.9764941573951587,1.219126538231804,0.24263238083664967,0.029470476653400593,0.9705295233465987
finite_small,5.0,0.021405749129268868,0.023611998879347153,0.38954750937201327,0.40395299054915046,0.9778446986233041,1.2209049812559698,0.2430602826326702,0.027758869469318437,0.9722411305306808
finite_small,5.1000000000000005,0.020180224167259456,0.02225372055583816,0.38871118477732924,0.40311417427789614,0.9791152965490242,1.2225776304453384,0.24346233389631805,0.02615066441472678,0.9738493355852722
finite_small,5.2,0.019026756306910836,0.020976035433501242,0.3879244247195359,0.40232493795486673,0.9803109422872732,1.2241511505609255,0.2438402082736556,0.02463916690537705,0.9753608330946224
finite_small,5.300000000000001,0.01794090105839452,0.019773888890734757,0.3871841272686813,0.4015821935643379,0.9814362869282927,1.2256317454626349,0.2441954585343455,0.023218165862617712,0.976781834137382
finite_small,5.4,0.01691851070952617,0.018642573445345145,0.3864874027769653,0.40088306275631114,0.9824956677646538,1.2270251944460657,0.2445295266814163,0.021881893274334315,0.9781181067256652
finite_small,5.5,0.015955712087823162,0.017577701634473395,0.3858315573783409,0.4002248607329247,0.9834931321759803,1.2283368852433139,0.24484375306733863,0.020624987730645163,0.9793750122693545
finite_small,5.6000000000000005,0.01504888623857643,0.01657518136009235,0.3852140779788616,0.3996050815706531,0.9844324594125828,1.2295718440422732,0.24513938462969465,0.019442461481221404,0.9805575385187786
finite_small,5.7,0.01419464982928704,0.015631193440383245,0.38463261858183373,0.3990213848303417,0.9853171804912102,1.2307347628363294,0.24541758234512284,0.01832967061950795,0.9816703293804914
finite_small,5.800000000000001,0.01338983811193454,0.01474217113829084,0.38408498781030515,0.39847158332438093,0.9861505963916926,1.2318300243793865,0.2456794279876977,0.017282288049208602,0.9827177119507908
finite_small,5.9,0.012631489293078148,0.013904781465451975,0.38356913750547783,0.3979536319253518,0.986935794721908,1.2328617249890417,0.24592593026713683,0.016296278931451996,0.9837037210685473
finite_small,6.0,0.01191683017808518,0.013115908083083029,0.38308315229360834,0.39746561731359664,0.9876756649998215,1.2338336954127813,0.24615803041296216,0.015367878348150756,0.9846321216518487
finite_small,6.1000000000000005,0.011243262970127336,0.012372635641794241,0.38262524002615067,0.3970057485726368,0.9883729126849748,1.2347495199476965,0.2463766072627243,0.014493570949102124,0.9855064290508972
finite_small,6.2,0.010608353117234594,0.011672235420096516,0.38219372300855337,0.3965723485514021,0.9890300720774209,1.2356125539828906,0.24658248190547286,0.013670072378107622,0.9863299276218914
finite_small,6.300000000000001,0.010009818111866702,0.011012152136935374,0.3817870299424559,0.39616384592105736,0.9896495181894498,1.2364259401150866,0.24677642192563903,0.012894312297442909,0.9871056877025561
finite_small,6.4,0.009445517157340218,0.010389991827233545,0.3814036885142122,0.3957787678619605,0.9902334776843067,1.2371926229715742,0.24695914528726956,0.012163418850920708,0.9878365811490782
finite_small,6.5,0.008913441624196033,0.009803510681405706,0.3810423185698673,0.39541573332310775,0.9907840389662678,1.2379153628602646,0.24713132389399828,0.0114747044240061,0.9885252955759931
finite_small,6.6000000000000005,0.008411706227349791,0.009250604760349753,0.38070162582304756,0.39507344680244044,0.9913031614977422,1.2385967483539049,0.24729358685616326,0.010825652575346505,0.989174347424653
finite_small,6.7,0.007938540861755643,0.00872930050670693,0.38038039604780777,0.39475069260171325,0.9917926844113824,1.239239207904386,0.24744652349300278,0.010213906027988138,0.9897860939720111
finite_small,6.800000000000001,0.007492283040439161,0.008237745981381927,0.38007748971342004,0.3944463295143199,0.992254334478346,1.2398450205731613,0.24759068609481458,0.009637255620741168,0.9903627443792583
finite_small,6.9,0.007071370884209177,0.007774202761563336,0.3797918370224508,0.3941592859086499,0.9926897334878144,1.2404163259550982,0.2477265924672847,0.00909363013086029,0.9909063698691388
finite_small,7.0,0.006674336617221397,0.007337038442904894,0.3795224333173458,0.3938885551732506,0.9931004050874649,1.2409551333653088,0.24785472827784394,0.008581086888623005,0.9914189131113758
finite_small,7.1000000000000005,0.006299800526907826,0.006924719694223087,0.37926833482417815,0.39363319149335996,0.9934877811298164,1.2414633303516438,0.24797554922182805,0.008097803112686784,0.9919021968873122
finite_small,7.2,0.005946465350667579,0.006535805818126543,0.3790286547052687,0.39339230593130936,0.9938532075650717,1.2419426905894628,0.2480894830243917,0.00764206790243225,0.9923579320975668
finite_small,7.300000000000001,0.005613111055188415,0.006168942775495136,0.3788025593951104,0.3931650627859069,0.9941979499172748,1.2423948812097811,0.24819693129250503,0.007212274829978538,0.9927877251700201
finite_small,7.4,0.005298589977382653,0.00582285763573941,0.3785892651964499,0.39295067620824553,0.9945231983771753,1.2428214696071023,0.24829827122992548,0.006806915080296582,0.9931930849197019
finite_small,7.5,0.005001822298715156,0.005496353418352246,0.3783880351155504,0.3927484070534722,0.9948300725421347,1.243223929768901,0.24839385722676494,0.00642457109293915,0.9935754289070597
finite_small,7.6000000000000005,0.004721791827212521,0.005188304294466044,0.37819817591759425,0.3925575599499171,0.9951196258306708,1.2436036481648132,0.24848402233414157,0.006063910663432771,0.9939360893365663
finite_small,7.7,0.0044575420637016985,0.004897651119994257,0.37801903538492077,0.3923774805686645,0.995392849596761,1.2439619292301611,0.24856907963339814,0.005723681466406224,0.9942763185335926
finite_small,7.800000000000001,0.004208172530861601,0.004623397274504844,0.3778499997623518,0.3922075530781498,0.9956506769668277,1.2443000004752987,0.24864932350846902,0.005402705966122683,0.9945972940338761
finite_small,7.9,0.003972835345507055,0.004364604782279309,0.37769049137525346,0.39204719776972113,0.9958939864203169,1.2446190172494949,0.2487250308291769,0.005099876683290955,0.9949001233167076
finite_small,8.0,0.0037507320161822076,0.00412039069408381,0.3775399664072415,0.3918958688413224,0.9961236051329929,1.2449200671855194,0.24879646205252479,0.004814151789899588,0.9951858482100991
finite_small,8.1,0.003541110449639738,0.0038899237100449287,0.37739791282557245,0.3917530523275592,0.9963403121004534,1.2452041743488573,0.24886386224840273,0.004544551006387664,0.9954554489936109
finite_small,8.200000000000001,0.003343262151138471,0.003672421025704018,0.37726384844327726,0.39161826416539147,0.996544841057889,1.2454723031134474,0.24892746205555732,0.004290151777769579,0.9957098482222293
finite_small,8.3,0.003156519604723761,0.003467145384843817,0.3771373191080263,0.3914910483856093,0.9967378832107995,1.2457253617839492,0.24898747857314907,0.004050085707403199,0.9959499142925963
finite_small,8.4,0.0029802538207687936,0.003273402324050567,0.37701789700853877,0.39137097542104166,0.9969200897901612,1.2459642059829243,0.24904411619276234,0.0038235352289498633,0.9961764647710494
finite_small,8.5,0.0028138720390708622,0.0030905375952184344,0.3769051790901111,0.3912576405232009,0.9970920744444676,1.24618964181978,0.24909756737531133,0.0036097304987539897,0.9963902695012453
finite_small,8.6,0.0026568155767182113,0.0029179347533270362,0.3767987855715211,0.39115066227972345,0.9972544154800548,1.2464024288569586,0.2491480133769045,0.0034079464923816452,0.996592053507618
finite_small,8.700000000000001,0.0025085578107831804,0.002755012897843731,0.3766983585561852,0.39104968122558104,0.9974076579602368,1.2466032828876306,0.249195624927394,0.003217500290423783,0.996782499709576
finite_small,8.8,0.0023686022866631013,0.002601224557029323,0.3766035607310132,0.3909543585415798,0.9975523156729513,1.2467928785379752,0.24924056286502355,0.0030377485399054513,0.9969622514600942
finite_small,8.9,0.0022364809435892656,0.0024560537052689406,0.37651407414691346,0.390864374834177,0.997688872975865,1.2469718517061739,0.24928297873030958,0.0028680850787609056,0.9971319149212383
finite_small,9.0,0.002111752449462943,0.0023190139043176403,0.37642959907537676,0.3907794289910992,0.9978177865272104,1.2471408018492474,0.2493230153220375,0.002707938711849204,0.99729206128815
finite_small,9.1,0.0019940006377614262,0.0021896465600500527,0.37634985293598694,0.3906992371076633,0.9979394869100041,1.2473002941280265,0.24936080721802348,0.002556771127905693,0.9974432288720939
finite_small,9.200000000000001,0.0018828330397920546,0.002067519286942233,0.37627456929009967,0.39062353147908424,0.998054380156718,1.247450861419801,0.2493964812630845,0.0024140749476620075,0.997585925052338
finite_small,9.3,0.0017778795060624205,0.001952224373097562,0.37620349689628557,0.3905520596544064,0.9981628491809629,1.247593006207429,0.24943015702646779,0.0022793718941291896,0.9977206281058711
finite_small,9.4,0.0016787909109848226,0.0018433773391624236,0.37613639882346195,0.3904845835480156,0.9982652551222612,1.247727202353077,0.24946194723081683,0.0021522110767327133,0.9978477889232673
finite_small,9.5,0.001585237935546391,0.00174061558496645,0.37607305161793136,0.39042087860497426,0.9983619386095447,1.2478538967641377,0.24949195815459474,0.0020321673816216697,0.997967832618379
finite_small,9.600000000000001,0.0014969099229561948,0.0016435971181703393,0.3760132445208253,0.39036073301670815,0.9984532209486149,1.24797351095835,0.24952029000973694,0.0019188399610528331,0.9980811600389478
finite_small,9.700000000000001,0.001413513802630433,0.0015519993596157342,0.37595677873269673,0.39030394698380233,0.9985394052384285,1.248086442534607,0.24954703729618039,0.0018118508152793831,0.9981881491847215
finite_small,9.8,0.0013347730781989656,0.001465518020449588,0.3759034667222411,0.3902503320229077,0.9986207774207345,1.2481930665555176,0.24957228913478569,0.001710843460858258,0.9982891565391427
finite_small,9.9,0.001260426875513611,0.0013838660464431344,0.37585313157633365,0.39019971031495976,0.9986976072672685,1.2482937368473337,0.24959612958006677,0.0016154816797340338,0.9983845183202671
finite_small,10.0,0.0011902290469127973,0.0013067726252455182,0.3758056063887715,0.3901519140921067,0.9987701493084253,1.2483887872224588,0.24961863791403413,0.0015254483438642958,0.9984745516561365
finite_small,10.100000000000001,0.0011239473282505354,0.0012339822526071056,0.3757607336852844,0.3901067850609274,0.9988386437070649,1.248478532629433,0.2496398889223686,0.0014404443105255176,0.9985595556894744
finite_small,10.200000000000001,0.0010613625454319298,0.0011652538538794513,0.3757183648825483,0.3900641738596753,0.9989033170808513,1.248563270234904,0.24965995315405443,0.0013601873837822223,0.9986398126162177
finite_small,10.3,0.001002267867414182,0.0011003599573500128,0.3756783597790877,0.3900239395474442,0.9989643832763069,1.248643280441826,0.24967889716552036,0.0012844113379186224,0.9987155886620814
finite_small,10.4,0.0009464681028328614,0.0010390859162017867,0.37564058607609524,0.38998594912329015,0.9990220440975431,1.24871882784781,0.24969678375026927,0.0012128649989234532,0.9987871350010771
finite_small,10.5,0.0008937790375992904,0.0009812291761026161,0.3756049189263294,0.38995007707347396,0.9990764899924408,1.2487901621473427,0.2497136721549032,0.001145311380387457,0.9988546886196128
finite_small,10.600000000000001,0.000844026810987538,0.0009265985856276028,0.3755712405093707,0.3899162049451069,0.9991279006988666,1.2488575189812594,0.24972961828239476,0.0010815268704210748,0.998918473129579
finite_small,10.700000000000001,0.0007970473278898233,0.000875013746902113,0.37553943963163283,0.3898842209446027,0.9991764458533444,1.2489211207367354,0.24974467488339291,0.0010213004664291014,0.9989786995335717
finite_small,10.8,0.0007526857050679889,0.0008263044040234882,0.37550941134962595,0.3898540195594288,0.9992222855644486,1.2489811773007489,0.24975889173630245,0.0009644330547909509,0.9990355669452098
finite_small,10.9,0.0007107957493671921,0.0007803098669779721,0.3754810566150706,0.38982550120176185,0.9992655709530346,1.2490378867698593,0.2497723158168273,0.0009107367326913313,0.9990892632673092
finite_small,11.0,0.0006712394659867406,0.0007368784689163655,0.37545428194054636,0.38979857187272904,0.9993064446612921,1.2490914361189072,0.24978499145761818,0.0008600341695277588,0.9991399658304727
finite_small,11.100000000000001,0.0006338865950229068,0.0006958670547886081,0.3754289990844487,0.38977314284601305,0.9993450413324781,1.2491420018311024,0.24979696049862765,0.0008121580054897622,0.9991878419945106
finite_small,11.200000000000001,0.0005986141746102849,0.0006571404994645644,0.37540512475409893,0.3897491303696572,0.9993814880630706,1.2491897504918033,0.249808262428735,0.0007669502850608419,0.99923304971494
finite_small,11.3,0.0005653061290923653,0.0006205712535865487,0.37538258032593075,0.38972645538500617,0.9994159048289765,1.2492348393481394,0.24981893451916548,0.0007242619233392945,0.9992757380766619
finite_small,11.4,0.000533852880749141,0.0005860389155092817,0.3753612915817418,0.38970504326175714,0.9994484048873219,1.249277416836517,0.24982901194919807,0.0006839522032088174,0.9993160477967923
finite_small,11.5,0.0005041509837002002,0.0005534298277855761,0.3753411884600593,0.389684823548178,0.9994790951552636,1.2493176230798815,0.2498385279246215,0.000645888301515081,0.999354111698486
finite_small,11.600000000000001,0.0004761027786863946,0.0005226366967517571,0.3753222048217341,0.3896657297356052,0.9995080765671654,1.249355590356533,0.2498475137893699,0.0006099448425210889,0.9993900551574796
finite_small,11.700000000000001,0.0004496160675122687,0.0004935582338560862,0.3753042782289249,0.389647699036377,0.9995354444114092,1.249391443542152,0.2498559991307444,0.0005760034770227072,0.9994239965229776
finite_small,11.8,0.00042460380600533015,0.00046609881745679986,0.3752873497366907,0.38963067217442343,0.9995612886480235,1.2494253005266205,0.24986401187859836,0.0005439524856068714,0.9994560475143934
finite_small,11.9,0.0004009838144174043,0.00044016817389421484,0.37527136369645525,0.38961459318777475,0.9995856942082502,1.249457272607092,0.2498715783988428,0.0005136864046293094,0.9994863135953712
finite_small,12.0,0.00037867850425797226,0.0004156810767140884,0.3752562675706526,0.3895994092422928,0.9996087412770923,1.2494874648586975,0.24987872358160607,0.00048510567357656545,0.9995148943264243
finite_small,12.100000000000001,0.00035761462060995467,0.0003925570629874267,0.37524201175790467,0.38958507045598106,0.9996305055598337,1.2495159764841925,0.24988547092436042,0.00045811630255921873,0.9995418836974417
finite_small,12.200000000000001,0.00033772299903511005,0.00037072016573555945,0.3752285494281202,0.38957152973325215,0.9996510585334526,1.2495429011437613,0.24989184261031033,0.00043262955875987005,0.9995673704412413
finite_small,12.3,0.00031893833622932753,0.0003500986615288279,0.3752158363669416,0.3895587426085878,0.9996704676838025,1.249568327266118,0.24989785958231753,0.00040856167073110157,0.9995914383292701
finite_small,12.4,0.00030119897363790573,0.00033062483238298476,0.3752038308290005,0.3895466670990423,0.9996887967293783,1.2495923383420005,0.2499035416126239,0.0003858335495056218,0.9996141664504956
finite_small,12.5,0.0002844466932875744,0.0003122347411296069,0.3751924933994753,0.3895352635650876,0.9997061058324381,1.2496150132010497,0.24990890736861449,0.0003643705255434195,0.9996356294744579
finite_small,12.600000000000001,0.00026862652513581585,0.0002948680194857578,0.3751817868634727,0.38952449457931415,0.9997224517982073,1.2496364262730522,0.24991397447485056,0.0003441021005994052,0.9996558978994022
finite_small,12.700000000000001,0.00025368656527912563,0.0002784676680939949,0.3751716760827856,0.38951432480254466,0.9997378882628442,1.249656647834427,0.24991875957158788,0.0003249617136498783,0.9996750382863515
finite_small,12.8,0.00023957780440040757,0.0002629798678468295,0.37516212787960324,0.38950472086693216,0.9997524658708137,1.2496757442407924,0.24992327836998343,0.00030688652006757074,0.9996931134799337
finite_small,12.9,0.00022625396587191423,0.0002483538018500985,0.3751531109267775,0.38949565126564345,0.9997662324422691,1.2496937781464448,0.24992754570417963,0.0002898171832831811,0.9997101828167185
finite_small,13.0,0.00021367135296413364,0.00023454148741756635,0.3751445956442712,0.3894870862487556,0.9997792331310154,1.2497108087114563,0.24993157558044637,0.00027369767821645125,0.9997263023217855
finite_small,13.100000000000001,0.00020178870464297456,0.00022149761752462122,0.3751365541014341,0.3894789977250076,0.9997915105735863,1.2497268917971294,0.24993538122354994,0.00025847510580217635,0.9997415248941998
finite_small,13.200000000000001,0.0001905670594676146,0.00020917941118230905,0.3751289599247771,0.38947135916907694,0.9998031050299439,1.249742080150444,0.24993897512050645,0.0002440995179762466,0.9997559004820258
finite_small,13.3,0.00017996962712958528,0.00019754647222429306,0.37512178821093023,0.3894641455340674,0.9998140545162748,1.2497564235781384,0.2499423690618694,0.00023052375252407542,0.9997694762474776
finite_small,13.4,0.00016996166720020144,0.00018656065602878815,0.37511501544449133,0.38945733316890907,0.9998243949303287,1.249769969111016,0.2499455741806932,0.00021770327722875376,0.9997822967227727
finite_small,13.5,0.00016051037467837626,0.00017618594372519815,0.3751086194204872,0.3894508997403958,0.9998341601697273,1.2497827611590253,0.24994860098930327,0.00020559604278910806,0.9997944039572131
finite_small,13.600000000000001,0.00015158477195432817,0.00016638832346120634,0.37510257917118556,0.389444824159596,0.9998433822436356,1.249794841657628,0.24995145941399838,0.00019416234400867737,0.9998058376559935
finite_small,13.700000000000001,0.0001431556068267617,0.00015713567833054118,0.3750968748970131,0.38943908651239023,0.9998520913781745,1.249806250205973,0.2499541588278042,0.00018336468878561826,0.9998166353112168
finite_small,13.8,0.0001351952562318655,0.00014839768058464727,0.37509148790134594,0.3894336679939001,0.999860316115928,1.2498170241973063,0.24995670808138554,0.00017316767446076865,0.9998268323255421
finite_small,13.9,0.00012767763536202832,0.0001401456917731427,0.3750864005289535,0.38942855084659145,0.9998680834098744,1.249827198942092,0.24995911553222402,0.00016353787110670592,0.9998364621288961
finite_small,14.0,0.00012057811187056705,0.00013235266847831022,0.3750815961078914,0.3894237183018434,0.9998754187120633,1.2498368077842172,0.24996138907215956,0.0001544437113647065,0.9998455562886382
finite_small,14.100000000000001,0.00011387342487608783,0.0001249930733280374,0.3750770588946469,0.3894191545247869,0.9998823460573258,1.249845882210705,0.2499635361533859,0.00014585538645914373,0.9998541446135436
finite_small,14.200000000000001,0.00010754160849641637,0.00011804279098966281,0.3750727740223548,0.3894148445622322,0.9998888881423055,1.24985445195529,0.2499655638129907,0.00013774474804016,0.9998622552519628
finite_small,14.3,0.00010156191965739326,0.0001114790488641693,0.3750687274519097,0.3894107742935053,0.9998950664000669,1.2498625450961798,0.2499674786961193,0.00013008521552547876,0.9998699147844772
finite_small,14.4,9.591476993630856e-05,0.00010528034221616026,0.37506490592581393,0.3894069303840363,0.9999009010705346,1.2498701881483718,0.24996928707784288,0.0001228516886310738,0.9998771483113715
finite_small,14.5,9.058166121337632e-05,9.942636349011243e-05,0.3750612969246042,0.3894033002415409,0.9999064112669961,1.2498774061507907,0.24997099488380115,0.00011602046479816238,0.9998839795352046
finite_small,14.600000000000001,8.554512491750065e-05,9.38979355775849e-05,0.37505788862571393,0.38939987197464887,0.9999116150388873,1.2498842227485718,0.24997260770969063,0.0001095691612406827,0.9998904308387625
finite_small,14.700000000000001,8.078866466468709e-05,8.867694881342802e-05,0.3750546698646351,0.38939663435384697,0.9999165294310733,1.249890660270729,0.24997413083966258,0.0001034766413531553,0.9998965233586503
finite_small,14.8,7.629670209886044e-05,8.37463014916213e-05,0.3750516300982484,0.38939357677460096,0.9999211705398164,1.2498967398035035,0.2499755692636924,9.772294523362745e-05,0.9999022770547696
finite_small,14.9,7.20545257556038e-05,7.908984370323747e-05,0.37504875937020205,0.38939068922253606,0.9999255535656234,1.249902481259597,0.2499769276939782,9.228922409035886e-05,0.9999077107759128
finite_small,15.0,6.804824277946761e-05,7.46923243102019e-05,0.37504604827822285,0.389387962240563,0.9999296928631377,1.2499079034435545,0.2499782105804224,8.715767831403857e-05,0.9999128423216896
finite_small,15.100000000000001,6.4264733335052e-05,7.053934087905828e-05,0.37504348794325215,0.3893853868978372,0.9999336019882529,1.2499130241134966,0.24997942212524843,8.231149900970715e-05,0.9999176885009937
finite_small,15.200000000000001,6.069160756107628e-05,6.661729240887808e-05,0.3750410699803047,0.38938295476045176,0.9999372937425939,1.2499178600393925,0.24998056629680224,7.773481279422086e-05,0.999922265187209
finite_small,15.3,5.731716492514029e-05,6.29133346968154e-05,0.3750387864709523,0.38938065786376225,0.9999407802155191,1.249922427058097,0.24998164684258178,7.341262967608479e-05,0.9999265873703271
finite_small,15.4,5.413035584489608e-05,5.9415338193633525e-05,0.37503662993734316,0.38937848868625874,0.9999440728237796,1.2499267401253145,0.24998266730153962,6.933079384484418e-05,0.9999306692061585
finite_small,15.5,5.1120745448899e-05,5.611184820985218e-05,0.37503459331767025,0.3893764401248919,0.9999471823489657,1.2499308133646596,0.249983631015699,6.54759372069849e-05,0.999934524062796
finite_small,15.600000000000001,4.827847935753331e-05,5.2992047341010584e-05,0.37503266994300744,0.3893745054717761,0.9999501189728685,1.249934660113985,0.249984541141122,6.183543551449946e-05,0.999938164564488
finite_small,15.700000000000001,4.5594251371127226e-05,5.004571998794188e-05,0.37503085351543664,0.38937267839219186,0.9999528923108664,1.2499382929691256,0.2499854006582655,5.839736694095205e-05,0.999941602633062
finite_small,15.8,4.3059272958709294e-05,4.726321885493266e-05,0.3750291380873953,0.3893709529038129,0.9999555114434558,1.2499417238252089,0.24998621238175864,5.515047296805862e-05,0.9999448495270346
finite_small,15.9,4.0665244446840134e-05,4.463543331522513e-05,0.3750275180421739,0.38936932335709196,0.9999579849460198,1.2499449639156515,0.24998697896963723,5.2084121453511444e-05,0.9999479158785489
finite_small,16.0,3.8404327813591315e-05,4.215375953952626e-05,0.37502598807550097,0.38936778441673986,0.999960320916942,1.2499480238489968,0.24998770293206107,4.9188271758054784e-05,0.9999508117282443
finite_small,16.1,3.6269120998065396e-05,3.981007228904415e-05,0.3750245431781537,0.38936633104423446,0.999962527004151,1.2499509136436913,0.24998838663954648,4.6453441816673765e-05,0.9999535465581859
finite_small,16.2,3.425263364088429e-05,3.759669828011051e-05,0.37502317861953804,0.3893649584813065,0.9999646104301895,1.2499536427609215,0.24998903233073927,4.387067704524968e-05,0.9999561293229571
finite_small,16.3,3.234826417577719e-05,3.550639103262381e-05,0.37502188993218294,0.38936366223434393,0.9999665780158832,1.2499562201356316,0.2499896421197556,4.143152098009246e-05,0.9999585684790224
finite_small,16.400000000000002,3.054977819691714e-05,3.353230711951648e-05,0.37502067289709834,0.3893624380596652,0.9999684362026957,1.2499586542058012,0.2499902180031122,3.9127987553580876e-05,0.9999608720124488
finite_small,16.5,2.8851288030836363e-05,3.166798373904946e-05,0.3750195235299491,0.38936128194961295,0.9999701910738344,1.2499609529400995,0.24999076186627195,3.6952534914524006e-05,0.9999630474650878
finite_small,16.6,2.724723344574784e-05,2.9907317536133174e-05,0.3750184380679982,0.3893601901194218,0.9999718483741842,1.2499631238640023,0.2499912754898238,3.489804070700206e-05,0.9999651019592952
finite_small,16.7,2.5732363434855117e-05,2.8244544603002207e-05,0.3750174129577775,0.38935915899481666,0.9999734135291303,1.249965174084444,0.2499917605553189,3.295777872627699e-05,0.9999670422212756
finite_small,16.8,2.4301719013776107e-05,2.667422159346848e-05,0.375016444843445,0.3893581852003031,0.9999748916623324,1.24996711031311,0.2499922186507817,3.112539687492076e-05,0.9999688746031268
finite_small,16.900000000000002,2.295061697555596e-05,2.5191207888659358e-05,0.37501553055578996,0.38935726554810823,0.9999762876125101,1.2499689388884203,0.24999265127591364,2.9394896346618236e-05,0.9999706051036545
finite_small,17.0,2.1674634549899658e-05,2.3790648755616574e-05,0.3750146671018504,0.38935639702773783,0.9999776059492947,1.2499706657962997,0.2499930598470081,2.7760611969158595e-05,0.9999722393880324
finite_small,17.1,2.0469594916238197e-05,2.2467959443410974e-05,0.3750138516551084,0.3893555767961159,0.9999788509881965,1.2499722966897835,0.24999344570158993,2.6217193641963897e-05,0.9999737828063597
finite_small,17.2,1.933155352305551e-05,2.1218810164520454e-05,0.3750130815462314,0.38935480216826907,0.999980026804742,1.2499738369075368,0.24999381010279864,2.475958880712038e-05,0.9999752404111946
finite_small,17.3,1.825678516855843e-05,2.0039111912136614e-05,0.3750123542543283,0.3893540706085343,0.9999811372478202,1.2499752914913436,0.24999415424352642,2.3383025896288938e-05,0.9999766169741057
finite_small,17.400000000000002,1.7241771800280898e-05,1.8925003066823043e-05,0.37501166739869274,0.3893533797222536,0.999982185952292,1.2499766652026154,0.2499944792503257,2.2082998699095776e-05,0.9999779170013028
finite_small,17.5,1.6283190993578825e-05,1.7872836748546906e-05,0.37501101873100573,0.3893527272479306,0.9999831763508915,1.2499779625379888,0.24999478618710008,2.085525160164135e-05,0.9999791447484003
finite_small,17.6,1.5377905071206747e-05,1.6879168872561936e-05,0.375010406127972,0.3893521110498245,0.9999841116854701,1.249979187744057,0.24999507605858878,1.969576564663743e-05,0.9999803042343551
finite_small,17.7,1.4522950828277306e-05,1.594074686993814e-05,0.3750098275843662,0.38935152911095505,0.9999849950176124,1.2499803448312683,0.24999534981365812,1.8600745369389784e-05,0.9999813992546325
finite_small,17.8,1.371552982889369e-05,1.5054499035720208e-05,0.3750092812064663,0.38935097952649816,0.9999858292386613,1.2499814375870684,0.24999560834840884,1.7566606366400187e-05,0.9999824333936354
finite_small,17.900000000000002,1.2952999242627384e-05,1.4217524469763503e-05,0.3750087652058518,0.3893504604975484,0.9999866170791877,1.249982469588299,0.2499958525091114,1.6589963555775485e-05,0.9999834100364456
finite_small,18.0,1.2232863190785889e-05,1.3427083577243986e-05,0.37500827789354757,0.3893499703252269,0.9999873611179296,1.2499834442129072,0.24999608309497756,1.566762009090836e-05,0.9999843323799102
finite_small,18.1,1.1552764574091846e-05,1.2680589097680627e-05,0.3750078176744932,0.38934950740512053,0.9999880637902385,1.2499843646510156,0.2499963008607774,1.479655689104566e-05,0.9999852034431096
finite_small,18.2,1.0910477354976475e-05,1.197559763304577e-05,0.3750073830423199,0.3893490702220269,0.9999887273960507,1.2499852339153623,0.24999650651931163,1.3973922754389724e-05,0.9999860260772465
finite_small,18.3,1.0303899269182944e-05,1.1309801647178638e-05,0.3750069725744184,0.3893486573449937,0.9999893541074204,1.2499860548511654,0.24999670074374497,1.319702502129404e-05,0.9999868029749799
finite_small,18.400000000000002,9.73104494278647e-06,1.0681021910267346e-05,0.37500658492728073,0.38934826742263334,0.9999899459756296,1.2499868301454407,0.24999688416981108,1.2463320756924601e-05,0.9999875366792443
finite_small,18.5,9.19003939206789e-06,1.008720036362538e-05,0.3750062188321015,0.38934789917869905,0.9999905049379049,1.2499875623357988,0.24999705739789418,1.1770408424464903e-05,0.9999882295915767
finite_small,18.6,8.679111884935178e-06,9.526393381370059e-06,0.37500587309062366,0.38934755140790517,0.9999910328237598,1.249988253818754,0.24999722099499488,1.1116020021556234e-05,0.9999888839799795
finite_small,18.7,8.196590143774147e-06,8.99676540691371e-06,0.3750055465712153,0.38934722297198154,0.9999915313609846,1.249988906857571,0.24999737549658674,1.0498013654186285e-05,0.999989501986347
finite_small,18.8,7.74089487072945e-06,8.496582943408176e-06,0.37500523820516496,0.3893469127959478,0.9999920021813026,1.2499895235896705,0.24999752140836945,9.914366523676475e-06,0.9999900856334778
finite_small,18.900000000000002,7.310534577475861e-06,8.024208878446525e-06,0.37500494698318276,0.3893466198645931,0.9999924468257119,1.2499901060336347,0.24999765920792438,9.363168303775737e-06,0.9999906368316975
finite_small,19.0,6.904100702538138e-06,7.578097124421453e-06,0.3750046719520957,0.3893463432191527,0.9999928667495315,1.2499906560958083,0.24999778934627873,8.842614886148855e-06,0.9999911573851149
finite_small,19.1,6.520263000161475e-06,7.156787556976818e-06,0.3750044122117279,0.3893460819541698,0.9999932633271639,1.249991175576543,0.2499979122493819,8.351002473757725e-06,0.9999916489975276
finite_small,19.200000000000003,6.157765185625161e-06,6.758901234966556e-06,0.37500416691195343,0.3893458352145306,0.9999936378565951,1.2499916661760917,0.24999802831949963,7.886722002775836e-06,0.9999921132779985
finite_small,19.3,5.815420822732936e-06,6.383135886258318e-06,0.37500393524991293,0.3893456021926657,0.9999939915636439,1.249992129500172,0.24999813793653164,7.448253874754106e-06,0.9999925517461266
finite_small,19.400000000000002,5.492109440007818e-06,6.028261644591754e-06,0.3750037164673859,0.38934538212590486,0.9999943256059748,1.2499925670652265,0.24999824145925492,7.034162981775061e-06,0.9999929658370197
finite_small,19.5,5.186772862869295e-06,5.693117023524696e-06,0.3750035098483082,0.38934517429398285,0.9999946410768868,1.2499929803033827,0.24999833922649828,6.6430940082933794e-06,0.9999933569059931
finite_small,19.6,4.89841174977827e-06,5.376605114277539e-06,0.37500331471642845,0.38934497801667994,0.9999949390088928,1.2499933705671422,0.24999843155825183,6.273766994268332e-06,0.9999937262330073
finite_small,19.700000000000003,4.626082321004606e-06,5.077689995021058e-06,0.37500313043309386,0.38934479265159583,0.9999952203770999,1.2499937391338123,0.24999851875671408,5.924973145051372e-06,0.9999940750268563
finite_small,19.8,4.3688932693027785e-06,4.795393339845395e-06,0.3750029563951598,0.38934461759204725,0.9999954861024004,1.2499940872096817,0.2499986011072817,5.595570874300812e-06,0.9999944044291268
finite_small,19.900000000000002,4.1260028423778325e-06,4.52879121630308e-06,0.37500279203301573,0.3893444522650805,0.9999957370544864,1.2499944159339682,0.24999867887948343,5.284482066960164e-06,0.9999947155179337
finite_small,20.0,3.8966160875867945e-06,4.277011061037056e-06,0.37500263680872065,0.38934429612959776,0.9999959740546973,1.2499947263825582,0.24999875232786273,4.9906885500582705e-06,0.9999950093114509
finite_medium,0.0,1.0,1.0,1.0,1.0,0.0,0.0,0.0,1.0,0.0
finite_medium,0.1,0.8264530009360984,0.8589960212538993,0.9128800141846842,0.9131031746589919,0.16683590475230842,0.17423997163063162,0.0074040668783231485,0.9925959331216774,0.0074040668783231485
finite_medium,0.2,0.6969597935134622,0.7660082892681991,0.8451479932819234,0.8464079795726756,0.2848367713143792,0.30970401343615306,0.024867242121773814,0.9751327578782263,0.024867242121773814
finite_medium,0.30000000000000004,0.6011257972930963,0.6976679119218727,0.7903896378601749,0.7934071421727538,0.3709965750278845,0.4192207242796497,0.048224149251765346,0.9517758507482343,0.048224149251765346
finite_medium,0.4,0.5297780101714762,0.644837339254864,0.7447261532855232,0.7499174246869593,0.4354865988907894,0.5105476934289531,0.07506109453816434,0.9249389054618352,0.07506109453816434
finite_medium,0.5,0.4759847718367958,0.6026002819435373,0.7056842245166144,0.7132259035078827,0.4848019567849118,0.5886315509667708,0.10382959418185925,0.8961704058181397,0.10382959418185925
finite_medium,0.6000000000000001,0.4348322153885896,0.5679385504813581,0.6716213616340565,0.6815342675907401,0.5232630125678517,0.656757276731887,0.13349426416403473,0.8665057358359638,0.13349426416403473
finite_medium,0.7000000000000001,0.40287004240730917,0.5388566962535517,0.6414103519726927,0.6536203119388164,0.5538277148395007,0.7171792960546151,0.163351581215114,0.8366484187848848,0.163351581215114
finite_medium,0.8,0.377659323200769,0.5139776559249153,0.614255796853133,0.6286334325243615,0.5785657079593386,0.7714884062937346,0.1929226983343952,0.8070773016656037,0.1929226983343952
finite_medium,0.9,0.3574572230647359,0.4923247631925086,0.5895825768503814,0.6059687302832399,0.5989501304620054,0.8208348462992383,0.22188471583723168,0.7781152841627672,0.22188471583723168
finite_medium,1.0,0.34100445341024077,0.4731915255247222,0.566965571065054,0.5851874948245566,0.6160443302091498,0.8660688578698941,0.25002452766074224,0.7499754723392567,0.25002452766074224
finite_medium,1.1,0.32738184510977153,0.456058743428066,0.5460840482523596,0.5659656867136079,0.6306249511461774,0.9078319034952829,0.27720695234910364,0.7227930476508952,0.27720695234910364
finite_medium,1.2000000000000002,0.3159124458081267,0.440539613035522,0.5266913306187674,0.548059782457784,0.6432650168815714,0.9466173387624675,0.303352321880894,0.6966476781191051,0.303352321880894
finite_medium,1.3,0.306093752409371,0.42634236463202024,0.508594188764899,0.5312836705309554,0.6543911049865444,0.9828116224702041,0.32842051748365764,0.6715794825163417,0.32842051748365764
finite_medium,1.4000000000000001,0.2975501614462872,0.4132443211874521,0.4916385903354856,0.5154927486738903,0.6643233290183045,1.0167228193290307,0.35239949031072415,0.6476005096892745,0.35239949031072415
finite_medium,1.5,0.2899991914488184,0.4010735988107628,0.47569968476120045,0.5005728118471462,0.6733036805509875,1.0486006304776017,0.37529694992661133,0.6247030500733872,0.37529694992661133
finite_medium,1.6,0.2832272244304448,0.3896960275218905,0.4606746636613124,0.4864321849185761,0.6815163553967897,1.0786506726773781,0.39713431728058535,0.6028656827194133,0.39713431728058535
finite_medium,1.7000000000000002,0.277071914686693,0.3790056976538578,0.4464776043427848,0.4729960874950939,0.6891024791589974,1.1070447913144341,0.417942312155433,0.5820576878445658,0.417942312155433
finite_medium,1.8,0.2714093228709149,0.3689180593500369,0.43303569999669617,0.46020255521416964,0.696170870313177,1.1339286000066109,0.4377577296934308,0.5622422703065686,0.4377577296934308
finite_medium,1.9000000000000001,0.26614443417918426,0.359364841254993,0.4202864716728497,0.44799945924832585,0.7028059691108929,1.159427056654304,0.4566210875434078,0.5433789124565918,0.4566210875434078
finite_medium,2.0,0.2612041227616839,0.35029027885975117,0.40817568322685144,0.4363423088049573,0.7090737197947643,1.1836486335463006,0.4745749137515327,0.5254250862484678,0.4745749137515327
finite_medium,2.1,0.25653189914875374,0.34164829428458576,0.3966557648605213,0.42519261708106715,0.7150259621773042,1.2066884702789598,0.49166250810165313,0.5083374918983472,0.49166250810165313
finite_medium,2.2,0.25208396702863173,0.33340037290462204,0.385684608215429,0.41451667608940346,0.7207037292663461,1.2286307835691441,0.5079270543027954,0.4920729456972047,0.5079270543027954
finite_medium,2.3000000000000003,0.24782624806513848,0.32551395412216183,0.37522463542228923,0.40428463045271135,0.7261397365213704,1.2495507291554242,0.52341099263405,0.47658900736594956,0.52341099263405
finite_medium,2.4000000000000004,0.24373212683206125,0.3179612040556938,0.36524207195274205,0.39446977135288064,0.7313602700303274,1.2695158560945186,0.5381555860641871,0.4618444139358119,0.5381555860641871
finite_medium,2.5,0.23978073446106415,0.31071807370101895,0.35570637241199216,0.38504799367810744,0.7363866251821566,1.2885872551760187,0.5522006299938578,0.4477993700061414,0.5522006299938578
finite_medium,2.6,0.23595563738674866,0.30376357172707913,0.34658976209904824,0.3759973749171375,0.741236207417376,1.3068204758019069,0.5655842683845262,0.43441573161547264,0.5655842683845262
finite_medium,2.7,0.2322438321681463,0.2970791995429641,0.33786686695659257,0.36729784544060745,0.7459233777048422,1.3242662660868194,0.5783428883819718,0.42165711161802777,0.5783428883819718
finite_medium,2.8000000000000003,0.22863497258935475,0.2906485096990191,0.32951441159729705,0.3589309278011419,0.7504601043089204,1.3409711768054093,0.5905110724964844,0.40948892750351495,0.5905110724964844
finite_medium,2.9000000000000004,0.22512077375217285,0.28445675850886554,0.3215109702263105,0.3508795284808231,0.7548564669468979,1.3569780595473822,0.6021215926004795,0.39787840739951974,0.6021215926004795
finite_medium,3.0,0.22169455153905837,0.27849063101164073,0.3138367590347755,0.34312776974525483,0.7591210480251657,1.3723264819304513,0.6132054339052817,0.3867945660947171,0.6132054339052817
finite_medium,3.1,0.21835086597002376,0.2727380217488742,0.30647346140452986,0.3356608523682023,0.7632612371749927,1.3870530771909433,0.6237918400159456,0.3762081599840531,0.6237918400159456
finite_medium,3.2,0.21508524454834355,0.2671878588166168,0.29940407931342305,0.32846494228109496,0.7672834689925723,1.4011918413731577,0.6339083723805797,0.36609162761941916,0.6339083723805797
finite_medium,3.3000000000000003,0.21189396736788738,0.26182996163541356,0.29261280585867094,0.32152707589928475,0.7711934091537607,1.4147743882826616,0.6435809791288956,0.35641902087110344,0.6435809791288956
finite_medium,3.4000000000000004,0.20877390003256852,0.2566549251219643,0.2860849149618706,0.3148350801409182,0.7749961005091766,1.4278301700762623,0.65283406956708,0.3471659304329185,0.65283406956708
finite_medium,3.5,0.20572236367507912,0.2516540246383191,0.2798066651842138,0.30837750409939324,0.7786960780696127,1.4403866696315757,0.6616905915619575,0.33830940843804125,0.6616905915619575
finite_medium,3.6,0.2027370338211178,0.24681913737723885,0.27376521523700004,0.3021435600399236,0.7822974597449127,1.4524695695260017,0.6701721097810851,0.3298278902189137,0.6701721097810851
finite_medium,3.7,0.1998158617207575,0.24214267681884907,0.26794854927392703,0.2961230719255191,0.7858040181394056,1.4641029014521472,0.6782988833127388,0.3217011166872602,0.6782988833127388
finite_medium,3.8000000000000003,0.19695701320416498,0.23761753763994592,0.2623454104368315,0.2903064300823072,0.789219237513603,1.475309179126338,0.6860899416127324,0.313910058387267,0.6860899416127324
finite_medium,3.9000000000000004,0.1941588212215405,0.23323704902976125,0.25694524142431313,0.2846845509213735,0.7925463591058294,1.486109517151375,0.6935631580455426,0.30643684195445675,0.6935631580455426
finite_medium,4.0,0.1914197490768496,0.2289949348067371,0.25173813108429094,0.27924884086850776,0.7957884173020034,1.4965237378314198,0.7007353205294129,0.2992646794705862,0.7007353205294129
finite_medium,4.1000000000000005,0.18873836202171312,0.22488527907141995,0.24671476621287883,0.2739911638324408,0.7989482685968563,1.5065704675742437,0.7076221989773839,0.2923778010226149,0.7076221989773839
finite_medium,4.2,0.18611330538496446,0.22090249639467865,0.24186638788487294,0.26890381167978195,0.8020286148676722,1.5162672242302544,0.7142386093625797,0.28576139063741884,0.7142386093625797
finite_medium,4.3,0.18354328780914375,0.217041305745953,0.2371847517545241,0.2639794772910091,0.8050320221536426,1.525630496490952,0.7205984743373066,0.27940152566269116,0.7205984743373066
finite_medium,4.4,0.1810270684735954,0.2132967075267116,0.23266209185586387,0.25921122985404366,0.8079609358784333,1.5346758162882717,0.7267148804098362,0.2732851195901615,0.7267148804098362
finite_medium,4.5,0.17856344742472186,0.20966396320003908,0.2282910875047365,0.25459249211588086,0.810817693254071,1.5434178249905255,0.7326001317364532,0.26739986826354434,0.7326001317364532
finite_medium,4.6000000000000005,0.17615125832250728,0.20613857710614575,0.22406483296376173,0.2501170193626933,0.8136045334481147,1.5518703340724755,0.7382658006243581,0.2617341993756386,0.7382658006243581
finite_medium,4.7,0.17378936306031448,0.20271628013160978,0.2199768095796773,0.24577887993809183,0.8163236059736138,1.5600463808406433,0.7437227748670279,0.25627722513296897,0.7437227748670279
finite_medium,4.800000000000001,0.17147664783115202,0.19939301496194442,0.21602086014216265,0.2415724371402217,0.8189769776651065,1.567958279715672,0.748981302050564,0.2510186979494322,0.748981302050564
finite_medium,4.9,0.16921202030504756,0.19616492269618205,0.21219116524609877,0.23749233236302097,0.8215666385281205,1.5756176695078006,0.7540510309796771,0.2459489690203186,0.7540510309796771
finite_medium,5.0,0.16699440765421042,0.193028330641341,0.20848222146662732,0.23353346936667996,0.8240945066898753,1.5830355570667436,0.7589410503768648,0.24105894962313057,0.7589410503768648
finite_medium,5.1000000000000005,0.16482275521950185,0.1899797411360043,0.2048888211794111,0.2296909995782304,0.8265624326316526,1.5902223576411751,0.7636599250095195,0.23634007499047563,0.7636599250095195
finite_medium,5.2,0.1626960256566023,0.18701582127746183,0.20140603387799025,0.22596030833608516,0.8289722028459666,1.5971879322440168,0.768215729398048,0.2317842706019479,0.768215729398048
finite_medium,5.300000000000001,0.16061319843570865,0.18413339344721963,0.19802918885674148,0.222337002002914,0.8313255430320692,1.6039416222865142,0.772616079254443,0.22738392074555308,0.772616079254443
finite_medium,5.4,0.15857326959660561,0.18132942654618964,0.1947538591421901,0.21881689587995687,0.8336241209198874,1.6104922817156169,0.7768681607957271,0.22313183920426827,0.7768681607957271
finite_medium,5.5,0.156575251683081,0.17860102786430612,0.1915758465677171,0.21539600286313831,0.8358695487938667,1.6168483068645632,0.7809787580706936,0.219021241929302,0.7809787580706936
finite_medium,5.6000000000000005,0.15461817379813358,0.1759454355203114,0.18849116789737125,0.21207052278746202,0.8380633857734363,1.6230176642052552,0.7849542784318151,0.2150457215681803,0.7849542784318151
finite_medium,5.7,0.15270108173521182,0.17336001141648946,0.18549604191380772,0.20883683241134232,0.8402071398950566,1.6290079161723812,0.7888007762773215,0.21119922372267352,0.7888007762773215
finite_medium,5.800000000000001,0.15082303815158962,0.1708422346605867,0.18258687739354157,0.20569147599697743,0.8423022700315009,1.6348262452129143,0.7925239751814097,0.2074760248185858,0.7925239751814097
finite_medium,5.9,0.14898312275853123,0.16838969541335985,0.17976026189990638,0.2026311564467102,0.8443501876766072,1.6404794762001855,0.796129288523574,0.20387071147642188,0.796129288523574
finite_medium,6.0,0.14718043250960505,0.16600008912536063,0.17701295133048023,0.1996527269586737,0.846352258617848,1.645974097339038,0.7996218387211853,0.20037816127881042,0.7996218387211853
finite_medium,6.1000000000000005,0.1454140817737456,0.16367121113090982,0.17434186016141054,0.19675318316796708,0.8483098045144009,1.6513162796771779,0.8030064751627717,0.19699352483722393,0.8030064751627717
finite_medium,6.2,0.1436832024837464,0.16140095157087664,0.17174405233612378,0.19392965574222207,0.8502241043946916,1.656511895327752,0.8062877909330541,0.19371220906694125,0.8062877909330541
finite_medium,6.300000000000001,0.14198694425402314,0.15918729061898837,0.16921673275043467,0.19117940340275635,0.8520963960844475,1.66156653449913,0.8094701384146771,0.19052986158531895,0.8094701384146771
finite_medium,6.4,0.14032447446391852,0.1570282939890508,0.16675723929013606,0.18849980634460728,0.8539278775739706,1.666485521419728,0.8125576438457515,0.18744235615424482,0.8125576438457515
finite_medium,6.5,0.1386949783046651,0.1549221087027395,0.16436303538081137,0.18588836003063752,0.8557197083315131,1.6712739292383763,0.815554220906858,0.18444577909313803,0.815554220906858
finite_medium,6.6000000000000005,0.13709765878951669,0.15286695909958847,0.1620317030129214,0.1833426693366324,0.8574730105681858,1.6759365939741566,0.8184635834059655,0.1815364165940307,0.8184635834059655
finite_medium,6.7,0.1355317367275901,0.15086114307251505,0.15976093620820933,0.180860443025881,0.8591888704586935,1.68047812758358,0.8212892571248822,0.1787107428751143,0.8212892571248822
finite_medium,6.800000000000001,0.13399645066270444,0.14890302851371048,0.1575485348961835,0.17843948853317737,0.8608683393213095,1.684902930207631,0.8240345908863181,0.17596540911367853,0.8240345908863181
finite_medium,6.9,0.13249105677903134,0.14699104995703807,0.15539239917190675,0.17607770703951148,0.862512434759799,1.6892152016561859,0.826702766896382,0.17329723310361433,0.826702766896382
finite_medium,7.0,0.13101482877572013,0.1451237054042386,0.15329052390856726,0.17377308881993772,0.8641221417694676,1.6934189521828653,0.8292968104133925,0.17070318958660397,0.8292968104133925
finite_medium,7.1000000000000005,0.1295670577128823,0.14329955332326866,0.15124099370035532,0.17152370884825363,0.8656984138090963,1.6975180125992904,0.8318195987901875,0.1681804012098091,0.8318195987901875
finite_medium,7.2,0.12814705183143044,0.14151720980801424,0.14924197811304354,0.16932772264316193,0.8672421738402023,1.7015160437739136,0.8342738699337052,0.16572613006629164,0.8342738699337052
finite_medium,7.300000000000001,0.1267541363493099,0.13977534588944213,0.14729172722137754,0.16718336234157272,0.8687543153348244,1.705416545557244,0.8366622302224154,0.16333776977758174,0.8366622302224154
finite_medium,7.4,0.12538765323663248,0.1380726849889906,0.145388567413954,0.16508893298560895,0.8702357032528517,1.7092228651720913,0.8389871619192347,0.16101283808076194,0.8389871619192347
finite_medium,7.5,0.12404696097216367,0.13640800050566418,0.14353089744769892,0.1630428090107218,0.8716871749897749,1.7129382051046016,0.8412510301148213,0.15874896988517484,0.8412510301148213
finite_medium,7.6000000000000005,0.12273143428351521,0.13478011352890681,0.14171718473537762,0.16104343092311296,0.8731095412956417,1.7165656305292432,0.843456089233597,0.1565439107663992,0.843456089233597
finite_medium,7.7,0.12144046387327997,0.1331878906698736,0.13994596185078126,0.15908930215539868,0.8745035871659251,1.720108076298435,0.8456044891325059,0.15439551086749032,0.8456044891325059
finite_medium,7.800000000000001,0.12017345613321531,0.13163024200422382,0.13821582323734644,0.15717898609013037,0.8758700727049639,1.7235683535253048,0.8476982808203362,0.15230171917965948,0.8476982808203362
finite_medium,7.9,0.11892983284844307,0.13010611912002046,0.13652542210699212,0.15531110324143577,0.8772097339625977,1.7269491557860135,0.849739421823411,0.15026057817658456,0.849739421823411
finite_medium,8.0,0.11770903089349215,0.12861451326473874,0.13487346751690127,0.15348432858564082,0.8785232837446001,1.7302530649661954,0.8517297812215905,0.14827021877840516,0.8517297812215905
finite_medium,8.1,0.11651050192186842,0.12715445358577948,0.13325872161284658,0.1516973890322959,0.8798114123974937,1.7334825567743049,0.8536711443768066,0.14632885562318948,0.8536711443768066
finite_medium,8.200000000000001,0.11533371205069312,0.12572500545923326,0.1316799970284577,0.14994906102754607,0.8810747885683299,1.7366400059430829,0.8555652173747481,0.14443478262524778,0.8555652173747481
finite_medium,8.3,0.11417814154182551,0.12432526890198542,0.13013615443058119,0.1482381682822972,0.8823140599400009,1.7397276911388362,0.85741363119883,0.14258636880116585,0.85741363119883
finite_medium,8.4,0.11304328448074136,0.12295437706254295,0.12862610020155235,0.14656357961806282,0.8835298539426658,1.7427477995968954,0.8592179456542225,0.1407820543457734,0.8592179456542225
finite_medium,8.5,0.1119286484543265,0.12161149478625903,0.12714878424984402,0.14492420692382912,0.8847227784418598,1.7457024315003116,0.8609796530584453,0.13902034694155074,0.8609796530584453
finite_medium,8.6,0.11083375422862304,0.12029581725089142,0.12570319794113785,0.14331900321766633,0.8858934224038599,1.748593604117724,0.8627001817138579,0.13729981828613833,0.8627001817138579
finite_medium,8.700000000000001,0.10975813542745752,0.11900656866867614,0.12428837214240493,0.14174696080719856,0.8870423565388876,1.75142325571519,0.8643808991762961,0.13561910082370016,0.8643808991762961
finite_medium,8.8,0.10870133821277708,0.11774300105132766,0.12290337537208647,0.14020710954339685,0.888170133922722,1.7541932492558279,0.8660231153330986,0.1339768846668976,0.8660231153330986
finite_medium,8.9,0.10766292096742673,0.11650439303458847,0.12154731204992729,0.13869851516248974,0.8892772905972984,1.7569053759001463,0.8676280853028406,0.13237191469715548,0.8676280853028406
finite_medium,9.0,0.10664245398101078,0.11529004875915147,0.12021932084044772,0.13722027771110012,0.89036434615087,1.7595613583191057,0.8691970121682285,0.13080298783176797,0.8691970121682285
finite_medium,9.1,0.1056395191394032,0.11409929680496364,0.1189185730844379,0.13577153005000567,0.8914318042783059,1.762162853831125,0.8707310495528116,0.12926895044718423,0.8707310495528116
finite_medium,9.200000000000001,0.10465370961839493,0.1129314891760934,0.11764427131322903,0.13435143643219527,0.8924801533220938,1.7647114573735427,0.8722313040514407,0.12776869594855456,0.8722313040514407
finite_medium,9.3,0.10368462958190042,0.11178600033350644,0.11639564784084058,0.13295919115114868,0.8935098667946151,1.7672087043183184,0.8736988375236963,0.1263011624762992,0.8736988375236963
finite_medium,9.4,0.10273189388508282,0.11066222627324732,0.11517196342942165,0.13159401725550862,0.8945214038822519,1.7696560731411553,0.875134669258897,0.12486533074109812,0.875134669258897
finite_medium,9.5,0.10179512778270064,0.10955958364766777,0.1139725060237018,0.1302551653265372,0.8955152099318815,1.7720549879525955,0.8765397780207069,0.12346022197928819,0.8765397780207069
finite_medium,9.600000000000001,0.10087396664292878,0.10847750892747444,0.11279658955044235,0.1289419123149621,0.8964917169203062,1.774406820899114,0.8779151039788013,0.12208489602119411,0.8779151039788013
finite_medium,9.700000000000001,0.09996805566685957,0.10741545760249607,0.11164355277913586,0.12765356043401668,0.8974513439071543,1.776712894441726,0.879261550534566,0.1207384494654294,0.879261550534566
finite_medium,9.8,0.09907704961384865,0.10637290341918697,0.11051275824044036,0.1263894361056604,0.8983944974717879,1.778974483519117,0.8805799860473236,0.11942001395267193,0.8805799860473236
finite_medium,9.9,0.09820061253283222,0.10534933765299513,0.10940359119905761,0.1251488889571465,0.8993215721347317,1.7811928176018827,0.881871245467145,0.1181287545328503,0.881871245467145
finite_medium,10.0,0.09733841749971012,0.10434426841382624,0.10831545867797018,0.12393129086526151,0.9002329507641408,1.7833690826440587,0.8831361318799115,0.11686386812008451,0.8831361318799115
finite_medium,10.100000000000001,0.0964901463608571,0.10335721998293289,0.1072477885311471,0.12273603504572025,0.9011290049678006,1.7855044229377046,0.8843754179698974,0.11562458203009807,0.8843754179698974
finite_medium,10.200000000000001,0.09565548948280056,0.10238773217965148,0.10620002856200554,0.12156253518533977,0.9020100954711513,1.7875999428759886,0.8855898474048298,0.11441015259516567,0.8855898474048298
finite_medium,10.3,0.09483414550807645,0.10143535975649277,0.10517164568508476,0.12041022461475623,0.902876572481814,1.7896567086298298,0.8867801361480094,0.11321986385198679,0.8867801361480094
finite_medium,10.4,0.09402582111725645,0.10049967182117665,0.10416212512854438,0.1192785555195712,0.9037287760410816,1.7916757497429103,0.8879469737018229,0.11205302629817387,0.8879469737018229
finite_medium,10.5,0.09323023079712,0.09958025128427557,0.10317096967524511,0.11816699818793738,0.9045670363628309,1.7936580606495083,0.889091024286672,0.11090897571332464,0.889091024286672
finite_medium,10.600000000000001,0.09244709661492811,0.09867669433120507,0.1021976989403056,0.11707504029270338,0.9053916741602935,1.7956046021193872,0.8902129279590879,0.10978707204090823,0.8902129279590879
finite_medium,10.700000000000001,0.09167614799874313,0.09778860991736622,0.10124184868315718,0.11600218620634553,0.9062030009611185,1.7975163026336851,0.8913133016725596,0.10868669832743628,0.8913133016725596
finite_medium,10.8,0.09091712152372422,0.09691561928530913,0.10030297015223613,0.11494795634701083,0.9070013194111398,1.7993940596955271,0.89239274028438,0.10760725971561544,0.89239274028438
finite_medium,10.9,0.09016976070432076,0.0960573555028481,0.09938062946056456,0.11391188655409208,0.9077869235672559,1.8012387410788695,0.8934518175116075,0.10654818248838836,0.8934518175116075
finite_medium,11.0,0.08943381579227302,0.0952134630211139,0.09847440699057468,0.11289352749184073,0.9085600991798108,1.8030511860188487,0.8944910868390328,0.10550891316096347,0.8944910868390328
finite_medium,11.100000000000001,0.08870904358032586,0.09438359725158318,0.09758389682662823,0.1118924440796073,0.9093211239648593,1.8048322063467417,0.8955110823818768,0.1044889176181192,0.8955110823818768
finite_medium,11.200000000000001,0.08799520721155074,0.09356742416117615,0.096708706213774,0.11090821494737763,0.9100702678666823,1.8065825875724495,0.8965123197057623,0.10348768029423377,0.8965123197057623
finite_medium,11.3,0.08729207599416983,0.09276461988455952,0.09584845504137049,0.10994043191534376,0.9108077933109084,1.8083030899172567,0.8974952966063423,0.10250470339365289,0.8974952966063423
finite_medium,11.4,0.08659942522176836,0.09197487035283851,0.0950027753502814,0.10898869949631966,0.9115339554485885,1.8099944492994358,0.8984604938508409,0.1015395061491547,0.8984604938508409
finite_medium,11.5,0.08591703599878041,0.0911978709378634,0.09417131086242578,0.10805263441987505,0.9122490023915524,1.8116573782751453,0.899408375883588,0.10059162411640729,0.899408375883588
finite_medium,11.600000000000001,0.08524469507112903,0.09043332611141533,0.09335371653153399,0.10713186517712175,0.912953175439373,1.8132925669369282,0.9003393914975509,0.09966060850244444,0.9003393914975509
finite_medium,11.700000000000001,0.08458219466190095,0.0896809491185757,0.09254965811402713,0.10622603158514646,0.9136467092982462,1.8149006837719421,0.9012539744736913,0.09874602552630374,0.9012539744736913
finite_medium,11.8,0.0839293323119337,0.08894046166461743,0.09175881175899794,0.10533478437013344,0.9143298322920858,1.816482376482001,0.9021525441899099,0.09784745581008489,0.9021525441899099
finite_medium,11.9,0.08328591072519327,0.08821159361479122,0.09098086361632968,0.10445778476827688,0.9150027665661252,1.818038272767339,0.9030355062012067,0.09696449379878794,0.9030355062012067
finite_medium,12.0,0.082651737618819,0.08749408270641158,0.09021550946204268,0.10359470414362593,0.9156657282833038,1.8195689810759124,0.9039032527926018,0.09609674720739267,0.9039032527926018
finite_medium,12.100000000000001,0.08202662557771444,0.08678767427267725,0.08946245434000999,0.10274522362205492,0.916318927813704,1.8210750913199778,0.9047561635062671,0.09524383649372775,0.9047561635062671
finite_medium,12.200000000000001,0.0814103919135612,0.08609212097768981,0.08872141221923009,0.1019090337405898,0.916962569917304,1.8225571755615375,0.905594605644227,0.09440539435576777,0.905594605644227
finite_medium,12.3,0.08080285852813532,0.08540718256215972,0.08799210566589001,0.10108583411136539,0.9175968539202891,1.8240157886682176,0.9064189347479225,0.09358106525207287,0.9064189347479225
finite_medium,12.4,0.08020385178080718,0.08473262559931677,0.08727426552949429,0.10027533309952426,0.9182219738851704,1.8254514689410088,0.9072294950558324,0.09277050494416257,0.9072294950558324
finite_medium,12.5,0.07961320236010516,0.08406822326056441,0.08656763064237448,0.09947724751440386,0.9188381187749333,1.8268647387152488,0.9080266199403096,0.09197338005968586,0.9080266199403096
finite_medium,12.600000000000001,0.0790307451592281,0.08341375509044027,0.085871947531931,0.09869130231339357,0.9194454726114473,1.8282561049361359,0.9088106323246825,0.091189367675313,0.9088106323246825
finite_medium,12.700000000000001,0.07845631915539075,0.0827690067904675,0.08518697014499448,0.0979172303178737,0.9200442146283464,1.8296260597100082,0.909581845081657,0.090418154918339,0.909581845081657
finite_medium,12.8,0.07788976729288968,0.08213377001150154,0.08451245958372589,0.09715477194067848,0.9206345194185882,1.8309750808325442,0.9103405614139527,0.08965943858604361,0.9103405614139527
finite_medium,12.9,0.07733093636977943,0.08150784215419654,0.08384818385250695,0.09640367492455618,0.9212165570768922,1.832303632294982,0.9110870752180863,0.08891292478190968,0.9110870752180863
finite_medium,13.0,0.07677967692804989,0.08089102617723393,0.08319391761529962,0.09566369409112269,0.9217904933372465,1.8336121647693966,0.9118216714321464,0.08817832856784945,0.9118216714321464
finite_medium,13.100000000000001,0.07623584314719947,0.08028313041297201,0.08254944196298304,0.09493459109983253,0.9223564897056683,1.8349011160740287,0.9125446263683565,0.08745537363163813,0.9125446263683565
finite_medium,13.200000000000001,0.07569929274109971,0.07968396839019433,0.08191454419020021,0.09421613421651477,0.9229147035883941,1.8361709116195948,0.9132562080311961,0.08674379196879833,0.9132562080311961
finite_medium,13.3,0.07516988685805065,0.07909335866364689,0.08128901758127234,0.09350809809104357,0.923465288415671,1.8374219648374503,0.9139566764217748,0.08604332357821957,0.9139566764217748
finite_medium,13.4,0.0746474899839275,0.07851112465007208,0.08067266120476133,0.0928102635437355,0.9240083937613125,1.8386546775904722,0.9146462838291551,0.08535371617083902,0.9146462838291551
finite_medium,13.5,0.07413196984832299,0.07793709447045938,0.08006527971628237,0.09212241736008446,0.9245441654581756,1.8398694405674305,0.9153252751092504,0.08467472489074418,0.9153252751092504
finite_medium,13.600000000000001,0.07362319733359093,0.07737110079824616,0.07946668316918917,0.09144435209346592,0.9250727457097117,1.8410666336616168,0.9159938879519005,0.0840061120480938,0.9159938879519005
finite_medium,13.700000000000001,0.07312104638670003,0.07681298071321631,0.07887668683277402,0.0907758658754585,0.9255942731977354,1.8422466263344481,0.9166523531367071,0.08334764686328716,0.9166523531367071
finite_medium,13.8,0.07262539393380861,0.07626257556085342,0.07829511101764221,0.09011676223345043,0.926108883186553,1.843409777964711,0.9173008947781528,0.08269910522184129,0.9173008947781528
finite_medium,13.9,0.0721361197974747,0.07571973081691961,0.07772178090793845,0.08946684991521255,0.9266167076235835,1.844556438184119,0.91793973056053,0.08206026943946443,0.91793973056053
finite_medium,14.0,0.07165310661641647,0.07518429595703968,0.07715652640011837,0.08882594272013476,0.927117875236602,1.8456869471997583,0.9185690719631514,0.08143092803684286,0.9185690719631514
finite_medium,14.100000000000001,0.07117623976774222,0.07465612433108147,0.07659918194797428,0.08819385933684064,0.92761251162773,1.8468016361040456,0.9191891244763117,0.08081087552368266,0.9191891244763117
finite_medium,14.200000000000001,0.07070540729157071,0.07413507304213293,0.076049586413638,0.08757042318690443,0.9281007393642918,1.8479008271727166,0.9198000878084223,0.08019991219157226,0.9198000878084223
finite_medium,14.3,0.07024049981796454,0.07362100282988508,0.07550758292429792,0.08695546227441017,0.9285826780666534,1.8489848341513966,0.9204021560847404,0.07959784391525351,0.9204021560847404
finite_medium,14.4,0.06978141049610284,0.07311377795823953,0.07497301873438023,0.0863488090411049,0.9290584444931491,1.8500539625312322,0.9209955180380799,0.0790044819619139,0.9209955180380799
finite_medium,14.5,0.06932803492562048,0.07261326610696707,0.07444574509295633,0.08575030022690971,0.9295281526222111,1.8511085098140798,0.9215803571918662,0.07841964280812806,0.9215803571918662
finite_medium,14.600000000000001,0.0688802710900438,0.07211933826725195,0.07392561711615021,0.08515977673556216,0.9299919137317938,1.852148765767692,0.9221568520358963,0.0778431479640985,0.9221568520358963
finite_medium,14.700000000000001,0.06843801929225551,0.07163186864096323,0.07341249366433043,0.08457708350517601,0.9304498364761987,1.8531750126713313,0.9227251761951316,0.07727482380486408,0.9227251761951316
finite_medium,14.8,0.06800118209192307,0.07115073454350337,0.0729062372238817,0.08400206938351332,0.930902026960391,1.8541875255522289,0.9232854985918365,0.0767145014081589,0.9232854985918365
finite_medium,14.9,0.06756966424482591,0.070675816310089,0.07240671379336105,0.08343458700777305,0.9313485888118973,1.8551865724132695,0.9238379836013715,0.07616201639862356,0.9238379836013715
finite_medium,15.0,0.06714337264402136,0.07020699720532707,0.07191379277385286,0.08287449268871085,0.9317896232503737,1.8561724144522864,0.9243827912019119,0.07561720879808342,0.9243827912019119
finite_medium,15.100000000000001,0.06672221626278882,0.06974416333595394,0.07142734686334545,0.08232164629891123,0.9322252291549287,1.8571453062733,0.9249200771183717,0.0750799228816235,0.9249200771183717
finite_medium,15.200000000000001,0.06630610609929463,0.06928720356661253,0.07094725195496096,0.0817759111650431,0.9326555031292784,1.8581054960900687,0.9254499929607909,0.07455000703920409,0.9254499929607909
finite_medium,15.3,0.06589495512292189,0.06883600943854712,0.07047338703887748,0.0812371539639368,0.9330805395648134,1.8590532259222368,0.9259726863574229,0.0740273136425723,0.9259726863574229
finite_medium,15.4,0.06548867822221117,0.06839047509110084,0.0700056341077905,0.08070524462232795,0.933500430701653,1.8599887317844104,0.9264883010827574,0.07351169891723783,0.9264883010827574
finite_medium,15.5,0.06508719215436021,0.0679504971859059,0.06954387806576733,0.08018005622012048,0.9339152666877543,1.860912243868457,0.9269969771807018,0.07300302281929291,0.9269969771807018
finite_medium,15.600000000000001,0.06469041549623157,0.06751597483366246,0.06908800664035558,0.07966146489702844,0.9343251356361504,1.8618239867192814,0.9274988510831297,0.0725011489168656,0.9274988510831297
finite_medium,15.700000000000001,0.06429826859681981,0.06708680952340416,0.0686379102978123,0.07914934976246127,0.9347301236803792,1.8627241794043679,0.9279940557239867,0.07200594427600791,0.9279940557239867
finite_medium,15.8,0.06391067353113078,0.06666290505415545,0.06819348216132723,0.07864359280852393,0.9351303150281696,1.863613035677339,0.9284827206491664,0.07151727935082804,0.9284827206491664
finite_medium,15.9,0.06352755405542768,0.066244167468888,0.06775461793211913,0.07814407882601015,0.9355257920134438,1.8644907641357555,0.928964972122309,0.07103502787768592,0.928964972122309
finite_medium,16.0,0.06314883556379922,0.06583050499068868,0.06732121581328963,0.0776506953232696,0.9359166351466978,1.8653575683734152,0.9294409332267135,0.07055906677328101,0.9294409332267135
finite_medium,16.1,0.06277444504600736,0.06542182796105402,0.06689317643632377,0.0771633324478373,0.9363029231638144,1.866213647127347,0.9299107239635283,0.07008927603646595,0.9299107239635283
finite_medium,16.2,0.06240431104657505,0.06501804878023255,0.06647040279013398,0.07668188291072005,0.9366847330733619,1.8670591944197263,0.9303744613463596,0.06962553865363413,0.9303744613463596
finite_medium,16.3,0.06203836362507054,0.06461908184953362,0.06605280015254258,0.07620624191323186,0.9370621402024366,1.8678943996949082,0.9308322594924674,0.069167740507526,0.9308322594924674
finite_medium,16.400000000000002,0.06167653431755314,0.06422484351553301,0.06564027602411092,0.07573630707628544,0.9374352182410923,1.8687194479517726,0.9312842297106749,0.06871577028931841,0.9312842297106749
finite_medium,16.5,0.061318756099141766,0.0638352520161019,0.06523274006422103,0.07527197837204304,0.9378040392854116,1.8695345198715523,0.9317304805861355,0.06826951941385782,0.9317304805861355
finite_medium,16.6,0.060964963347670494,0.06345022742819226,0.06483010402932232,0.07481315805783698,0.9381686738792611,1.8703397919413498,0.9321711180620831,0.06782888193791019,0.9321711180620831
finite_medium,16.7,0.060615091808396436,0.06306969161731256,0.0644322817132593,0.07435975061227401,0.93852919105478,1.8711354365734763,0.93260624551869,0.06739375448130316,0.93260624551869
finite_medium,16.8,0.06026907855972623,0.06269356818863264,0.06403918888959982,0.07391166267344043,0.9388856583716406,1.8719216222207957,0.9330359638491481,0.06696403615084484,0.9330359638491481
finite_medium,16.900000000000002,0.059926861979928886,0.06232178243965669,0.06365074325588725,0.0734688029791298,0.9392381419551257,1.8726985134882208,0.9334603715330883,0.06653962846690473,0.9334603715330883
finite_medium,17.0,0.05958838171480349,0.06195426131440745,0.06326686437974265,0.07303108230901648,0.939586706533062,1.8734662712405106,0.9338795647074412,0.06612043529255232,0.9338795647074412
finite_medium,17.1,0.05925357864627155,0.06159093335906672,0.06288747364674672,0.07259841342870346,0.9399314154716507,1.8742250527065014,0.9342936372348447,0.06570636276514921,0.9342936372348447
finite_medium,17.2,0.058922394861864756,0.06123172867901896,0.06251249421003421,0.07217071103557432,0.9402723308102245,1.8749750115799262,0.9347026807696954,0.06529731923029825,0.9347026807696954
finite_medium,17.3,0.05859477362507973,0.06087657889724763,0.06214185094153593,0.07174789170638288,0.9406095132949795,1.8757162981169222,0.9351067848219364,0.06489321517805657,0.9351067848219364
finite_medium,17.400000000000002,0.0582706593465725,0.0605254171140354,0.0617754703848071,0.07132987384651741,0.9409430224117032,1.8764490592303793,0.9355060368186705,0.06449396318132262,0.9355060368186705
finite_medium,17.5,0.05794999755616649,0.06017817786792177,0.061413280709382165,0.0709165776408763,0.9412729164175432,1.8771734385812298,0.9359005221636807,0.06409947783631281,0.9359005221636807
finite_medium,17.6,0.05763273487564802,0.059834797097873045,0.061055211666600086,0.07050792500629924,0.9415992523718407,1.877889576666794,0.9362903242949479,0.06370967570504621,0.9362903242949479
finite_medium,17.7,0.05731881899232527,0.059495212106621814,0.06070119454684517,0.0701038395454949,0.9419220861660637,1.8785976109063038,0.9366755247402352,0.06332447525975912,0.9366755247402352
finite_medium,17.8,0.057008198633326304,0.05915936152513468,0.060351162138151664,0.06970424650241284,0.9422414725528676,1.8792976757236914,0.9370562031708181,0.0629437968291762,0.9370562031708181
finite_medium,17.900000000000002,0.05670082354061358,0.05882718527816822,0.06000504868612229,0.06930907271900733,0.9425574651743158,1.879989902627751,0.9374324374534292,0.06256756254656558,0.9374324374534292
finite_medium,18.0,0.056396644446692304,0.0584986245508756,0.059662789855112384,0.0689182465933426,0.9428701165892803,1.8806744202897705,0.9378043037004846,0.0621956962995104,0.9378043037004846
finite_medium,18.1,0.05609561305099147,0.05817362175642655,0.05932432269063434,0.06853169803899352,0.9431794783000583,1.8813513546187273,0.9381718763186622,0.06182812368133235,0.9381718763186622
finite_medium,18.2,0.05579768199689648,0.05785212050460617,0.058989585582937876,0.06814935844569403,0.9434856007782226,1.8820208288341211,0.9385352280558904,0.06146477194410363,0.9385352280558904
finite_medium,18.3,0.05550280484941342,0.057534065571358275,0.05865851823172401,0.06777116064119006,0.9437885334897352,1.8826829635365492,0.9388944300468058,0.061105569953188485,0.9388944300468058
finite_medium,18.400000000000002,0.05521093607344554,0.057219402869241,0.05833106161195229,0.06739703885425496,0.9440883249193465,1.8833378767760918,0.9392495518567374,0.06075044814325632,0.9392495518567374
finite_medium,18.5,0.054922031012663255,0.05690807941876329,0.05800715794070237,0.06702692867882681,0.9443850225943026,1.883985684118592,0.9396006615242811,0.06039933847571242,0.9396006615242811
finite_medium,18.6,0.054636045868949074,0.056600043320572134,0.05768675064505226,0.06666076703922741,0.9446786731073834,1.884626498709894,0.9399478256025002,0.060052174397493156,0.9399478256025002
finite_medium,18.7,0.05435293768240066,0.05629524372846206,0.05736978433093807,0.06629849215642758,0.9449693221392944,1.8852604313381223,0.9402911091988182,0.05970889080117575,0.9402911091988182
finite_medium,18.8,0.05407266431187429,0.05599363082317838,0.057056204752960006,0.0659400435153203,0.945257014480429,1.8858875904940784,0.9406305760136395,0.05936942398635417,0.9406305760136395
finite_medium,18.900000000000002,0.053795184416052744,0.0556951557869882,0.05674595878510221,0.0655853618329694,0.9455417940520255,1.8865080824297937,0.9409662883777588,0.05903371162223495,0.9409662883777588
finite_medium,19.0,0.05352045743502177,0.05539977077899272,0.05643899439233428,0.06523438902779907,0.9458237039267351,1.8871220112153309,0.9412983072885848,0.058701692711408716,0.9412983072885848
finite_medium,19.1,0.05324844357233939,0.05510742891115673,0.0561352606030641,0.06488706818969167,0.9461027863486217,1.8877294787938719,0.9416266924452391,0.05837330755475483,0.9416266924452391
finite_medium,19.200000000000003,0.05297910377758382,0.054818084225030865,0.055834707482412635,0.06454334355096572,0.9463790827526083,1.8883305850351746,0.9419515022825555,0.058048497717438405,0.9419515022825555
finite_medium,19.3,0.052712399729365075,0.05453169166914403,0.055537286106282474,0.06420316045820032,0.9466526337833908,1.8889254277874348,0.9422727940040334,0.05772720599596056,0.9422727940040334
finite_medium,19.400000000000002,0.05244829381878665,0.05424820707704376,0.055242948536193,0.06386646534488219,0.9469234793138335,1.889514102927614,0.94259062361377,0.05740937638622424,0.94259062361377
finite_medium,19.5,0.052186749133343965,0.05396758714596346,0.05495164779485607,0.06353320570484317,0.9471916584628631,1.8900967044102879,0.9429050459474144,0.05709495405258013,0.9429050459474144
finite_medium,19.6,0.05192772944124629,0.053689789416095354,0.054663337842467366,0.06320333006646611,0.9474572096128776,1.890673324315066,0.9432161147021779,0.056783885297817055,0.9432161147021779
finite_medium,19.700000000000003,0.05167119917614982,0.0534147722504504,0.054377973553689056,0.06287678796763096,0.9477201704266818,1.8912440528926233,0.94352388246593,0.056476117534064806,0.94352388246593
finite_medium,19.8,0.05141712342228971,0.0531424948152852,0.05409551069530063,0.06255352993137697,0.9479805778639704,1.8918089786093994,0.9438284007454183,0.056171599254576494,0.9438284007454183
finite_medium,19.900000000000002,0.051165467899999116,0.05287291706107831,0.05381590590449563,0.06223350744225874,0.9482384681973646,1.8923681881910097,0.944129719993634,0.05587028000636067,0.944129719993634
finite_medium,20.0,0.05091619895160422,0.05260599970403759,0.05353911666780299,0.061916672923372176,0.9484938770280221,1.892921766664396,0.944427889636362,0.05557211036363294,0.944427889636362
finite_large,0.0,1.0,1.0,1.0,1.0,0.0,0.0,0.0,1.0,0.0
finite_large,0.1,0.8264560697988252,0.8600858076527446,0.9128753927188253,0.9131031377651854,0.16664486418033078,0.1742492145623498,0.007604350382018963,0.9992395649617976,0.0007604350382018961
finite_large,0.2,0.6970848478906231,0.770824377904211,0.8450921553103584,0.846404411007802,0.2836328268649611,0.30981568937928333,0.026182862514322478,0.9973817137485672,0.0026182862514322483
finite_large,0.30000000000000004,0.6018229543068097,0.7085378029947393,0.7901666463031665,0.7933752887341468,0.3676626464040531,0.41966670739366735,0.05200406098961474,0.9947995939010381,0.005200406098961473
finite_large,0.4,0.5317889238705387,0.6636060407554852,0.744154758624191,0.7497910544478393,0.4288459856346371,0.5116904827516182,0.08284449711698158,0.9917155502883019,0.008284449711698155
finite_large,0.5,0.4802056459774985,0.6306930006854944,0.7045308936548571,0.7128891163793438,0.4737224239339963,0.5909382126902856,0.11721578875628985,0.9882784211243713,0.011721578875628986
finite_large,0.6000000000000001,0.44220713607454565,0.6064408476632447,0.6696146041683779,0.6808229583539682,0.5067048905071696,0.6607707916632446,0.1540659011560751,0.9845934098843927,0.0154065901156075
finite_large,0.7000000000000001,0.4143247608009337,0.5885827459619947,0.6382540515911173,0.6523286069273766,0.530863625998655,0.723491896817766,0.19262827081911083,0.9807371729180894,0.019262827081911085
finite_large,0.8,0.39406439266008575,0.5755250492954828,0.6096408404940552,0.6265221340297749,0.5483848090977813,0.7807183190118907,0.23233350991410895,0.9767666490085898,0.02323335099141087
finite_large,0.9,0.37961001857386634,0.5661183036715713,0.5831966228129891,0.6027741645335436,0.5608538614220145,0.8336067543740229,0.2727528929520081,0.9727247107047997,0.02727528929520078
finite_large,1.0,0.369622773135439,0.5595183843770066,0.5585010164347989,0.5806299400229872,0.5694377575708274,0.8829979671304031,0.31356020955957536,0.9686439790440429,0.03135602095595752
finite_large,1.1,0.36310433940929027,0.5550967983607286,0.5352443504332863,0.5597569850816806,0.5750061590694161,0.9295112991334289,0.3545051400640119,0.9645494859935997,0.035450514006401146
finite_large,1.2000000000000002,0.3593028453139231,0.5523803449404476,0.5131958759484756,0.5399099760863262,0.5782140066244676,0.9736082481030512,0.3953942414785824,0.960460575852142,0.039539424147858146
finite_large,1.3,0.3576469953380007,0.55100936905306,0.49218191041285253,0.5209066319413003,0.5795590458441543,1.015636179174297,0.436077133330142,0.9563922866669863,0.043607713333014116
finite_large,1.4000000000000001,0.3576992518692,0.5507082642162857,0.47207053100613144,0.502610848667771,0.579422614262383,1.055858937987737,0.4764363237253554,0.9523563676274647,0.04764363237253545
finite_large,1.5,0.3591220923500765,0.5512642799380647,0.4527606844127369,0.484920704038058,0.5780989992313379,1.0944786311745247,0.5163796319431895,0.9483620368056814,0.05163796319431886
finite_large,1.6,0.3616533917582214,0.5525120844568826,0.43417433295252256,0.46775980233376313,0.5758168427825747,1.131651334094954,0.5558344913123816,0.9444165508687626,0.055583449131238104
finite_large,1.7000000000000002,0.365088269806728,0.5543223881398236,0.41625072363986665,0.45107095024758426,0.5727549217207311,1.1674985527202661,0.5947436309995371,0.9405256369000468,0.059474363099953624
finite_large,1.8,0.36926557932420206,0.5565934750617618,0.39894216325648457,0.43481148470199266,0.5690538935301815,1.2021156734870295,0.6330617799568505,0.9366938220043155,0.06330617799568497
finite_large,1.9000000000000001,0.37405776585368467,0.5592448441427017,0.3822108753967826,0.41894978694269613,0.5648251135508093,1.2355782492064333,0.6707531356556263,0.932924686434438,0.06707531356556243
finite_large,2.0,0.3793632013401009,0.5622123975200581,0.36602664348991093,0.40346265851788443,0.5601573033075911,1.267946713020177,0.707789409712588,0.9292210590287424,0.07077894097125861
finite_large,2.1,0.3851003501169115,0.5654447747304111,0.3503650303724841,0.3883333299399431,0.555121627435197,1.2992699392550304,0.7441483118198355,0.9255851688180181,0.07441483118198335
finite_large,2.2,0.3912033029402593,0.5689005426880017,0.3352060244700873,0.37354993805634934,0.5497755822327869,1.3295879510598243,0.7798123688270394,0.922018763117298,0.07798123688270371
finite_large,2.3000000000000003,0.39761833993500395,0.5725460297347571,0.3205330041103573,0.3591043535347765,0.5441659901972695,1.3589339917792838,0.8147680015820173,0.9185231998417999,0.08147680015820144
finite_large,2.4000000000000004,0.4043012725522035,0.5763536477612429,0.30633194076518716,0.3449912718613316,0.5383313174277222,1.387336118469623,0.8490048010419042,0.915099519895811,0.08490048010419016
finite_large,2.5,0.4112153789616856,0.5803005865154818,0.2925907829231878,0.3312075040787549,0.5323034749887826,1.414818434153622,0.8825149591648427,0.9117485040835172,0.08825149591648399
finite_large,2.6,0.4183297941103453,0.584367793389734,0.2792989773703792,0.317751419953084,0.5261092247235488,1.4414020452592398,0.9152928205356939,0.9084707179464317,0.0915292820535691
finite_large,2.7,0.4256182500244611,0.5885391733795466,0.2664470956288221,0.3046225082406777,0.5197712802173019,1.4671058087423536,0.9473345285250556,0.9052665471474957,0.09473345285250515
finite_large,2.8000000000000003,0.4330580873288976,0.5928009597384374,0.2540265413509025,0.29182102752427225,0.5133091715865158,1.4919469172981916,0.9786377457116808,0.9021362254288332,0.0978637745711677
finite_large,2.9000000000000004,0.44062947785771484,0.5971412176406308,0.24202932041222028,0.2793477275923868,0.5067399263684057,1.5159413591755562,1.0092014328071557,0.8990798567192853,0.10092014328071519
finite_large,3.0,0.4483148123845261,0.6015494520000771,0.2304478598655406,0.2672036261791163,0.5000786065016419,1.5391042802689152,1.0390256737672798,0.8960974326232729,0.10390256737672751
finite_large,3.1,0.4560982181569788,0.6060162972539394,0.219274865221892,0.255389829506768,0.4933387321356188,1.5614502695562127,1.0681115374206014,0.8931888462579407,0.10681115374205952
finite_large,3.2,0.4639651789814274,0.6105332719641472,0.20850320800642594,0.24390738780108498,0.4865326160012005,1.5829935839871432,1.096460967985952,0.8903539032014052,0.10964609679859452
finite_large,3.3000000000000003,0.47190223672942994,0.6150925849302863,0.19812583740850684,0.2327571790085863,0.4796716267501279,1.6037483251829818,1.1240766984328623,0.8875923301567135,0.11240766984328565
finite_large,3.4000000000000004,0.4798967578102823,0.6196869824409761,0.18813571126246595,0.22193981550605862,0.4727663956048392,1.6237285774750627,1.1509621818702325,0.8849037818129767,0.1150962181870227
finite_large,3.5,0.48793675173037115,0.6243096285407297,0.1785257426711116,0.21145556977684105,0.46582697754615754,1.642948514657772,1.1771215371116228,0.882287846288838,0.11771215371116177
finite_large,3.6,0.49601073160620884,0.628954011920052,0.16928875940237717,0.2013043159286791,0.4588629758731294,1.6614224811952423,1.2025595053221207,0.8797440494677882,0.12025595053221147
finite_large,3.7,0.5041076086122062,0.6336138743716565,0.16041747381281632,0.19148548461162315,0.4518836371252031,1.6791650523743646,1.2272814152491685,0.8772718584750836,0.12272814152491628
finite_large,3.8000000000000003,0.5122166139759267,0.6382831567881239,0.1519044615267113,0.18199802941279566,0.444897921932413,1.6961910769465753,1.251293155014169,0.8748706844985841,0.12512931550141626
finite_large,3.9000000000000004,0.5203272433958033,0.6429559594764791,0.14374214746149908,0.17284040319645524,0.43791455625633363,1.712515705077,1.2746011488206737,0.8725398851179331,0.12746011488206643
finite_large,4.0,0.5284292197349263,0.6476265141865296,0.13592279806564367,0.16401054315200098,0.43094206662876583,1.72815440386871,1.2972123372399529,0.8702787662760054,0.12972123372399436
finite_large,4.1000000000000005,0.5365124706052226,0.652289165733342,0.1284385188442736,0.15550586353193288,0.42398880232949515,1.7431229623114501,1.3191341599819637,0.8680865840018045,0.13191341599819548
finite_large,4.2,0.5445671180494418,0.6569383614714319,0.1212812564063879,0.147323255223702,0.41706294692529355,1.7574374871872207,1.3403745402619371,0.8659625459738078,0.13403745402619277
finite_large,4.3,0.5525834779927318,0.6615686471733738,0.11444280438718699,0.13945909141740448,0.4101725211858937,1.7711143912256226,1.3609418700397384,0.8639058129960282,0.13609418700397286
finite_large,4.4,0.560552067501171,0.6661746680973929,0.10791481268939161,0.13190923871602586,0.40332537907288196,1.784170374621214,1.3808449955483417,0.8619155004451684,0.13808449955483293
finite_large,4.5,0.5684636181747861,0.6707511742118282,0.10168879955548928,0.12466907309481554,0.39652919824402727,1.7966224008890193,1.400093202645001,0.8599906797355023,0.14000932026449883
finite_large,4.6000000000000005,0.5763090942353591,0.6752930286904364,0.09575616603435609,0.11773350015802755,0.389791466312767,1.8084876679312858,1.4186962016185276,0.8581303798381497,0.14186962016185162
finite_large,4.7,0.5840797140588003,0.679795218910354,0.09010821244506732,0.11109697917002154,0.3831194639381056,1.819783575109862,1.4366641111717664,0.8563335888828255,0.14366641111717565
finite_large,4.800000000000001,0.5917669740588978,0.6842528692810664,0.08473615647139926,0.1047535503577792,0.3765202456845296,1.8305276870571976,1.4540074413726785,0.8545992558627342,0.14540074413726678
finite_large,4.9,0.5993626739622812,0.6886612553133247,0.07963115254526294,0.09869686499664919,0.37000061947732055,1.8407376949094694,1.4707370754321603,0.8529262924567858,0.14707370754321497
finite_large,5.0,0.6068589426298476,0.6930158184058436,0.07478431219818388,0.09292021780318438,0.3635671253801813,1.8504313756036277,1.4868642502234581,0.8513135749776557,0.14868642502234472
finite_large,5.1000000000000005,0.614248263682533,0.6973121808879439,0.07018672507857798,0.08741658117034726,0.3572260143350897,1.8596265498428388,1.5024005355077614,0.8497599464492254,0.1502400535507751
finite_large,5.2,0.6215235002827688,0.7015461609105237,0.0658294803501637,0.08217864079264633,0.3509832274255517,1.868341039299667,1.5173578118741267,0.8482642188125888,0.15173578118741182
finite_large,5.300000000000001,0.6286779185097571,0.705713786827589,0.0617036882042702,0.07719883224302507,0.34484437615161695,1.8765926235914534,1.5317482474398496,0.8468251752560163,0.15317482474398406
finite_large,5.4,0.6357052088485974,0.7098113107573314,0.057800501236646915,0.07246937808028509,0.33881472413655384,1.8843989975267006,1.5455842733901592,0.845441572660985,0.15455842733901504
finite_large,5.5,0.6425995053913842,0.7138352210562128,0.05411113545800673,0.06798232508588403,0.33289917061988106,1.8917777290839815,1.5588785584641132,0.8441121441535892,0.1558878558464104
finite_large,5.6000000000000005,0.6493554024232443,0.7177822534822554,0.050626890727129496,0.06372958125224612,0.32710223602896527,1.8987462185457353,1.5716439825167832,0.8428356017483227,0.1571643982516775
finite_large,5.7,0.6559679681381478,0.7216494008649461,0.047339170415928236,0.05970295217116835,0.32142804986132556,1.9053216591681386,1.583893609306826,0.8416106390693181,0.15838936093068168
finite_large,5.800000000000001,0.6624327552980469,0.7254339211389338,0.04423950013734608,0.05589417650022309,0.3158803410521637,1.911520999725303,1.5956406586731529,0.8404359341326852,0.15956406586731434
finite_large,5.9,0.6687458087142759,0.7291333436369042,0.04131954538911647,0.052294960216841956,0.3104624309466502,1.9173609092217618,1.6068984782751254,0.8393101521724886,0.16068984782751172
finite_large,6.0,0.6749036694917451,0.7327454735734992,0.03857112798902484,0.048897009403482856,0.3051772289444409,1.9228577440219443,1.6176805150775189,0.8382319484922494,0.16176805150775087
finite_large,6.1000000000000005,0.6809033760338138,0.7362683946866128,0.03598624120006506,0.04569206134235927,0.30002723083514904,1.9280275175998636,1.6280002867647299,0.8371999713235279,0.16280002867647198
finite_large,6.2,0.6867424618584301,0.7397004700345936,0.03355706346646321,0.042671913734013966,0.29501451979845034,1.9328858730670677,1.6378713532686326,0.8362128646731377,0.1637871353268623
finite_large,6.300000000000001,0.6924189503236868,0.7430403409775335,0.03127597070362645,0.039828451889918265,0.29014077000151345,1.9374480585927412,1.647307288591243,0.8352692711408769,0.16473072885912327
finite_large,6.4,0.697931346403049,0.7462869243976353,0.029135547106353524,0.037153673784666594,0.2854072526898629,1.941728905787286,1.6563216530974385,0.8343678346902572,0.1656321653097429
finite_large,6.5,0.7032786256868873,0.7494394082374682,0.027128594459828306,0.03463971288763061,0.2808148446358336,1.9457428110803354,1.6649279664445178,0.8335072033555497,0.16649279664445085
finite_large,6.6000000000000005,0.7084602208174363,0.7524972454555253,0.025248139956758356,0.03227885872663326,0.2763640387816578,1.9495037200864744,1.6731396813048338,0.8326860318695182,0.1673139681304826
finite_large,6.7,0.7134760055888414,0.7554601465158128,0.023487442541302826,0.030063575166845255,0.2720549568919883,1.9530251149173856,1.6809701580254142,0.8319029841974597,0.16809701580254077
finite_large,6.800000000000001,0.7183262769626365,0.7583280705422115,0.02183999781599396,0.027986516416335018,0.2678873640133235,1.9563200043680034,1.6884326403546968,0.8311567359645314,0.168843264035469
finite_large,6.9,0.7230117352619856,0.7611012152790297,0.020299541561574264,0.026040540795227666,0.2638606845252201,1.9594009168768427,1.6955402323516393,0.8304459767648374,0.16955402323516336
finite_large,7.0,0.7275334628155792,0.7637800060066715,0.018860051931476475,0.024218722328052198,0.25997401956019167,1.9622798961370385,1.7023058765768626,0.8297694123423149,0.17023058765768573
finite_large,7.1000000000000005,0.7318929013245883,0.7663650835657729,0.01751575039254064,0.022514360238460342,0.25622616556551,1.9649684992149097,1.708742333649416,0.8291257666350595,0.17087423336494106
finite_large,7.2,0.7360918282239544,0.768857291644722,0.01626110149150764,0.020920986442039515,0.25261563378042906,1.9674777970169752,1.7148621632365633,0.8285137836763444,0.17148621632365563
finite_large,7.300000000000001,0.7401323323030364,0.7712576634844408,0.015090811532908048,0.019432371146450054,0.2491406704062446,1.969818376934175,1.7206777065279466,0.8279322293472069,0.17206777065279405
finite_large,7.4,0.7440167888407565,0.7735674081508869,0.013999826258265406,0.018042526678678728,0.24579927725367245,1.9720003474834602,1.726201070229804,0.8273798929770211,0.1726201070229797
finite_large,7.5,0.747747834497444,0.7757878965202806,0.012983327619168702,0.016745709666959763,0.2425892326618283,1.9740333447616538,1.7314441120998416,0.8268555887900171,0.17314441120998347
finite_large,7.6000000000000005,0.7513283421901009,0.7779206471148454,0.012036729737876655,0.015536421710056796,0.23950811249516132,1.9759265405242368,1.736418428029093,0.8263581571970909,0.17364184280290848
finite_large,7.7,0.7547613961603818,0.7799673119181787,0.01115567414884614,0.014409408669337789,0.23655331103858743,1.9776886517022976,1.741135340663728,0.8258864659336274,0.17411353406637195
finite_large,7.800000000000001,0.7580502674256794,0.7819296622895828,0.010336024413090339,0.013359658719652629,0.2337220616263384,1.9793279511738093,1.7456058895474889,0.8254394110452512,0.1745605889547479
finite_large,7.9,0.761198389783856,0.7838095750860394,0.009573860194734852,0.012382399293691105,0.23101145685627553,1.9808522796105201,1.7498408227542621,0.8250159177245733,0.17498408227542525
finite_large,8.0,0.7642093365217902,0.7856090190893131,0.00886547088571638,0.011473093051516387,0.22841846825821785,1.9822690582285574,1.753850589970357,0.8246149410029638,0.1753850589970347
finite_large,8.1,0.7670867979574613,0.7873300418241508,0.008207348860422702,0.010627433002595221,0.22593996530185675,1.9835853022791445,1.7576453369773044,0.8242354663022691,0.17576453369772954
finite_large,8.200000000000001,0.7698345599250911,0.7889747568419808,0.0075961824373548155,0.009841336902126241,0.22357273364673855,1.9848076351252797,1.7612349014785589,0.8238765098521441,0.17612349014785483
finite_large,8.3,0.7724564832932225,0.7905453315330357,0.007028848619758711,0.00911094103705451,0.22131349255335894,1.9859423027604717,1.7646288102071321,0.823537118979287,0.17646288102071206
finite_large,8.4,0.7749564845868495,0.7920439755187214,0.006502405681737653,0.008432593510048719,0.21915891139032695,1.9869951886365125,1.7678362772462055,0.82321637227538,0.17678362772461947
finite_large,8.5,0.7773385177669365,0.7934729296653474,0.006014085660763411,0.0078028471221455245,0.21710562518770968,1.9879718286784605,1.7708662034907712,0.822913379650924,0.17708662034907593
finite_large,8.6,0.7796065572041277,0.7948344557502447,0.005561286811841295,0.007218451946888261,0.2151502492008554,1.9888774263763045,1.77372717717547,0.8226272822824545,0.1773727177175457
finite_large,8.700000000000001,0.7817645818682093,0.7961308268018712,0.005141566072953962,0.006676347680781151,0.21328939246211742,1.9897168678540786,1.7764274753919818,0.8223572524608032,0.1776427475391971
finite_large,8.8,0.7838165607410608,0.7973643181268107,0.00475263158588805,0.0061736558468814,0.21151967030989274,1.9904947368282107,1.778975066518338,0.8221024933481674,0.17789750665183277
finite_large,8.9,0.7857664394484335,0.7985371990286881,0.004392335311201511,0.005707671920478729,0.2098377158951922,1.9912153293775834,1.7813776134824117,0.8218622386517601,0.17813776134824005
finite_large,9.0,0.7876181280949379,0.7996517252169177,0.004058665770971833,0.005275857438165046,0.20824019067556174,1.9918826684580435,1.7836424777825028,0.8216357522217512,0.17836424777824905
finite_large,9.1,0.7893754902770986,0.8007101318969466,0.0037497409481159288,0.00487583214425341,0.20672379391457749,1.992500518103755,1.7857767241891984,0.821422327581082,0.17857767241891861
finite_large,9.200000000000001,0.7910423332412029,0.801714627528191,0.0034638013665228406,0.004505366221529037,0.20528527121237644,1.9930723972669413,1.7877871260545861,0.8212212873945436,0.17877871260545733
finite_large,9.3,0.7926223991458357,0.8026673882311778,0.0031992033720102354,0.004162372646749598,0.20392142209879432,1.9936015932559652,1.7896801711571926,0.8210319828842834,0.17896801711571803
finite_large,9.4,0.7941193573834477,0.8035705528214957,0.0029544126302175596,0.003844899705189975,0.20262910672572615,1.9940911747395504,1.7914620680138444,0.820853793198618,0.17914620680138343
finite_large,9.5,0.7955367979108801,0.8044262184449427,0.00272799785398748,0.0035511236928664905,0.2014052516993679,1.9945440042920106,1.7931387525926632,0.8206861247407358,0.17931387525926523
finite_large,9.600000000000001,0.7968782255354652,0.8052364367857016,0.002518624769561113,0.0032793418298852775,0.20024685509611498,1.9949627504608638,1.7947158953647695,0.8205284104635246,0.17947158953647568
finite_large,9.700000000000001,0.7981470551009446,0.806003210817459,0.002325050328015396,0.0030279654036385736,0.19915099070816217,1.995349899343956,1.7961989086358137,0.8203801091364202,0.17961989086358005
finite_large,9.8,0.7993466075159956,0.8067284920659848,0.002146117165791837,0.002795513156312395,0.19811481156635516,1.9957077656684017,1.7975929541020679,0.8202407045897948,0.17975929541020547
finite_large,9.9,0.8004801065674474,0.8074141783508293,0.0019807483158910074,0.0025806049273554956,0.19713555278866435,1.996038503368203,1.7989029505795613,0.8201097049420456,0.17989029505795473
finite_large,10.0,0.8015506764602609,0.8080621119733571,0.001827942169319915,0.002381955558172993,0.19621053380286899,1.9963441156613464,1.8001335818584991,0.8199866418141524,0.1800133581858484
finite_large,10.100000000000001,0.8025613400269342,0.8086740783183033,0.001686767684662014,0.0021983690633268094,0.19533715999173476,1.9966264646306624,1.801289304638948,0.8198710695361073,0.1801289304638934
finite_large,10.200000000000001,0.8035150175500746,0.8092518048363421,0.0015563598421726272,0.0020287330699235466,0.19451292380820898,1.996887280315641,1.8023743565074524,0.8197625643492565,0.180237435650744
finite_large,10.3,0.8044145261433925,0.8097969603757472,0.0014359153375662894,0.0018720135246222788,0.19373540540702266,1.9971281693248524,1.8033927639178506,0.8196607236082165,0.18033927639178376
finite_large,10.4,0.8052625796382219,0.8103111548320615,0.001324688509637169,0.001727249665772692,0.19300227283763774,1.9973506229807112,1.8043483501430932,0.8195651649856919,0.1804348350143083
finite_large,10.5,0.8060617889248143,0.8107959390857319,0.0012219874950193835,0.001593549256570136,0.19231128184177268,1.9975560250099464,1.8052447431681935,0.8194755256831827,0.18052447431681834
finite_large,10.600000000000001,0.8068146626999905,0.8112528051988551,0.001127170602731805,0.00147008407376161,0.19166027529683624,1.9977456587945226,1.8060853834977055,0.8193914616502318,0.1806085383497695
finite_large,10.700000000000001,0.8075236085752368,0.8116831868435115,0.0010396429006433018,0.0013560856453286403,0.1910471823445471,1.997920714198699,1.8068735318541722,0.819312646814585,0.18068735318541615
finite_large,10.8,0.8081909345019556,0.8120884599355683,0.00095885300562184,0.0012508412296840246,0.19047001724185472,1.9980822939887415,1.8076122767469074,0.8192387723253117,0.1807612276746898
finite_large,10.9,0.8088188504732392,0.8124699434493045,0.0008842900688781169,0.0011536900282254408,0.18992687796905727,1.9982314198622295,1.8083045418931925,0.819169545810684,0.1808304541893182
finite_large,11.0,0.8094094704642445,0.8128289003897402,0.0008154809478659669,0.0010640196225668612,0.1894159446277481,1.9983690381042543,1.808953093476525,0.8191046906523504,0.18089530934765147
finite_large,11.100000000000001,0.809964814575928,0.8131665389010653,0.0007519875560436294,0.0009812626273976305,0.1889354776589655,1.9984960248878991,1.8095605472289513,0.8190439452771077,0.18095605472289433
finite_large,11.200000000000001,0.8104868113495671,0.813484013491094,0.0006934043818190734,0.0009048935496792062,0.18848381590967708,1.9986131912363483,1.8101293753266887,0.8189870624673337,0.18101293753266814
finite_large,11.3,0.8109773002220768,0.8137824263531812,0.0006393561680870572,0.0008344258447628043,0.18805937457353325,1.998721287663812,1.810661913090296,0.8189338086909729,0.18106619130902893
finite_large,11.4,0.8114380340946609,0.8140628287685097,0.0005894957439048916,0.0007694091599813799,0.18766064302968538,1.9988210085121763,1.811160365482508,0.8188839634517515,0.18111603654825015
finite_large,11.5,0.811870681989754,0.8143262225730847,0.0005435020000382286,0.0007094267563213364,0.1872861826013967,1.9989129959999095,1.811626813398529,0.8188373186601492,0.18116268133985236
finite_large,11.600000000000001,0.8122768317735443,0.8145735616751634,0.0005010780003291584,0.0006540930988999864,0.18693462425419283,1.998997843999329,1.8120632197451514,0.8187936780254866,0.1812063219745147
finite_large,11.700000000000001,0.8126579929235609,0.8148057536101513,0.000461949221088831,0.0006030516071520028,0.18660466625140765,1.9990761015578105,1.8124714353064175,0.8187528564693598,0.18124714353064136
finite_large,11.8,0.8130155993229211,0.8150236611212753,0.0004258619109890057,0.0005559725558513014,0.18629507178318644,1.9991482761780097,1.8128532043948375,0.8187146795605178,0.18128532043948328
finite_large,11.9,0.8133510120647867,0.8152281037555164,0.00039258156421562683,0.0005125511183547437,0.18600466658331913,1.999214836871557,1.81321017028825,0.8186789829711765,0.1813210170288247
finite_large,12.0,0.813665522252427,0.8154198594654184,0.0003618914999475206,0.0004725055437423116,0.18573233654668397,1.9992762170000928,1.8135438804534205,0.8186456119546597,0.1813543880453418
finite_large,12.100000000000001,0.813960353782021,0.8155996662084383,0.00033359154153036075,0.0004355754598380925,0.18547702535860208,1.9993328169169278,1.8138557915583369,0.8186144208441684,0.18138557915583337
finite_large,12.200000000000001,0.8142366660969117,0.815768223536482,0.00030749678902635,0.00040152029442110305,0.18523773214601966,1.9993850064219345,1.8141472742759264,0.8185852725724085,0.18141472742759232
finite_large,12.3,0.8144955569035196,0.8159261941691859,0.00028343647913046753,0.00037011780726949213,0.18501350915915593,1.9994331270417267,1.8144196178825815,0.818558038211743,0.18144196178825786
finite_large,12.4,0.8147380648404805,0.8160742055453474,0.0002612529267520281,0.00034116272602144,0.1848034594910754,1.9994774941464821,1.8146740346554189,0.818532596534459,0.18146740346554177
finite_large,12.5,0.8149651720938234,0.8162128513476821,0.00024080054286342264,0.0003144654791772084,0.184606734841556,1.9995183989142598,1.8149116640727156,0.818508833592729,0.18149116640727134
finite_large,12.600000000000001,0.8151778069521476,0.8163426929968033,0.00022194492351455895,0.00028985101990620173,0.1844225333306351,1.999556110152958,1.8151335768223356,0.8184866423177674,0.18151335768223303
finite_large,12.700000000000001,0.8153768462968016,0.8164642611109733,0.00020456200520019838,0.0002671577346578314,0.18425009736630754,1.999590875989586,1.815340778623293,0.8184659221376722,0.1815340778623286
finite_large,12.8,0.8155631180230047,0.8165780569287596,0.00018853728204699214,0.0002462364309032912,0.1840887115700299,1.9996229254358924,1.8155342138658774,0.8184465786134146,0.18155342138658692
finite_large,12.9,0.8157374033887084,0.816684553692285,0.00017376508055672114,0.00022694939865538393,0.18393770076294286,1.999652469838872,1.8157147690759459,0.818428523092408,0.18157147690759368
finite_large,13.0,0.8159004392887566,0.8167841979892281,0.00016014788790137276,0.00020916954072377222,0.1837964280150527,1.999679704224183,1.8158832762091472,0.8184116723790877,0.1815883276209138
finite_large,13.100000000000001,0.8160529204525955,0.8168774110521846,0.0001475957300138721,0.00019277956696260915,0.18366429275901677,1.9997048085399571,1.8160405157809594,0.8183959484219071,0.18160405157809498
finite_large,13.200000000000001,0.8161955015643797,0.816964590014376,0.00013602559595523995,0.00017767124805549868,0.1835407289696397,1.999727948808075,1.8161872198384534,0.8183812780161569,0.18161872198384452
finite_large,13.3,0.8163287993048851,0.817046109121058,0.00012536090526457753,0.00016374472465873177,0.1834252034097159,1.999749278189456,1.8163240747797573,0.8183675925220261,0.181632407477975
finite_large,13.4,0.8164533943150876,0.8171223208962718,0.00011553101521259663,0.00015090786798735618,0.18331721394243167,1.9997689379695587,1.8164517240271458,0.8183548275972876,0.18164517240271394
finite_large,13.5,0.8165698330817102,0.8171935572648708,0.00010647076508251613,0.00013907568817972925,0.1832162879101756,1.9997870584698179,1.8165707705596619,0.818342922944036,0.18165707705596545
finite_large,13.600000000000001,0.8166786297453899,0.8172601306299753,9.812005479424118e-05,0.0001281697870147541,0.1831219805792818,1.9998037598903948,1.8166817793111325,0.8183318220688887,0.1816681779311124
finite_large,13.700000000000001,0.8167802678324261,0.8173223349062426,9.042345536907632e-05,0.00011811785178211642,0.18303387364995588,1.9998191530892448,1.8167852794393082,0.8183214720560705,0.18167852794392986
finite_large,13.8,0.8168752019113601,0.8173804465094847,8.332984890310344e-05,0.00010885318731970598,0.18295157383039326,1.9998333403021755,1.8168817664718022,0.8183118233528207,0.1816881766471794
finite_large,13.9,0.8169638591758376,0.8174347253033507,7.679209587814229e-05,0.00010031428343432232,0.18287471147389753,1.9998464158082259,1.8169717043343483,0.8183028295665655,0.18169717043343409
finite_large,14.0,0.8170466409554173,0.8174854155039042,7.076672779025858e-05,9.244441511202753e-05,0.18280293927763544,1.9998584665444017,1.817055527266787,0.8182944472733216,0.18170555272667782
finite_large,14.100000000000001,0.8171239241561361,0.8175327465430363,6.521366321751411e-05,8.519127310353727e-05,0.18273593104152594,1.9998695726735467,1.8171336416320432,0.8182866358367962,0.18171336416320333
finite_large,14.200000000000001,0.8171960626327659,0.8175769338917541,6.009594558145824e-05,7.850662263822231e-05,0.18267338048564336,1.9998798081088198,1.8172064276231996,0.8182793572376811,0.1817206427623188
finite_large,14.3,0.8172633884948082,0.8176181798444435,5.5379500981167046e-05,7.234598817808324e-05,0.18261500012442572,1.9998892409980202,1.8172742408736167,0.8182725759126394,0.18172742408736076
finite_large,14.4,0.8173262133483354,0.8176566742652752,5.103291459486521e-05,6.666836227091137e-05,0.18256052019590793,1.9998979341707916,1.8173374139749083,0.8182662586025109,0.18173374139748988
finite_large,14.5,0.8173848294758503,0.8176925952979595,4.702722425272848e-05,6.143593670022204e-05,0.18250968764414863,1.9999059455514765,1.817396257907352,0.8182603742092665,0.18173962579073413
finite_large,14.600000000000001,0.8174395109563741,0.8177261100400867,4.333572988578115e-05,5.661385425891644e-05,0.18246226515298405,1.9999133285402093,1.8174510633872512,0.8182548936612766,0.18174510633872393
finite_large,14.700000000000001,0.8174905147279783,0.8177573751833134,3.993381765027171e-05,5.216997959445432e-05,0.1824180302292235,1.9999201323646822,1.8175021021354825,0.8182497897864531,0.18175021021354712
finite_large,14.8,0.8175380815950013,0.8177865376206666,3.679879761492406e-05,4.807468768606772e-05,0.18237677433339103,1.9999264024047523,1.8175496280713854,0.8182450371928629,0.1817549628071374
finite_large,14.9,0.8175824371821647,0.8178137350222354,3.390975398040646e-05,4.4300668619662355e-05,0.18233830205612414,1.9999321804920207,1.817593878435921,0.818240612156409,0.18175938784359102
finite_large,15.0,0.8176237928377921,0.8178390963805225,3.124740687659399e-05,4.08227474239763e-05,0.18230243033835253,1.999937505186229,1.8176350748478998,0.8182364925152109,0.18176350748478895
finite_large,15.100000000000001,0.8176623464883128,0.8178627425267105,2.879398485408354e-05,3.7617717822723986e-05,0.18226898773340156,1.9999424120302753,1.8176734242968962,0.8182326575703105,0.18176734242968873
finite_large,15.200000000000001,0.8176982834461768,0.8178847866190899,2.6533107252285102e-05,3.466418884225319e-05,0.1822378137091937,1.9999469337854783,1.8177091200763071,0.8182290879923688,0.18177091200762985
finite_large,15.3,0.8177317771732936,0.8179053346048639,2.444967568757967e-05,3.194244329307575e-05,0.1822087579887568,1.9999511006486093,1.8177423426598736,0.8182257657340126,0.18177423426598663
finite_large,15.4,0.8177629900020289,0.8179244856565323,2.2529773961813432e-05,2.9434307216881813e-05,0.18218167992728698,1.9999549404520616,1.8177732605247958,0.8182226739475209,0.18177732605247887
finite_large,15.5,0.8177920738157607,0.8179423325840249,2.0760575744072522e-05,2.712302945866037e-05,0.18215644792405788,1.999958478848499,1.8178020309244602,0.8182197969075549,0.1817802030924454
finite_large,15.600000000000001,0.8178191706909361,0.8179589622237214,1.9130259427532508e-05,2.4993170586677646e-05,0.18213293886751536,1.9999617394811326,1.8178288006136352,0.8182171199386368,0.181782880061363
finite_large,15.700000000000001,0.8178444135024997,0.8179744558054667,1.7627929608458115e-05,2.30305004416247e-05,0.18211103761194597,1.9999647441407724,1.8178537065288416,0.818214629347116,0.18178537065288397
finite_large,15.8,0.8178679264945226,0.8179888892986534,1.624354467638549e-05,2.1221903650546297e-05,0.18209063648416,1.9999675129106365,1.8178768764264928,0.8182123123573501,0.18178768764264905
finite_large,15.9,0.8178898258177791,0.8180023337384164,1.4967850043383394e-05,1.9555292491493175e-05,0.18207163481868172,1.9999700642999034,1.8178984294812373,0.8182101570518758,0.1817898429481235
finite_large,16.0,0.8179102200359654,0.8180148555329321,1.3792316576273643e-05,1.8019526541469637e-05,0.18205393851999485,1.9999724153668377,1.8179184768468573,0.8182081523153133,0.18179184768468562
finite_large,16.1,0.8179292106021883,0.8180265167528015,1.27090838289996e-05,1.660433858343491e-05,0.18203745965044452,1.999974581832332,1.817937122181902,0.8182062877818088,0.18179371221819013
finite_large,16.2,0.8179468923072862,0.8180373754034362,1.1710907703160858e-05,1.5300266288110878e-05,0.18202211604245275,1.9999765781845837,1.8179544621421468,0.8182045537857845,0.1817954462142144
finite_large,16.3,0.8179633537014805,0.8180474856813434,1.0791112193229325e-05,1.4098589223335132e-05,0.18200783093375758,1.999978417775603,1.8179705868418612,0.8182029413158132,0.1817970586841858
finite_large,16.400000000000002,0.8179786774907944,0.8180568982151706,9.943544899357844e-06,1.2991270777973047e-05,0.1819945326244418,1.9999801129101904,1.8179855802857636,0.8182014419714219,0.18179855802857614
finite_large,16.5,0.8179929409096112,0.8180656602923269,9.1625360150576e-06,1.1970904619054763e-05,0.18198215415456753,1.9999816749279595,1.817999520773406,0.8182000479226578,0.1817999520773405
finite_large,16.6,0.8180062160706845,0.8180738160719624,8.442860519570332e-06,1.1030665330107239e-05,0.1819706330012896,1.9999831142789524,1.8180124812776752,0.8181987518722313,0.1818012481277675
finite_large,16.7,0.8180185702938532,0.8180814067850644,7.779703325593382e-06,1.016426290573462e-05,0.18195991079436688,1.9999844405933414,1.8180245297989868,0.8181975470200998,0.18180245297989872
finite_large,16.8,0.8180300664146523,0.8180884709223754,7.168627152265639e-06,9.365900802534533e-06,0.18194993304904547,1.9999856627456871,1.8180357296966554,0.818196427030333,0.18180357296966554
finite_large,16.900000000000002,0.8180407630739588,0.818095044410824,6.605542911109052e-06,8.630237269576603e-06,0.1819406489153329,1.9999867889141696,1.8180461399988497,0.8181953860001134,0.18180461399988512
finite_large,17.0,0.8180507149897527,0.8181011607791105,6.086682409047537e-06,7.952349703046448e-06,0.18193201094273181,1.9999878266351738,1.8180558156924564,0.8181944184307524,0.18180558156924567
finite_large,17.1,0.818059973212018,0.8181068513130748,5.608573187798509e-06,7.3277017894084916e-06,0.18192397485954673,1.9999887828536176,1.8180648079940842,0.8181935192005896,0.1818064807994085
finite_large,17.2,0.8180685853617671,0.8181121452014184,5.168015332942723e-06,6.752113219683083e-06,0.1819164993659225,1.9999896639693255,1.8180731646034185,0.8181926835396559,0.18180731646034184
finite_large,17.3,0.818076595855107,0.8181170696723593,4.762060098913345e-06,6.2217317742784175e-06,0.18190954593981465,1.9999904758797933,1.818080929939994,0.8181919070059979,0.18180809299399953
finite_large,17.400000000000002,0.8180840461132284,0.8181216501217293,4.38799020808791e-06,5.733007593374931e-06,0.18190307865513394,1.999991224019575,1.8180881453644562,0.8181911854635513,0.18180881453644582
finite_large,17.5,0.8180909747591536,0.8181259102330288,4.043301693188728e-06,5.282669462219566e-06,0.1818970640113474,1.9999919133966053,1.8180948493852738,0.8181905150614698,0.18180948493852755
finite_large,17.6,0.8180974178020255,0.8181298720899088,3.725687162371358e-06,4.867702953945508e-06,0.18189147077385479,1.9999925486256678,1.8181010778518285,0.818189892214815,0.18181010778518292
finite_large,17.7,0.8181034088096846,0.8181335562815312,3.4330203757690508e-06,4.485330284769341e-06,0.18188626982449765,1.9999931339592414,1.8181068641347595,0.8181893135865216,0.18181068641347606
finite_large,17.8,0.8181089790702427,0.8181369820012363,3.163342030923883e-06,4.132991747710136e-06,0.18188143402159074,1.9999936733159318,1.8181122392943558,0.818188776070562,0.18181122392943588
finite_large,17.900000000000002,0.8181141577433143,0.8181401671389172,2.9148466625289383e-06,3.808328601397008e-06,0.1818769380689018,1.9999941703066686,1.8181172322377812,0.818188276776219,0.18181172322377837
finite_large,18.0,0.8181189720015408,0.818143128367482,2.6858705692796097e-06,3.5091673001468427e-06,0.18187275839303504,1.9999946282588557,1.8181218698658346,0.818187813013413,0.1818121869865836
finite_large,18.1,0.8181234471629946,0.8181458812237689,2.474880687435185e-06,3.2335049603660405e-06,0.18186887302870516,1.99999505023862,1.8181261772099289,0.8181873822790036,0.18181261772099294
finite_large,18.2,0.818127606815031,0.8181484401842433,2.2804643369668528e-06,2.979495966514852e-06,0.18186526151141783,1.9999954390713217,1.818130177559918,0.8181869822440049,0.18181301775599196
finite_large,18.3,0.8181314729301099,0.8181508187358105,2.101319771955887e-06,2.745439627422449e-06,0.18186190477709893,1.9999957973604516,1.8181338925833668,0.8181866107416597,0.18181338925833707
finite_large,18.400000000000002,0.8181350659740887,0.8181530294420334,1.936247472244296e-06,2.5297688007057947e-06,0.18185878506824368,1.9999961275050513,1.8181373424368221,0.8181862657563149,0.18181373424368258
finite_large,18.5,0.8181384050074574,0.8181550840050499,1.7841421182628761e-06,2.3310394094680563e-06,0.18185588584617787,1.9999964317157588,1.8181405458695967,0.8181859454130381,0.18181405458695993
finite_large,18.6,0.8181415077799543,0.8181569933234508,1.643985195501829e-06,2.147920781376758e-06,0.18185319170904987,1.9999967120296045,1.818143520320569,0.8181856479679406,0.18181435203205723
finite_large,18.7,0.8181443908189787,0.8181587675463768,1.5148381792755377e-06,1.979186745685137e-06,0.18185068831519471,1.9999969703236367,1.8181462820084562,0.8181853717991522,0.18181462820084604
finite_large,18.8,0.818147069512194,0.8181604161240694,1.3958362542932395e-06,1.8237074287979862e-06,0.18184836231152965,1.9999972083274873,1.818148846015971,0.8181851153984007,0.18181488460159767
finite_large,18.900000000000002,0.818149558184689,0.8181619478550968,1.2861825271069488e-06,1.6804416936292726e-06,0.1818462012666646,1.9999974276349417,1.8181512263682904,0.8181848773631684,0.1818151226368297
finite_large,19.0,0.8181518701710422,0.8181633709304735,1.1851426927894952e-06,1.5484301722821738e-06,0.1818441936084272,1.9999976297146107,1.8181534361061955,0.8181846563893774,0.18181534361062032
finite_large,19.1,0.8181540178826111,0.8181646929748612,1.0920401202213612e-06,1.4267888455319533e-06,0.18184232856552102,1.9999978159197558,1.8181554873542476,0.8181844512645715,0.18181554873542538
finite_large,19.200000000000003,0.8181560128703633,0.8181659210850426,1.0062513231544236e-06,1.314703126233616e-06,0.1818405961130532,1.99999798749735,1.8181573913843097,0.818184260861565,0.18181573913843146
finite_large,19.3,0.81815786588352,0.8181670618658463,9.272017867921964e-07,1.2114224071334238e-06,0.18183898692168285,1.9999981455964222,1.8181591586747525,0.8181840841325208,0.18181591586747578
finite_large,19.400000000000002,0.8181595869242964,0.8181681214636763,8.543621219969187e-07,1.1162550366586344e-06,0.18183749231015697,1.9999982912757517,1.818160798965609,0.8181839201034357,0.18181607989656137
finite_large,19.5,0.8181611852989823,0.8181691055978095,7.872445214191692e-07,1.0285636891131141e-06,0.18183610420101531,1.999998425510953,1.818162321309952,0.8181837678690015,0.18181623213099574
finite_large,19.6,0.8181626696656024,0.8181700195896037,7.253994938600689e-07,9.477610983367536e-07,0.18183481507925828,1.999998549201007,1.818163734121765,0.8181836265878211,0.18181637341217705
finite_large,19.700000000000003,0.8181640480783803,0.8181708683897455,6.684128550331867e-07,8.733061263115128e-07,0.18183361795378702,1.999998663174284,1.8181650452205136,0.8181834954779462,0.18181650452205206
finite_large,19.8,0.8181653280292145,0.818171656603676,6.159029546047421e-07,8.047001404318242e-07,0.18183250632143266,1.9999987681940858,1.8181662618726686,0.8181833738127301,0.18181662618726768
finite_large,19.900000000000002,0.818166516486359,0.8181723885153046,5.675181209684626e-07,7.414836752175026e-07,0.1818314741334074,1.9999988649637532,1.8181673908303608,0.8181832609169608,0.18181673908303692
finite_large,20.0,0.8181676199304944,0.818173068109125,5.229343066655927e-07,6.832333561462849e-07,0.18183051576401774,1.999998954131383,1.8181684383673797,0.8181831561632591,0.1818168438367388
no_reaction,0.0,1.0,1.0,1.0,1.0,0.0,0.0,0.0,,
no_reaction,0.1,1.0,1.0,1.0,1.0,0.0,0.0,0.0,,
no_reaction,0.2,1.0,1.0,1.0,1.0,0.0,0.0,0.0,,
no_reaction,0.30000000000000004,1.0,1.0,1.0,1.0,0.0,0.0,0.0,,
no_reaction,0.4,1.0,1.0,1.0,1.0,0.0,0.0,0.0,,
no_reaction,0.5,1.0,1.0,1.0,1.0,0.0,0.0,0.0,,
no_reaction,0.6000000000000001,1.0,1.0,1.0,1.0,0.0,0.0,0.0,,
no_reaction,0.7000000000000001,1.0,1.0,1.0,1.0,0.0,0.0,0.0,,
no_reaction,0.8,1.0,1.0,1.0,1.0,0.0,0.0,0.0,,
no_reaction,0.9,1.0,1.0,1.0,1.0,0.0,0.0,0.0,,
no_reaction,1.0,1.0,1.0,1.0,1.0,0.0,0.0,0.0,,
no_reaction,1.1,1.0,1.0,1.0,1.0,0.0,0.0,0.0,,
no_reaction,1.2000000000000002,1.0,1.0,1.0,1.0,0.0,0.0,0.0,,
no_reaction,1.3,1.0,1.0,1.0,1.0,0.0,0.0,0.0,,
no_reaction,1.4000000000000001,1.0,1.0,1.0,1.0,0.0,0.0,0.0,,
no_reaction,1.5,1.0,1.0,1.0,1.0,0.0,0.0,0.0,,
no_reaction,1.6,1.0,1.0,1.0,1.0,0.0,0.0,0.0,,
no_reaction,1.7000000000000002,1.0,1.0,1.0,1.0,0.0,0.0,0.0,,
no_reaction,1.8,1.0,1.0,1.0,1.0,0.0,0.0,0.0,,
no_reaction,1.9000000000000001,1.0,1.0,1.0,1.0,0.0,0.0,0.0,,
no_reaction,2.0,1.0,1.0,1.0,1.0,0.0,0.0,0.0,,
no_reaction,2.1,1.0,1.0,1.0,1.0,0.0,0.0,0.0,,
no_reaction,2.2,1.0,1.0,1.0,1.0,0.0,0.0,0.0,,
no_reaction,2.3000000000000003,1.0,1.0,1.0,1.0,0.0,0.0,0.0,,
no_reaction,2.4000000000000004,1.0,1.0,1.0,1.0,0.0,0.0,0.0,,
no_reaction,2.5,1.0,1.0,1.0,1.0,0.0,0.0,0.0,,
no_reaction,2.6,1.0,1.0,1.0,1.0,0.0,0.0,0.0,,
no_reaction,2.7,1.0,1.0,1.0,1.0,0.0,0.0,0.0,,
no_reaction,2.8000000000000003,1.0,1.0,1.0,1.0,0.0,0.0,0.0,,
no_reaction,2.9000000000000004,1.0,1.0,1.0,1.0,0.0,0.0,0.0,,
no_reaction,3.0,1.0,1.0,1.0,1.0,0.0,0.0,0.0,,
no_reaction,3.1,1.0,1.0,1.0,1.0,0.0,0.0,0.0,,
no_reaction,3.2,1.0,1.0,1.0,1.0,0.0,0.0,0.0,,
no_reaction,3.3000000000000003,1.0,1.0,1.0,1.0,0.0,0.0,0.0,,
no_reaction,3.4000000000000004,1.0,1.0,1.0,1.0,0.0,0.0,0.0,,
no_reaction,3.5,1.0,1.0,1.0,1.0,0.0,0.0,0.0,,
no_reaction,3.6,1.0,1.0,1.0,1.0,0.0,0.0,0.0,,
no_reaction,3.7,1.0,1.0,1.0,1.0,0.0,0.0,0.0,,
no_reaction,3.8000000000000003,1.0,1.0,1.0,1.0,0.0,0.0,0.0,,
no_reaction,3.9000000000000004,1.0,1.0,1.0,1.0,0.0,0.0,0.0,,
no_reaction,4.0,1.0,1.0,1.0,1.0,0.0,0.0,0.0,,
no_reaction,4.1000000000000005,1.0,1.0,1.0,1.0,0.0,0.0,0.0,,
no_reaction,4.2,1.0,1.0,1.0,1.0,0.0,0.0,0.0,,
no_reaction,4.3,1.0,1.0,1.0,1.0,0.0,0.0,0.0,,
no_reaction,4.4,1.0,1.0,1.0,1.0,0.0,0.0,0.0,,
no_reaction,4.5,1.0,1.0,1.0,1.0,0.0,0.0,0.0,,
no_reaction,4.6000000000000005,1.0,1.0,1.0,1.0,0.0,0.0,0.0,,
no_reaction,4.7,1.0,1.0,1.0,1.0,0.0,0.0,0.0,,
no_reaction,4.800000000000001,1.0,1.0,1.0,1.0,0.0,0.0,0.0,,
no_reaction,4.9,1.0,1.0,1.0,1.0,0.0,0.0,0.0,,
no_reaction,5.0,1.0,1.0,1.0,1.0,0.0,0.0,0.0,,
no_reaction,5.1000000000000005,1.0,1.0,1.0,1.0,0.0,0.0,0.0,,
no_reaction,5.2,1.0,1.0,1.0,1.0,0.0,0.0,0.0,,
no_reaction,5.300000000000001,1.0,1.0,1.0,1.0,0.0,0.0,0.0,,
no_reaction,5.4,1.0,1.0,1.0,1.0,0.0,0.0,0.0,,
no_reaction,5.5,1.0,1.0,1.0,1.0,0.0,0.0,0.0,,
no_reaction,5.6000000000000005,1.0,1.0,1.0,1.0,0.0,0.0,0.0,,
no_reaction,5.7,1.0,1.0,1.0,1.0,0.0,0.0,0.0,,
no_reaction,5.800000000000001,1.0,1.0,1.0,1.0,0.0,0.0,0.0,,
no_reaction,5.9,1.0,1.0,1.0,1.0,0.0,0.0,0.0,,
no_reaction,6.0,1.0,1.0,1.0,1.0,0.0,0.0,0.0,,
no_reaction,6.1000000000000005,1.0,1.0,1.0,1.0,0.0,0.0,0.0,,
no_reaction,6.2,1.0,1.0,1.0,1.0,0.0,0.0,0.0,,
no_reaction,6.300000000000001,1.0,1.0,1.0,1.0,0.0,0.0,0.0,,
no_reaction,6.4,1.0,1.0,1.0,1.0,0.0,0.0,0.0,,
no_reaction,6.5,1.0,1.0,1.0,1.0,0.0,0.0,0.0,,
no_reaction,6.6000000000000005,1.0,1.0,1.0,1.0,0.0,0.0,0.0,,
no_reaction,6.7,1.0,1.0,1.0,1.0,0.0,0.0,0.0,,
no_reaction,6.800000000000001,1.0,1.0,1.0,1.0,0.0,0.0,0.0,,
no_reaction,6.9,1.0,1.0,1.0,1.0,0.0,0.0,0.0,,
no_reaction,7.0,1.0,1.0,1.0,1.0,0.0,0.0,0.0,,
no_reaction,7.1000000000000005,1.0,1.0,1.0,1.0,0.0,0.0,0.0,,
no_reaction,7.2,1.0,1.0,1.0,1.0,0.0,0.0,0.0,,
no_reaction,7.300000000000001,1.0,1.0,1.0,1.0,0.0,0.0,0.0,,
no_reaction,7.4,1.0,1.0,1.0,1.0,0.0,0.0,0.0,,
no_reaction,7.5,1.0,1.0,1.0,1.0,0.0,0.0,0.0,,
no_reaction,7.6000000000000005,1.0,1.0,1.0,1.0,0.0,0.0,0.0,,
no_reaction,7.7,1.0,1.0,1.0,1.0,0.0,0.0,0.0,,
no_reaction,7.800000000000001,1.0,1.0,1.0,1.0,0.0,0.0,0.0,,
no_reaction,7.9,1.0,1.0,1.0,1.0,0.0,0.0,0.0,,
no_reaction,8.0,1.0,1.0,1.0,1.0,0.0,0.0,0.0,,
no_reaction,8.1,1.0,1.0,1.0,1.0,0.0,0.0,0.0,,
no_reaction,8.200000000000001,1.0,1.0,1.0,1.0,0.0,0.0,0.0,,
no_reaction,8.3,1.0,1.0,1.0,1.0,0.0,0.0,0.0,,
no_reaction,8.4,1.0,1.0,1.0,1.0,0.0,0.0,0.0,,
no_reaction,8.5,1.0,1.0,1.0,1.0,0.0,0.0,0.0,,
no_reaction,8.6,1.0,1.0,1.0,1.0,0.0,0.0,0.0,,
no_reaction,8.700000000000001,1.0,1.0,1.0,1.0,0.0,0.0,0.0,,
no_reaction,8.8,1.0,1.0,1.0,1.0,0.0,0.0,0.0,,
no_reaction,8.9,1.0,1.0,1.0,1.0,0.0,0.0,0.0,,
no_reaction,9.0,1.0,1.0,1.0,1.0,0.0,0.0,0.0,,
no_reaction,9.1,1.0,1.0,1.0,1.0,0.0,0.0,0.0,,
no_reaction,9.200000000000001,1.0,1.0,1.0,1.0,0.0,0.0,0.0,,
no_reaction,9.3,1.0,1.0,1.0,1.0,0.0,0.0,0.0,,
no_reaction,9.4,1.0,1.0,1.0,1.0,0.0,0.0,0.0,,
no_reaction,9.5,1.0,1.0,1.0,1.0,0.0,0.0,0.0,,
no_reaction,9.600000000000001,1.0,1.0,1.0,1.0,0.0,0.0,0.0,,
no_reaction,9.700000000000001,1.0,1.0,1.0,1.0,0.0,0.0,0.0,,
no_reaction,9.8,1.0,1.0,1.0,1.0,0.0,0.0,0.0,,
no_reaction,9.9,1.0,1.0,1.0,1.0,0.0,0.0,0.0,,
no_reaction,10.0,1.0,1.0,1.0,1.0,0.0,0.0,0.0,,
no_reaction,10.100000000000001,1.0,1.0,1.0,1.0,0.0,0.0,0.0,,
no_reaction,10.200000000000001,1.0,1.0,1.0,1.0,0.0,0.0,0.0,,
no_reaction,10.3,1.0,1.0,1.0,1.0,0.0,0.0,0.0,,
no_reaction,10.4,1.0,1.0,1.0,1.0,0.0,0.0,0.0,,
no_reaction,10.5,1.0,1.0,1.0,1.0,0.0,0.0,0.0,,
no_reaction,10.600000000000001,1.0,1.0,1.0,1.0,0.0,0.0,0.0,,
no_reaction,10.700000000000001,1.0,1.0,1.0,1.0,0.0,0.0,0.0,,
no_reaction,10.8,1.0,1.0,1.0,1.0,0.0,0.0,0.0,,
no_reaction,10.9,1.0,1.0,1.0,1.0,0.0,0.0,0.0,,
no_reaction,11.0,1.0,1.0,1.0,1.0,0.0,0.0,0.0,,
no_reaction,11.100000000000001,1.0,1.0,1.0,1.0,0.0,0.0,0.0,,
no_reaction,11.200000000000001,1.0,1.0,1.0,1.0,0.0,0.0,0.0,,
no_reaction,11.3,1.0,1.0,1.0,1.0,0.0,0.0,0.0,,
no_reaction,11.4,1.0,1.0,1.0,1.0,0.0,0.0,0.0,,
no_reaction,11.5,1.0,1.0,1.0,1.0,0.0,0.0,0.0,,
no_reaction,11.600000000000001,1.0,1.0,1.0,1.0,0.0,0.0,0.0,,
no_reaction,11.700000000000001,1.0,1.0,1.0,1.0,0.0,0.0,0.0,,
no_reaction,11.8,1.0,1.0,1.0,1.0,0.0,0.0,0.0,,
no_reaction,11.9,1.0,1.0,1.0,1.0,0.0,0.0,0.0,,
no_reaction,12.0,1.0,1.0,1.0,1.0,0.0,0.0,0.0,,
no_reaction,12.100000000000001,1.0,1.0,1.0,1.0,0.0,0.0,0.0,,
no_reaction,12.200000000000001,1.0,1.0,1.0,1.0,0.0,0.0,0.0,,
no_reaction,12.3,1.0,1.0,1.0,1.0,0.0,0.0,0.0,,
no_reaction,12.4,1.0,1.0,1.0,1.0,0.0,0.0,0.0,,
no_reaction,12.5,1.0,1.0,1.0,1.0,0.0,0.0,0.0,,
no_reaction,12.600000000000001,1.0,1.0,1.0,1.0,0.0,0.0,0.0,,
no_reaction,12.700000000000001,1.0,1.0,1.0,1.0,0.0,0.0,0.0,,
no_reaction,12.8,1.0,1.0,1.0,1.0,0.0,0.0,0.0,,
no_reaction,12.9,1.0,1.0,1.0,1.0,0.0,0.0,0.0,,
no_reaction,13.0,1.0,1.0,1.0,1.0,0.0,0.0,0.0,,
no_reaction,13.100000000000001,1.0,1.0,1.0,1.0,0.0,0.0,0.0,,
no_reaction,13.200000000000001,1.0,1.0,1.0,1.0,0.0,0.0,0.0,,
no_reaction,13.3,1.0,1.0,1.0,1.0,0.0,0.0,0.0,,
no_reaction,13.4,1.0,1.0,1.0,1.0,0.0,0.0,0.0,,
no_reaction,13.5,1.0,1.0,1.0,1.0,0.0,0.0,0.0,,
no_reaction,13.600000000000001,1.0,1.0,1.0,1.0,0.0,0.0,0.0,,
no_reaction,13.700000000000001,1.0,1.0,1.0,1.0,0.0,0.0,0.0,,
no_reaction,13.8,1.0,1.0,1.0,1.0,0.0,0.0,0.0,,
no_reaction,13.9,1.0,1.0,1.0,1.0,0.0,0.0,0.0,,
no_reaction,14.0,1.0,1.0,1.0,1.0,0.0,0.0,0.0,,
no_reaction,14.100000000000001,1.0,1.0,1.0,1.0,0.0,0.0,0.0,,
no_reaction,14.200000000000001,1.0,1.0,1.0,1.0,0.0,0.0,0.0,,
no_reaction,14.3,1.0,1.0,1.0,1.0,0.0,0.0,0.0,,
no_reaction,14.4,1.0,1.0,1.0,1.0,0.0,0.0,0.0,,
no_reaction,14.5,1.0,1.0,1.0,1.0,0.0,0.0,0.0,,
no_reaction,14.600000000000001,1.0,1.0,1.0,1.0,0.0,0.0,0.0,,
no_reaction,14.700000000000001,1.0,1.0,1.0,1.0,0.0,0.0,0.0,,
no_reaction,14.8,1.0,1.0,1.0,1.0,0.0,0.0,0.0,,
no_reaction,14.9,1.0,1.0,1.0,1.0,0.0,0.0,0.0,,
no_reaction,15.0,1.0,1.0,1.0,1.0,0.0,0.0,0.0,,
no_reaction,15.100000000000001,1.0,1.0,1.0,1.0,0.0,0.0,0.0,,
no_reaction,15.200000000000001,1.0,1.0,1.0,1.0,0.0,0.0,0.0,,
no_reaction,15.3,1.0,1.0,1.0,1.0,0.0,0.0,0.0,,
no_reaction,15.4,1.0,1.0,1.0,1.0,0.0,0.0,0.0,,
no_reaction,15.5,1.0,1.0,1.0,1.0,0.0,0.0,0.0,,
no_reaction,15.600000000000001,1.0,1.0,1.0,1.0,0.0,0.0,0.0,,
no_reaction,15.700000000000001,1.0,1.0,1.0,1.0,0.0,0.0,0.0,,
no_reaction,15.8,1.0,1.0,1.0,1.0,0.0,0.0,0.0,,
no_reaction,15.9,1.0,1.0,1.0,1.0,0.0,0.0,0.0,,
no_reaction,16.0,1.0,1.0,1.0,1.0,0.0,0.0,0.0,,
no_reaction,16.1,1.0,1.0,1.0,1.0,0.0,0.0,0.0,,
no_reaction,16.2,1.0,1.0,1.0,1.0,0.0,0.0,0.0,,
no_reaction,16.3,1.0,1.0,1.0,1.0,0.0,0.0,0.0,,
no_reaction,16.400000000000002,1.0,1.0,1.0,1.0,0.0,0.0,0.0,,
no_reaction,16.5,1.0,1.0,1.0,1.0,0.0,0.0,0.0,,
no_reaction,16.6,1.0,1.0,1.0,1.0,0.0,0.0,0.0,,
no_reaction,16.7,1.0,1.0,1.0,1.0,0.0,0.0,0.0,,
no_reaction,16.8,1.0,1.0,1.0,1.0,0.0,0.0,0.0,,
no_reaction,16.900000000000002,1.0,1.0,1.0,1.0,0.0,0.0,0.0,,
no_reaction,17.0,1.0,1.0,1.0,1.0,0.0,0.0,0.0,,
no_reaction,17.1,1.0,1.0,1.0,1.0,0.0,0.0,0.0,,
no_reaction,17.2,1.0,1.0,1.0,1.0,0.0,0.0,0.0,,
no_reaction,17.3,1.0,1.0,1.0,1.0,0.0,0.0,0.0,,
no_reaction,17.400000000000002,1.0,1.0,1.0,1.0,0.0,0.0,0.0,,
no_reaction,17.5,1.0,1.0,1.0,1.0,0.0,0.0,0.0,,
no_reaction,17.6,1.0,1.0,1.0,1.0,0.0,0.0,0.0,,
no_reaction,17.7,1.0,1.0,1.0,1.0,0.0,0.0,0.0,,
no_reaction,17.8,1.0,1.0,1.0,1.0,0.0,0.0,0.0,,
no_reaction,17.900000000000002,1.0,1.0,1.0,1.0,0.0,0.0,0.0,,
no_reaction,18.0,1.0,1.0,1.0,1.0,0.0,0.0,0.0,,
no_reaction,18.1,1.0,1.0,1.0,1.0,0.0,0.0,0.0,,
no_reaction,18.2,1.0,1.0,1.0,1.0,0.0,0.0,0.0,,
no_reaction,18.3,1.0,1.0,1.0,1.0,0.0,0.0,0.0,,
no_reaction,18.400000000000002,1.0,1.0,1.0,1.0,0.0,0.0,0.0,,
no_reaction,18.5,1.0,1.0,1.0,1.0,0.0,0.0,0.0,,
no_reaction,18.6,1.0,1.0,1.0,1.0,0.0,0.0,0.0,,
no_reaction,18.7,1.0,1.0,1.0,1.0,0.0,0.0,0.0,,
no_reaction,18.8,1.0,1.0,1.0,1.0,0.0,0.0,0.0,,
no_reaction,18.900000000000002,1.0,1.0,1.0,1.0,0.0,0.0,0.0,,
no_reaction,19.0,1.0,1.0,1.0,1.0,0.0,0.0,0.0,,
no_reaction,19.1,1.0,1.0,1.0,1.0,0.0,0.0,0.0,,
no_reaction,19.200000000000003,1.0,1.0,1.0,1.0,0.0,0.0,0.0,,
no_reaction,19.3,1.0,1.0,1.0,1.0,0.0,0.0,0.0,,
no_reaction,19.400000000000002,1.0,1.0,1.0,1.0,0.0,0.0,0.0,,
no_reaction,19.5,1.0,1.0,1.0,1.0,0.0,0.0,0.0,,
no_reaction,19.6,1.0,1.0,1.0,1.0,0.0,0.0,0.0,,
no_reaction,19.700000000000003,1.0,1.0,1.0,1.0,0.0,0.0,0.0,,
no_reaction,19.8,1.0,1.0,1.0,1.0,0.0,0.0,0.0,,
no_reaction,19.900000000000002,1.0,1.0,1.0,1.0,0.0,0.0,0.0,,
no_reaction,20.0,1.0,1.0,1.0,1.0,0.0,0.0,0.0,,
