Isothermal temperature [K]: 1164						1098						994						994						994						994						994						942						917						891						867						841					
Time [s]	Temperature [K]	Norm. porosity	Error	Length [m]	Error	Time [s]	Temperature [K]	Norm. porosity	Error	Length [m]	Error	Time [s]	Temperature [K]	Norm. porosity	Error	Length [m]	Error	Time [s]	Temperature [K]	Norm. porosity	Error	Length [m]	Error	Time [s]	Temperature [K]	Norm. porosity	Error	Length [m]	Error	Time [s]	Temperature [K]	Norm. porosity	Error	Length [m]	Error	Time [s]	Temperature [K]	Norm. porosity	Error	Length [m]	Error	Time [s]	Temperature [K]	Norm. porosity	Error	Length [m]	Error	Time [s]	Temperature [K]	Norm. porosity	Error	Length [m]	Error	Time [s]	Temperature [K]	Norm. porosity	Error	Length [m]	Error	Time [s]	Temperature [K]	Norm. porosity	Error	Length [m]	Error	Time [s]	Temperature [K]	Norm. porosity	Error	Length [m]	Error
0	823	1.000e+00	0.000e+00	2.980e-03	5.000e-05	0	823	1.000e+00	0.000e+00	2.980e-03	5.000e-05	0	823	1.000e+00	2.258e-02	2.980e-03	5.000e-05	0	823	1.000e+00	2.172e-02	2.980e-03	5.000e-05	0	823	1.000e+00	2.411e-02	2.980e-03	5.000e-05	0	823	1.000e+00	0.000e+00	2.980e-03	5.000e-05	0	823	1.000e+00	0.000e+00	2.980e-03	5.000e-05	0	823	1.000e+00	2.593e-02	2.980e-03	5.000e-05	0	823	1.000e+00	2.809e-02	2.980e-03	5.000e-05	0	823	1.000e+00	0.000e+00	2.980e-03	5.000e-05	0	823	1.000e+00	0.000e+00	2.980e-03	5.000e-05	0	823	1.000e+00	0.000e+00	2.980e-03	5.000e-05
29	828	9.989e-01	3.831e-05	2.980e-03	5.000e-05	36	829	9.879e-01	5.941e-05	2.980e-03	5.000e-05	15	825	9.964e-01	2.273e-02	2.928e-03	4.913e-05	3	823	9.989e-01	2.169e-02	2.980e-03	5.000e-05	9	825	1.000e+00	2.411e-02	2.980e-03	5.000e-05	18	826	9.886e-01	2.974e-05	2.980e-03	5.000e-05	28	828	1.001e+00	4.394e-05	2.980e-03	5.000e-05	5	823	1.001e+00	2.595e-02	2.980e-03	5.000e-05	10	824	9.993e-01	2.807e-02	2.980e-03	5.000e-05	28	828	9.890e-01	1.312e-05	2.980e-03	5.000e-05	6	824	9.889e-01	1.215e-05	2.980e-03	5.000e-05	45	828	1.010e+00	1.993e-05	2.980e-03	5.000e-05
50	831	9.882e-01	4.148e-05	2.980e-03	5.000e-05	96	840	9.904e-01	3.557e-05	2.980e-03	5.000e-05	29	828	1.000e+00	2.258e-02	2.980e-03	5.000e-05	29	828	9.987e-01	2.169e-02	2.980e-03	5.000e-05	27	828	9.986e-01	2.407e-02	2.980e-03	5.000e-05	28	828	9.882e-01	4.292e-05	2.980e-03	5.000e-05	56	833	1.001e+00	5.127e-05	2.980e-03	5.000e-05	29	828	1.000e+00	2.593e-02	2.980e-03	5.000e-05	28	828	9.992e-01	2.807e-02	2.980e-03	5.000e-05	57	833	9.902e-01	2.829e-05	2.980e-03	5.000e-05	28	828	9.777e-01	1.792e-05	2.980e-03	5.000e-05	116	832	1.020e+00	3.884e-05	3.006e-03	5.043e-05
58	833	1.000e+00	1.750e-05	2.980e-03	5.000e-05	156	850	1.012e+00	3.900e-05	2.980e-03	5.000e-05	58	833	1.012e+00	2.264e-02	2.980e-03	5.000e-05	58	833	1.002e+00	2.177e-02	2.980e-03	5.000e-05	55	833	9.895e-01	2.409e-02	2.980e-03	5.000e-05	57	833	9.893e-01	1.534e-06	2.980e-03	5.000e-05	86	838	1.002e+00	7.309e-05	2.980e-03	5.000e-05	58	833	1.001e+00	2.595e-02	2.980e-03	5.000e-05	56	833	1.001e+00	2.813e-02	2.980e-03	5.000e-05	87	838	9.911e-01	6.297e-05	2.980e-03	5.000e-05	56	833	9.779e-01	1.085e-05	2.980e-03	5.000e-05	117	833	1.000e+00	1.861e-06	2.980e-03	5.000e-05
86	838	9.957e-01	1.583e-04	2.980e-03	5.000e-05	216	860	1.004e+00	1.257e-04	2.980e-03	5.000e-05	87	838	9.987e-01	2.254e-02	2.980e-03	5.000e-05	87	838	1.000e+00	2.173e-02	2.980e-03	5.000e-05	84	838	9.894e-01	2.409e-02	2.980e-03	5.000e-05	85	838	1.001e+00	2.752e-05	2.980e-03	5.000e-05	114	843	1.001e+00	4.407e-05	2.980e-03	5.000e-05	87	838	1.001e+00	2.597e-02	2.980e-03	5.000e-05	86	838	9.750e-01	2.801e-02	2.980e-03	5.000e-05	116	843	1.001e+00	2.757e-05	2.980e-03	5.000e-05	84	838	9.775e-01	2.692e-05	2.980e-03	5.000e-05	236	837	1.021e+00	1.276e-05	3.006e-03	5.043e-05
116	843	9.999e-01	4.560e-06	2.980e-03	5.000e-05	276	870	1.004e+00	1.084e-04	2.980e-03	5.000e-05	105	841	1.012e+00	2.263e-02	2.980e-03	5.000e-05	93	838	1.002e+00	2.177e-02	2.980e-03	5.000e-05	99	840	9.794e-01	2.410e-02	2.980e-03	5.000e-05	113	843	1.001e+00	3.507e-05	2.980e-03	5.000e-05	142	848	1.002e+00	8.080e-05	2.980e-03	5.000e-05	95	839	1.002e+00	2.598e-02	2.980e-03	5.000e-05	100	840	1.014e+00	2.819e-02	2.980e-03	5.000e-05	118	843	9.995e-01	1.694e-05	2.980e-03	5.000e-05	112	843	9.542e-01	5.266e-05	2.980e-03	5.000e-05	280	838	1.012e+00	3.939e-05	2.980e-03	5.000e-05
140	847	9.988e-01	4.275e-05	2.980e-03	5.000e-05	288	873	9.911e-01	5.752e-05	2.980e-03	5.000e-05	117	843	1.010e+00	2.259e-02	2.980e-03	5.000e-05	116	843	1.001e+00	2.174e-02	2.980e-03	5.000e-05	112	843	1.002e+00	2.415e-02	2.980e-03	5.000e-05	138	847	9.905e-01	4.032e-05	2.980e-03	5.000e-05	148	849	1.003e+00	9.553e-05	2.980e-03	5.000e-05	115	843	1.002e+00	2.599e-02	2.980e-03	5.000e-05	114	843	1.013e+00	2.816e-02	2.980e-03	5.000e-05	145	848	9.910e-01	5.925e-05	2.980e-03	5.000e-05	126	845	9.775e-01	2.531e-05	2.980e-03	5.000e-05	356	838	1.011e+00	5.164e-06	2.980e-03	5.000e-05
145	848	9.996e-01	1.474e-05	2.980e-03	5.000e-05	336	881	1.001e+00	3.589e-05	2.980e-03	5.000e-05	144	848	1.013e+00	2.266e-02	2.980e-03	5.000e-05	146	848	1.002e+00	2.178e-02	2.980e-03	5.000e-05	141	848	9.788e-01	2.408e-02	2.980e-03	5.000e-05	141	848	1.001e+00	4.830e-05	2.980e-03	5.000e-05	170	853	1.003e+00	1.175e-04	2.980e-03	5.000e-05	144	848	1.003e+00	2.600e-02	2.980e-03	5.000e-05	142	848	1.040e+00	2.810e-02	3.058e-03	5.130e-05	173	853	9.910e-01	5.925e-05	2.980e-03	5.000e-05	147	848	9.674e-01	1.289e-05	2.980e-03	5.000e-05	476	839	1.020e+00	2.144e-05	3.006e-03	5.043e-05
174	853	9.906e-01	4.340e-05	2.980e-03	5.000e-05	396	891	1.014e+00	9.134e-05	2.980e-03	5.000e-05	173	853	1.011e+00	2.261e-02	2.980e-03	5.000e-05	175	853	1.002e+00	2.177e-02	2.980e-03	5.000e-05	169	853	9.896e-01	2.410e-02	2.980e-03	5.000e-05	169	853	9.907e-01	4.749e-05	2.980e-03	5.000e-05	199	858	1.004e+00	1.395e-04	2.980e-03	5.000e-05	172	853	1.002e+00	2.599e-02	2.980e-03	5.000e-05	171	853	1.015e+00	2.824e-02	2.980e-03	5.000e-05	203	858	1.001e+00	2.683e-05	2.980e-03	5.000e-05	188	853	9.783e-01	3.601e-06	2.980e-03	5.000e-05	596	840	1.021e+00	2.696e-07	2.980e-03	5.000e-05
202	858	1.002e+00	7.704e-05	2.980e-03	5.000e-05	456	901	9.953e-01	1.820e-04	2.980e-03	5.000e-05	195	856	1.012e+00	2.263e-02	2.980e-03	5.000e-05	183	854	1.002e+00	2.176e-02	2.980e-03	5.000e-05	189	856	9.780e-01	2.406e-02	2.980e-03	5.000e-05	197	858	1.001e+00	3.396e-05	2.980e-03	5.000e-05	227	863	1.004e+00	1.262e-04	2.980e-03	5.000e-05	185	855	1.004e+00	2.605e-02	2.980e-03	5.000e-05	190	856	9.896e-01	2.811e-02	2.980e-03	5.000e-05	230	863	1.000e+00	1.385e-05	2.980e-03	5.000e-05	245	858	9.896e-01	1.452e-05	2.980e-03	5.000e-05	716	840	1.029e+00	8.698e-05	3.006e-03	5.043e-05
230	863	1.002e+00	8.682e-05	2.980e-03	5.000e-05	516	912	9.994e-01	5.810e-05	2.980e-03	5.000e-05	202	858	1.013e+00	2.266e-02	2.980e-03	5.000e-05	204	858	1.005e+00	2.184e-02	2.980e-03	5.000e-05	197	858	9.793e-01	2.410e-02	2.980e-03	5.000e-05	226	863	1.000e+00	1.364e-06	2.980e-03	5.000e-05	257	868	1.004e+00	1.392e-04	2.980e-03	5.000e-05	202	858	1.003e+00	2.601e-02	3.006e-03	5.043e-05	200	858	1.002e+00	2.815e-02	2.980e-03	5.000e-05	238	864	9.897e-01	1.209e-05	2.980e-03	5.000e-05	246	858	9.896e-01	1.212e-05	2.980e-03	5.000e-05	836	840	1.020e+00	3.441e-05	2.980e-03	5.000e-05
260	868	1.002e+00	5.548e-05	2.980e-03	5.000e-05	576	922	9.934e-01	2.906e-04	2.955e-03	4.957e-05	230	863	1.012e+00	2.264e-02	2.980e-03	5.000e-05	232	863	1.003e+00	2.179e-02	2.980e-03	5.000e-05	226	863	9.771e-01	2.404e-02	2.980e-03	5.000e-05	255	868	1.002e+00	5.473e-05	2.980e-03	5.000e-05	268	870	1.005e+00	1.692e-04	2.980e-03	5.000e-05	230	863	9.921e-01	2.599e-02	2.980e-03	5.000e-05	227	863	9.897e-01	2.811e-02	2.980e-03	5.000e-05	260	868	9.798e-01	4.423e-05	2.980e-03	5.000e-05	360	863	9.783e-01	1.412e-06	2.980e-03	5.000e-05	956	840	1.008e+00	8.044e-05	2.980e-03	5.000e-05
290	873	9.909e-01	5.403e-05	2.980e-03	5.000e-05	582	923	9.878e-01	6.518e-04	3.056e-03	5.128e-05	259	868	1.011e+00	2.261e-02	2.980e-03	5.000e-05	262	868	1.002e+00	2.178e-02	2.980e-03	5.000e-05	254	868	9.890e-01	2.408e-02	2.980e-03	5.000e-05	258	868	1.002e+00	7.620e-05	2.980e-03	5.000e-05	284	873	1.004e+00	1.554e-04	2.980e-03	5.000e-05	259	868	9.933e-01	2.602e-02	2.980e-03	5.000e-05	257	868	1.014e+00	2.820e-02	2.980e-03	5.000e-05	295	873	9.993e-01	2.327e-05	2.980e-03	5.000e-05	366	863	9.777e-01	1.908e-05	2.980e-03	5.000e-05	1076	840	1.009e+00	4.569e-05	2.980e-03	5.000e-05
318	878	1.002e+00	6.912e-05	2.980e-03	5.000e-05	636	932	9.754e-01	1.156e-03	3.031e-03	5.085e-05	285	872	1.012e+00	2.264e-02	2.980e-03	5.000e-05	273	870	1.002e+00	2.177e-02	2.980e-03	5.000e-05	279	872	9.902e-01	2.411e-02	2.980e-03	5.000e-05	283	873	1.002e+00	5.572e-05	2.980e-03	5.000e-05	313	878	1.002e+00	6.784e-05	2.980e-03	5.000e-05	275	870	1.006e+00	2.609e-02	2.980e-03	5.000e-05	280	872	1.001e+00	2.811e-02	2.980e-03	5.000e-05	340	878	9.894e-01	4.894e-07	2.980e-03	5.000e-05	486	865	9.897e-01	1.760e-05	2.980e-03	5.000e-05	1196	840	1.010e+00	3.580e-05	2.980e-03	5.000e-05
320	878	9.901e-01	2.558e-05	2.954e-03	4.957e-05	696	942	9.400e-01	1.885e-03	2.929e-03	4.915e-05	288	873	1.010e+00	2.258e-02	2.980e-03	5.000e-05	290	873	1.002e+00	2.176e-02	2.980e-03	5.000e-05	283	873	1.000e+00	2.412e-02	2.980e-03	5.000e-05	313	878	1.001e+00	3.581e-05	2.980e-03	5.000e-05	342	883	1.003e+00	9.666e-05	2.980e-03	5.000e-05	289	873	1.005e+00	2.607e-02	2.980e-03	5.000e-05	285	873	1.015e+00	2.822e-02	2.980e-03	5.000e-05	358	879	9.772e-01	4.827e-05	2.980e-03	5.000e-05	606	866	9.897e-01	1.697e-05	2.980e-03	5.000e-05	1316	841	1.009e+00	4.983e-05	2.980e-03	5.000e-05
348	883	1.000e+00	2.712e-06	2.980e-03	5.000e-05	756	953	8.854e-01	3.493e-03	2.980e-03	5.000e-05	317	878	1.013e+00	2.265e-02	2.980e-03	5.000e-05	318	878	1.001e+00	2.173e-02	2.980e-03	5.000e-05	312	878	9.890e-01	2.408e-02	2.980e-03	5.000e-05	342	883	1.002e+00	6.917e-05	2.980e-03	5.000e-05	370	888	1.015e+00	1.535e-04	3.007e-03	5.046e-05	317	878	1.004e+00	2.604e-02	2.980e-03	5.000e-05	313	878	1.002e+00	2.815e-02	2.980e-03	5.000e-05	408	883	9.760e-01	9.083e-05	2.980e-03	5.000e-05	726	866	9.878e-01	5.280e-05	3.006e-03	5.043e-05	1436	841	1.009e+00	6.662e-05	2.980e-03	5.000e-05
376	888	9.892e-01	4.994e-06	2.954e-03	4.957e-05	816	963	8.038e-01	6.023e-03	2.853e-03	4.786e-05	346	883	1.012e+00	2.263e-02	2.980e-03	5.000e-05	347	883	1.001e+00	2.173e-02	2.980e-03	5.000e-05	339	883	9.884e-01	2.406e-02	2.980e-03	5.000e-05	369	888	9.998e-01	6.085e-06	2.980e-03	5.000e-05	388	891	1.014e+00	9.918e-05	3.007e-03	5.046e-05	345	883	1.004e+00	2.604e-02	2.980e-03	5.000e-05	342	883	1.002e+00	2.814e-02	2.980e-03	5.000e-05	478	885	9.970e-01	1.094e-04	2.980e-03	5.000e-05	846	866	9.877e-01	5.685e-05	3.006e-03	5.043e-05	1556	841	1.008e+00	9.503e-05	2.980e-03	5.000e-05
405	893	9.841e-01	1.912e-04	2.954e-03	4.957e-05	876	973	6.767e-01	9.581e-03	2.776e-03	4.658e-05	374	888	1.011e+00	2.261e-02	2.980e-03	5.000e-05	363	885	1.001e+00	2.173e-02	2.980e-03	5.000e-05	368	888	9.870e-01	2.402e-02	2.980e-03	5.000e-05	378	889	9.996e-01	1.341e-05	2.980e-03	5.000e-05	399	893	1.012e+00	3.748e-05	3.007e-03	5.046e-05	365	886	1.002e+00	2.600e-02	2.980e-03	5.000e-05	370	888	1.000e+00	2.810e-02	2.980e-03	5.000e-05	568	888	9.838e-01	2.026e-04	2.980e-03	5.000e-05	966	866	9.866e-01	9.543e-05	3.006e-03	5.043e-05	1676	840	1.008e+00	7.793e-05	2.980e-03	5.000e-05
410	893	9.741e-01	1.634e-04	2.954e-03	4.957e-05	936	983	5.445e-01	1.406e-02	2.700e-03	4.530e-05	375	888	1.009e+00	2.256e-02	2.980e-03	5.000e-05	377	888	1.001e+00	2.174e-02	2.980e-03	5.000e-05	369	888	9.863e-01	2.400e-02	2.980e-03	5.000e-05	397	893	9.994e-01	1.815e-05	2.980e-03	5.000e-05	428	898	1.010e+00	3.815e-05	3.007e-03	5.046e-05	374	888	1.001e+00	2.597e-02	2.980e-03	5.000e-05	400	893	9.983e-01	2.804e-02	2.980e-03	5.000e-05	598	888	9.842e-01	1.885e-04	2.980e-03	5.000e-05	1086	866	9.861e-01	1.129e-04	3.006e-03	5.043e-05	1796	841	1.009e+00	7.090e-05	2.980e-03	5.000e-05
433	898	9.734e-01	1.882e-04	2.954e-03	4.957e-05	996	993	4.118e-01	2.013e-02	2.700e-03	4.530e-05	402	893	1.007e+00	2.251e-02	2.980e-03	5.000e-05	405	893	1.000e+00	2.172e-02	2.980e-03	5.000e-05	396	893	9.848e-01	2.396e-02	2.980e-03	5.000e-05	426	898	9.860e-01	1.179e-04	2.980e-03	5.000e-05	456	903	1.007e+00	1.590e-04	3.007e-03	5.046e-05	404	893	9.890e-01	2.590e-02	2.980e-03	5.000e-05	434	898	9.964e-01	2.799e-02	2.980e-03	5.000e-05	718	889	9.594e-01	2.962e-04	2.955e-03	4.957e-05	1206	866	1.005e+00	2.058e-04	3.032e-03	5.087e-05	1916	840	1.009e+00	7.115e-05	2.980e-03	5.000e-05
463	903	9.827e-01	2.454e-04	2.954e-03	4.957e-05	1056	1003	2.698e-01	2.489e-02	2.547e-03	4.274e-05	433	898	1.005e+00	2.245e-02	2.980e-03	5.000e-05	435	898	9.983e-01	2.167e-02	2.980e-03	5.000e-05	425	898	9.924e-01	2.389e-02	2.980e-03	5.000e-05	455	903	9.733e-01	1.849e-04	2.980e-03	5.000e-05	485	908	1.004e+00	2.464e-04	3.007e-03	5.046e-05	432	898	9.871e-01	2.585e-02	2.980e-03	5.000e-05	460	901	9.827e-01	2.790e-02	2.954e-03	4.957e-05	838	890	9.667e-01	4.296e-04	2.955e-03	4.957e-05	1326	866	1.016e+00	1.839e-04	3.032e-03	5.087e-05	2036	840	1.010e+00	2.268e-05	2.980e-03	5.000e-05
491	908	9.785e-01	3.971e-04	2.954e-03	4.957e-05	1116	1014	2.170e-01	2.709e-02	2.522e-03	4.231e-05	462	903	1.004e+00	2.242e-02	2.980e-03	5.000e-05	453	901	9.874e-01	2.164e-02	2.954e-03	4.956e-05	454	903	9.801e-01	2.383e-02	2.980e-03	5.000e-05	484	908	9.707e-01	2.832e-04	2.954e-03	4.957e-05	508	912	9.895e-01	3.820e-04	3.007e-03	5.046e-05	455	902	9.740e-01	2.576e-02	2.980e-03	5.000e-05	474	903	9.810e-01	2.785e-02	2.954e-03	4.957e-05	958	890	9.744e-01	5.446e-04	2.955e-03	4.957e-05	1446	867	9.962e-01	1.380e-04	3.006e-03	5.043e-05	2156	840	1.009e+00	6.387e-05	2.980e-03	5.000e-05
500	909	9.769e-01	4.563e-04	2.954e-03	4.957e-05	1170	1023	1.808e-01	2.830e-02	2.496e-03	4.188e-05	465	903	1.002e+00	2.237e-02	2.980e-03	5.000e-05	463	903	9.858e-01	2.159e-02	2.954e-03	4.956e-05	459	903	9.904e-01	2.384e-02	3.006e-03	5.044e-05	498	910	9.667e-01	4.275e-04	2.954e-03	4.957e-05	515	913	9.784e-01	3.772e-04	2.980e-03	5.000e-05	460	903	9.736e-01	2.575e-02	2.980e-03	5.000e-05	532	908	1.001e+00	2.781e-02	2.980e-03	5.000e-05	1078	890	9.595e-01	6.936e-04	2.955e-03	4.957e-05	1566	867	9.943e-01	2.079e-04	3.006e-03	5.043e-05	2276	840	1.019e+00	6.451e-05	2.980e-03	5.000e-05
520	913	9.758e-01	4.988e-04	2.954e-03	4.957e-05	1176	1024	1.777e-01	2.848e-02	2.496e-03	4.188e-05	490	908	9.931e-01	2.238e-02	2.954e-03	4.957e-05	492	908	9.831e-01	2.152e-02	2.954e-03	4.956e-05	483	908	9.778e-01	2.377e-02	2.980e-03	5.000e-05	511	913	9.766e-01	4.620e-04	2.954e-03	4.957e-05	543	918	9.856e-01	5.253e-04	2.980e-03	5.000e-05	490	908	9.912e-01	2.568e-02	2.980e-03	5.000e-05	550	908	9.724e-01	2.759e-02	2.980e-03	5.000e-05	1198	890	9.701e-01	7.037e-04	2.955e-03	4.957e-05	1686	867	1.005e+00	2.091e-04	3.006e-03	5.043e-05	2396	841	1.020e+00	3.003e-05	2.980e-03	5.000e-05
548	918	9.500e-01	6.461e-04	2.929e-03	4.914e-05	1214	1030	1.651e-01	2.917e-02	2.496e-03	4.188e-05	519	913	9.936e-01	2.238e-02	2.928e-03	4.913e-05	521	913	9.810e-01	2.146e-02	2.954e-03	4.956e-05	512	913	9.724e-01	2.362e-02	2.980e-03	5.000e-05	540	918	9.724e-01	6.164e-04	2.954e-03	4.957e-05	571	923	9.797e-01	7.432e-04	2.980e-03	5.000e-05	519	913	9.657e-01	2.553e-02	2.980e-03	5.000e-05	640	912	9.630e-01	2.731e-02	2.954e-03	4.957e-05	1318	890	9.685e-01	7.612e-04	2.955e-03	4.957e-05	1806	867	1.005e+00	1.963e-04	3.006e-03	5.043e-05	2516	841	1.019e+00	7.871e-05	2.980e-03	5.000e-05
577	923	9.409e-01	9.864e-04	2.929e-03	4.914e-05	1236	1034	1.613e-01	2.940e-02	2.496e-03	4.188e-05	549	918	9.917e-01	2.233e-02	2.928e-03	4.913e-05	543	916	9.764e-01	2.134e-02	2.954e-03	4.956e-05	539	918	9.580e-01	2.350e-02	2.954e-03	4.956e-05	570	923	9.544e-01	8.792e-04	2.929e-03	4.914e-05	600	928	9.735e-01	9.728e-04	2.980e-03	5.000e-05	545	917	9.631e-01	2.546e-02	2.980e-03	5.000e-05	641	913	9.927e-01	2.725e-02	3.032e-03	5.087e-05	1438	890	9.760e-01	8.750e-04	2.955e-03	4.957e-05	1926	867	9.935e-01	2.360e-04	3.006e-03	5.043e-05	2636	841	1.018e+00	1.085e-04	2.980e-03	5.000e-05
590	925	9.481e-01	1.127e-03	2.929e-03	4.914e-05	1274	1040	1.535e-01	2.980e-02	2.496e-03	4.188e-05	555	919	9.860e-01	2.218e-02	2.954e-03	4.957e-05	550	918	9.729e-01	2.125e-02	2.954e-03	4.956e-05	549	919	9.425e-01	2.336e-02	2.954e-03	4.956e-05	599	928	9.325e-01	1.284e-03	2.929e-03	4.914e-05	628	932	9.548e-01	1.252e-03	2.953e-03	4.954e-05	547	918	9.735e-01	2.546e-02	2.980e-03	5.000e-05	730	914	9.375e-01	2.687e-02	2.928e-03	4.913e-05	1558	890	9.739e-01	9.552e-04	2.955e-03	4.957e-05	2046	866	9.922e-01	2.858e-04	3.006e-03	5.043e-05	2756	841	1.019e+00	8.974e-05	2.980e-03	5.000e-05
606	928	9.437e-01	1.293e-03	2.929e-03	4.914e-05	1296	1044	1.495e-01	3.003e-02	2.496e-03	4.188e-05	577	923	9.915e-01	2.207e-02	2.954e-03	4.957e-05	579	923	9.591e-01	2.113e-02	2.927e-03	4.912e-05	569	923	9.492e-01	2.325e-02	2.954e-03	4.956e-05	618	931	9.358e-01	1.577e-03	2.929e-03	4.914e-05	630	933	9.539e-01	1.284e-03	2.953e-03	4.954e-05	581	923	9.546e-01	2.521e-02	2.954e-03	4.957e-05	820	915	9.164e-01	2.658e-02	2.954e-03	4.957e-05	1678	890	9.711e-01	1.057e-03	2.955e-03	4.957e-05	2166	866	9.902e-01	3.566e-04	3.006e-03	5.043e-05	2876	841	1.018e+00	1.016e-04	2.980e-03	5.000e-05
636	933	9.208e-01	1.746e-03	2.903e-03	4.871e-05	1356	1054	1.101e-01	3.043e-02	2.471e-03	4.145e-05	606	928	9.837e-01	2.186e-02	2.954e-03	4.957e-05	607	928	9.491e-01	2.086e-02	2.927e-03	4.912e-05	597	928	9.542e-01	2.309e-02	2.954e-03	4.956e-05	628	933	9.221e-01	1.677e-03	2.903e-03	4.871e-05	657	938	9.379e-01	1.892e-03	2.953e-03	4.954e-05	622	928	9.530e-01	2.487e-02	2.954e-03	4.957e-05	910	915	9.548e-01	2.641e-02	3.006e-03	5.043e-05	1798	890	9.586e-01	1.127e-03	2.929e-03	4.915e-05	2286	866	9.904e-01	3.496e-04	3.006e-03	5.043e-05	2996	841	1.018e+00	1.079e-04	2.980e-03	5.000e-05
665	938	8.925e-01	2.407e-03	2.903e-03	4.871e-05							635	933	9.659e-01	2.162e-02	2.928e-03	4.913e-05	633	932	9.367e-01	2.053e-02	2.927e-03	4.912e-05	626	933	9.241e-01	2.283e-02	2.928e-03	4.912e-05	657	938	8.978e-01	2.179e-03	2.903e-03	4.871e-05	688	943	9.098e-01	2.536e-03	2.925e-03	4.908e-05	635	929	9.403e-01	2.480e-02	2.954e-03	4.957e-05	1000	916	9.151e-01	2.617e-02	2.928e-03	4.913e-05	1918	891	9.577e-01	1.163e-03	2.929e-03	4.915e-05	2406	866	9.891e-01	3.992e-04	3.006e-03	5.043e-05	3116	840	1.020e+00	4.782e-05	2.980e-03	5.000e-05
680	940	8.935e-01	2.809e-03	2.903e-03	4.871e-05							645	934	9.615e-01	2.149e-02	2.928e-03	4.913e-05	636	933	9.352e-01	2.050e-02	2.927e-03	4.912e-05	639	935	9.162e-01	2.260e-02	2.954e-03	4.956e-05	685	943	8.808e-01	2.834e-03	2.877e-03	4.828e-05	716	948	8.843e-01	3.076e-03	2.898e-03	4.862e-05	679	933	9.051e-01	2.439e-02	2.928e-03	4.913e-05	1090	916	8.867e-01	2.564e-02	2.928e-03	4.913e-05	2038	891	9.570e-01	1.190e-03	2.929e-03	4.915e-05	2526	866	1.000e+00	3.765e-04	3.006e-03	5.043e-05	3236	841	1.018e+00	1.055e-04	2.980e-03	5.000e-05
693	943	8.766e-01	3.034e-03	2.877e-03	4.828e-05							664	938	9.470e-01	2.135e-02	2.902e-03	4.870e-05	664	938	9.185e-01	2.028e-02	2.901e-03	4.867e-05	654	938	8.779e-01	2.212e-02	2.954e-03	4.956e-05	715	948	8.078e-01	3.865e-03	2.852e-03	4.784e-05	746	953	8.556e-01	4.226e-03	2.898e-03	4.862e-05	725	935	9.028e-01	2.400e-02	2.928e-03	4.913e-05	1180	916	8.841e-01	2.520e-02	2.980e-03	5.000e-05	2158	891	9.514e-01	1.396e-03	2.929e-03	4.915e-05	2646	867	9.990e-01	4.236e-04	3.006e-03	5.043e-05	3356	841	1.017e+00	1.428e-04	2.980e-03	5.000e-05
723	948	8.339e-01	3.819e-03	2.852e-03	4.784e-05							692	943	9.362e-01	2.076e-02	2.902e-03	4.870e-05	693	943	8.927e-01	1.983e-02	2.875e-03	4.823e-05	684	943	8.909e-01	2.184e-02	2.902e-03	4.868e-05	738	952	8.133e-01	4.611e-03	2.826e-03	4.741e-05	748	953	8.435e-01	4.233e-03	2.871e-03	4.817e-05	797	938	8.754e-01	2.317e-02	2.902e-03	4.870e-05	1270	916	8.551e-01	2.501e-02	2.902e-03	4.870e-05	2278	891	9.392e-01	1.451e-03	2.929e-03	4.915e-05	2766	867	1.001e+00	3.670e-04	3.006e-03	5.043e-05	3476	841	1.017e+00	1.330e-04	2.980e-03	5.000e-05
751	953	8.062e-01	4.958e-03	2.826e-03	4.741e-05							722	948	9.143e-01	2.041e-02	2.876e-03	4.826e-05	721	948	8.602e-01	1.919e-02	2.848e-03	4.779e-05	712	948	8.615e-01	2.128e-02	2.875e-03	4.825e-05	744	953	8.101e-01	4.740e-03	2.826e-03	4.741e-05	773	958	8.193e-01	5.227e-03	2.871e-03	4.817e-05	815	938	8.604e-01	2.304e-02	2.876e-03	4.826e-05	1360	916	8.453e-01	2.469e-02	2.902e-03	4.870e-05	2398	891	9.473e-01	1.552e-03	2.929e-03	4.915e-05	2886	867	9.875e-01	4.556e-04	3.006e-03	5.043e-05	3596	841	1.018e+00	1.080e-04	2.980e-03	5.000e-05
770	956	7.832e-01	5.921e-03	2.826e-03	4.741e-05							735	950	9.082e-01	2.023e-02	2.876e-03	4.826e-05	723	948	8.595e-01	1.917e-02	2.848e-03	4.779e-05	729	951	8.055e-01	2.062e-02	2.875e-03	4.825e-05	772	958	7.424e-01	6.044e-03	2.774e-03	4.655e-05	803	963	7.722e-01	6.700e-03	2.843e-03	4.771e-05	905	940	8.178e-01	2.205e-02	2.850e-03	4.783e-05	1450	916	8.376e-01	2.444e-02	2.902e-03	4.870e-05	2518	891	9.331e-01	1.679e-03	2.929e-03	4.915e-05	3006	867	9.872e-01	4.667e-04	3.006e-03	5.043e-05	3716	841	1.017e+00	1.470e-04	2.980e-03	5.000e-05
780	958	7.559e-01	6.574e-03	2.826e-03	4.741e-05							751	953	8.634e-01	1.980e-02	2.825e-03	4.739e-05	750	953	8.284e-01	1.855e-02	2.822e-03	4.735e-05	740	953	8.039e-01	2.020e-02	2.902e-03	4.868e-05	802	963	6.920e-01	7.663e-03	2.749e-03	4.612e-05	831	968	7.097e-01	8.326e-03	2.789e-03	4.679e-05	995	940	7.901e-01	2.115e-02	2.850e-03	4.783e-05	1540	916	8.335e-01	2.393e-02	2.954e-03	4.957e-05	2638	891	9.313e-01	1.746e-03	2.929e-03	4.915e-05	3126	867	9.860e-01	5.084e-04	3.006e-03	5.043e-05	3836	841	1.017e+00	1.561e-04	2.980e-03	5.000e-05
811	963	6.869e-01	7.966e-03	2.774e-03	4.655e-05							780	958	8.126e-01	1.891e-02	2.799e-03	4.696e-05	778	958	7.981e-01	1.765e-02	2.822e-03	4.735e-05	769	958	7.693e-01	1.946e-02	2.849e-03	4.781e-05	830	968	6.225e-01	9.585e-03	2.723e-03	4.569e-05	861	973	6.490e-01	1.048e-02	2.761e-03	4.633e-05	1085	941	7.519e-01	2.027e-02	2.825e-03	4.739e-05	1630	916	8.057e-01	2.379e-02	2.876e-03	4.826e-05	2758	891	9.283e-01	1.861e-03	2.929e-03	4.915e-05	3246	866	9.864e-01	4.954e-04	3.006e-03	5.043e-05	3956	841	1.016e+00	1.701e-04	2.980e-03	5.000e-05
838	968	6.140e-01	1.007e-02	2.723e-03	4.569e-05							809	963	7.693e-01	1.790e-02	2.773e-03	4.652e-05	807	963	7.529e-01	1.656e-02	2.795e-03	4.690e-05	798	963	7.203e-01	1.825e-02	2.797e-03	4.693e-05	858	972	5.804e-01	1.151e-02	2.697e-03	4.526e-05	868	974	6.199e-01	1.120e-02	2.761e-03	4.633e-05	1175	941	7.182e-01	1.952e-02	2.799e-03	4.696e-05	1720	916	7.989e-01	2.356e-02	2.876e-03	4.826e-05	2878	891	9.130e-01	2.024e-03	2.929e-03	4.915e-05	3366	866	9.968e-01	5.004e-04	3.006e-03	5.043e-05	4076	841	1.016e+00	1.696e-04	2.980e-03	5.000e-05
860	971	6.081e-01	1.156e-02	2.723e-03	4.569e-05							825	965	7.452e-01	1.714e-02	2.799e-03	4.696e-05	813	964	7.408e-01	1.650e-02	2.769e-03	4.646e-05	819	966	6.802e-01	1.732e-02	2.797e-03	4.693e-05	859	973	5.796e-01	1.154e-02	2.697e-03	4.526e-05	893	978	5.695e-01	1.294e-02	2.707e-03	4.541e-05	1265	941	6.653e-01	1.854e-02	2.773e-03	4.652e-05	1810	916	8.278e-01	2.334e-02	2.928e-03	4.913e-05	2998	891	9.104e-01	2.124e-03	2.929e-03	4.915e-05	3486	866	9.853e-01	5.374e-04	3.006e-03	5.043e-05	4196	841	1.016e+00	1.933e-04	2.980e-03	5.000e-05
868	973	5.771e-01	1.241e-02	2.697e-03	4.526e-05							838	968	7.014e-01	1.646e-02	2.773e-03	4.652e-05	836	968	7.000e-01	1.554e-02	2.743e-03	4.602e-05	825	968	6.553e-01	1.690e-02	2.771e-03	4.649e-05	894	978	4.963e-01	1.421e-02	2.646e-03	4.440e-05	933	983	4.719e-01	1.633e-02	2.652e-03	4.450e-05	1355	941	6.419e-01	1.771e-02	2.747e-03	4.609e-05	1900	916	7.543e-01	2.293e-02	2.850e-03	4.783e-05	3118	891	8.820e-01	2.345e-03	2.904e-03	4.872e-05	3606	867	9.847e-01	5.568e-04	3.006e-03	5.043e-05	4316	841	1.016e+00	1.728e-04	2.980e-03	5.000e-05
897	978	5.039e-01	1.465e-02	2.672e-03	4.483e-05							869	973	6.726e-01	1.509e-02	2.747e-03	4.609e-05	865	973	6.330e-01	1.409e-02	2.690e-03	4.513e-05	855	973	5.771e-01	1.508e-02	2.745e-03	4.605e-05	939	983	3.933e-01	1.789e-02	2.595e-03	4.353e-05	988	987	3.863e-01	1.997e-02	2.625e-03	4.404e-05	1445	941	6.261e-01	1.715e-02	2.747e-03	4.609e-05	1990	916	6.988e-01	2.246e-02	2.825e-03	4.739e-05	3238	891	8.813e-01	2.374e-03	2.904e-03	4.872e-05	3726	867	9.943e-01	5.949e-04	3.006e-03	5.043e-05	4436	840	1.016e+00	1.680e-04	2.980e-03	5.000e-05
927	983	4.315e-01	1.759e-02	2.620e-03	4.397e-05							905	978	6.125e-01	1.339e-02	2.695e-03	4.522e-05	902	978	5.482e-01	1.199e-02	2.664e-03	4.469e-05	880	976	5.256e-01	1.371e-02	2.692e-03	4.518e-05	978	986	3.200e-01	2.091e-02	2.569e-03	4.310e-05	991	988	3.650e-01	2.028e-02	2.597e-03	4.358e-05	1535	941	5.766e-01	1.628e-02	2.721e-03	4.565e-05	2080	916	7.691e-01	2.255e-02	2.850e-03	4.783e-05	3358	891	8.799e-01	2.425e-03	2.904e-03	4.872e-05	3846	867	9.944e-01	5.919e-04	3.006e-03	5.043e-05	4556	841	1.018e+00	1.261e-04	2.980e-03	5.000e-05
950	986	3.741e-01	1.983e-02	2.595e-03	4.353e-05							915	979	5.958e-01	1.283e-02	2.695e-03	4.522e-05	903	978	5.645e-01	1.212e-02	2.664e-03	4.469e-05	890	978	5.225e-01	1.309e-02	2.692e-03	4.518e-05	1012	988	2.823e-01	2.292e-02	2.543e-03	4.267e-05	1108	992	2.380e-01	2.544e-02	2.543e-03	4.266e-05	1625	941	5.224e-01	1.528e-02	2.695e-03	4.522e-05	2170	916	7.665e-01	2.206e-02	2.902e-03	4.870e-05	3478	891	8.787e-01	2.472e-03	2.904e-03	4.872e-05	3966	867	9.709e-01	6.674e-04	2.980e-03	5.000e-05	4676	841	1.017e+00	1.512e-04	2.980e-03	5.000e-05
956	988	3.514e-01	2.026e-02	2.595e-03	4.353e-05							953	983	5.159e-01	1.080e-02	2.643e-03	4.435e-05	951	983	4.708e-01	9.650e-03	2.611e-03	4.381e-05	909	980	4.636e-01	1.192e-02	2.666e-03	4.474e-05	1098	990	1.776e-01	2.696e-02	2.492e-03	4.181e-05	1128	993	2.068e-01	2.625e-02	2.515e-03	4.220e-05	1715	941	5.395e-01	1.491e-02	2.695e-03	4.522e-05	2260	917	7.356e-01	2.184e-02	2.825e-03	4.739e-05	3598	891	8.767e-01	2.552e-03	2.904e-03	4.872e-05	4086	867	9.590e-01	7.000e-04	2.980e-03	5.000e-05	4796	841	1.015e+00	2.251e-04	2.980e-03	5.000e-05
985	993	3.026e-01	2.287e-02	2.569e-03	4.310e-05							1005	986	4.071e-01	8.164e-03	2.565e-03	4.304e-05	993	985	3.884e-01	7.575e-03	2.558e-03	4.292e-05	933	983	4.283e-01	1.057e-02	2.640e-03	4.430e-05	1218	992	1.263e-01	2.894e-02	2.466e-03	4.138e-05	1228	994	1.773e-01	2.791e-02	2.515e-03	4.220e-05	1805	941	5.269e-01	1.443e-02	2.695e-03	4.522e-05	2350	917	7.151e-01	2.158e-02	2.825e-03	4.739e-05	3718	891	8.875e-01	2.575e-03	2.904e-03	4.872e-05	4206	867	9.791e-01	7.616e-04	3.006e-03	5.043e-05	4916	841	1.017e+00	1.494e-04	2.980e-03	5.000e-05
1015	998	2.353e-01	2.489e-02	2.543e-03	4.267e-05							1033	988	3.421e-01	6.716e-03	2.539e-03	4.261e-05	1034	988	3.383e-01	6.233e-03	2.532e-03	4.248e-05	999	987	3.056e-01	6.907e-03	2.588e-03	4.342e-05	1272	992	1.218e-01	2.919e-02	2.466e-03	4.138e-05	1348	994	1.471e-01	2.866e-02	2.488e-03	4.174e-05	1895	941	4.743e-01	1.346e-02	2.669e-03	4.478e-05	2440	917	7.229e-01	2.139e-02	2.825e-03	4.739e-05	3838	891	8.860e-01	2.633e-03	2.904e-03	4.872e-05	4326	866	9.927e-01	6.544e-04	3.006e-03	5.043e-05	5036	841	1.014e+00	2.536e-04	2.980e-03	5.000e-05
1040	1002	2.132e-01	2.612e-02	2.518e-03	4.224e-05							1095	989	2.964e-01	4.897e-03	2.539e-03	4.261e-05	1083	989	2.802e-01	4.691e-03	2.505e-03	4.204e-05	1005	988	3.027e-01	6.793e-03	2.588e-03	4.342e-05	1302	993	1.185e-01	2.938e-02	2.466e-03	4.138e-05	1468	995	1.322e-01	2.950e-02	2.488e-03	4.174e-05	1985	941	4.381e-01	1.260e-02	2.669e-03	4.478e-05	2530	917	7.178e-01	2.121e-02	2.825e-03	4.739e-05	3958	891	8.819e-01	2.792e-03	2.904e-03	4.872e-05	4446	867	9.799e-01	7.346e-04	3.006e-03	5.043e-05	5156	841	1.016e+00	2.009e-04	2.980e-03	5.000e-05
1046	1003	2.117e-01	2.621e-02	2.518e-03	4.224e-05							1185	991	1.726e-01	2.827e-03	2.462e-03	4.130e-05	1173	991	2.168e-01	3.330e-03	2.479e-03	4.159e-05	1089	990	2.429e-01	4.597e-03	2.562e-03	4.298e-05	1338	993	1.096e-01	2.989e-02	2.466e-03	4.138e-05	1588	995	1.049e-01	3.007e-02	2.461e-03	4.128e-05	2075	942	4.275e-01	1.218e-02	2.643e-03	4.435e-05	2620	917	7.515e-01	2.112e-02	2.876e-03	4.826e-05	4078	891	8.806e-01	2.842e-03	2.904e-03	4.872e-05	4566	867	9.691e-01	7.314e-04	3.006e-03	5.043e-05	5276	841	1.016e+00	1.913e-04	2.980e-03	5.000e-05
1074	1008	1.551e-01	2.758e-02	2.492e-03	4.181e-05							1275	992	1.508e-01	2.893e-03	2.436e-03	4.087e-05	1263	991	1.766e-01	2.836e-03	2.453e-03	4.115e-05	1179	992	1.278e-01	2.324e-03	2.509e-03	4.211e-05	1398	993	8.957e-02	3.008e-02	2.441e-03	4.095e-05	1708	995	9.974e-02	3.036e-02	2.461e-03	4.128e-05	2165	942	4.288e-01	1.169e-02	2.643e-03	4.435e-05	2710	917	6.774e-01	2.072e-02	2.773e-03	4.652e-05	4198	891	8.903e-01	2.903e-03	2.904e-03	4.872e-05	4686	866	9.676e-01	7.890e-04	2.980e-03	5.000e-05	5396	841	1.015e+00	2.180e-04	2.980e-03	5.000e-05
1103	1013	1.646e-01	2.796e-02	2.492e-03	4.181e-05							1365	992	1.382e-01	3.095e-03	2.436e-03	4.087e-05	1353	992	1.394e-01	2.646e-03	2.426e-03	4.071e-05	1214	993	1.254e-01	2.252e-03	2.509e-03	4.211e-05	1458	993	8.423e-02	3.038e-02	2.441e-03	4.095e-05	1828	995	9.571e-02	3.059e-02	2.461e-03	4.128e-05	2255	942	4.150e-01	1.115e-02	2.643e-03	4.435e-05	2800	917	6.561e-01	2.046e-02	2.773e-03	4.652e-05	4318	891	8.645e-01	3.027e-03	2.878e-03	4.829e-05	4806	866	9.681e-01	7.702e-04	2.980e-03	5.000e-05	5516	841	1.014e+00	2.430e-04	2.980e-03	5.000e-05
1130	1017	1.546e-01	2.853e-02	2.492e-03	4.181e-05							1424	993	1.491e-01	3.545e-03	2.436e-03	4.087e-05	1443	992	1.356e-01	2.704e-03	2.426e-03	4.071e-05	1269	993	1.357e-01	2.320e-03	2.509e-03	4.211e-05	1578	993	7.280e-02	3.104e-02	2.441e-03	4.095e-05	1896	995	9.371e-02	3.071e-02	2.461e-03	4.128e-05	2345	942	3.871e-01	1.058e-02	2.617e-03	4.391e-05	2890	917	6.235e-01	1.981e-02	2.799e-03	4.696e-05	4438	891	8.768e-01	2.994e-03	2.878e-03	4.829e-05	4926	867	9.566e-01	7.897e-04	2.980e-03	5.000e-05	5636	841	1.015e+00	2.247e-04	2.980e-03	5.000e-05
1133	1018	1.572e-01	2.839e-02	2.492e-03	4.181e-05							1455	992	1.249e-01	3.406e-03	2.436e-03	4.087e-05	1533	992	1.302e-01	2.803e-03	2.426e-03	4.071e-05	1359	993	1.485e-01	2.540e-03	2.509e-03	4.211e-05	1698	993	6.757e-02	3.134e-02	2.441e-03	4.095e-05	1948	994	9.218e-02	3.079e-02	2.461e-03	4.128e-05	2435	942	3.573e-01	9.957e-03	2.617e-03	4.391e-05	2980	917	6.157e-01	1.952e-02	2.799e-03	4.696e-05	4558	891	8.613e-01	3.153e-03	2.878e-03	4.829e-05	5046	867	9.546e-01	8.614e-04	2.980e-03	5.000e-05	5756	841	1.015e+00	2.179e-04	2.980e-03	5.000e-05
1163	1023	1.307e-01	2.897e-02	2.466e-03	4.138e-05							1545	993	1.180e-01	3.604e-03	2.436e-03	4.087e-05	1623	992	1.204e-01	3.026e-03	2.426e-03	4.071e-05	1449	993	1.256e-01	2.155e-03	2.483e-03	4.167e-05	1818	993	4.620e-02	3.158e-02	2.415e-03	4.052e-05	2068	995	7.047e-02	3.102e-02	2.433e-03	4.083e-05	2525	942	3.298e-01	9.435e-03	2.591e-03	4.348e-05	3070	916	6.703e-01	1.953e-02	2.850e-03	4.783e-05	4678	891	8.598e-01	3.214e-03	2.878e-03	4.829e-05	5166	867	9.669e-01	8.151e-04	2.980e-03	5.000e-05	5876	841	1.015e+00	2.063e-04	2.980e-03	5.000e-05
1193	1028	1.052e-01	2.948e-02	2.441e-03	4.095e-05							1635	993	1.261e-01	4.156e-03	2.462e-03	4.130e-05	1713	992	1.156e-01	3.156e-03	2.426e-03	4.071e-05	1539	993	1.171e-01	2.088e-03	2.483e-03	4.167e-05	1938	993	3.742e-02	3.209e-02	2.415e-03	4.052e-05	2188	995	6.838e-02	3.114e-02	2.433e-03	4.083e-05	2615	942	3.169e-01	8.905e-03	2.591e-03	4.348e-05	3160	916	6.569e-01	1.906e-02	2.850e-03	4.783e-05	4798	891	8.442e-01	3.369e-03	2.878e-03	4.829e-05	5286	867	9.663e-01	8.362e-04	2.980e-03	5.000e-05	5996	841	1.005e+00	2.064e-04	2.980e-03	5.000e-05
1194	1028	1.022e-01	2.964e-02	2.466e-03	4.138e-05							1725	993	1.237e-01	4.233e-03	2.462e-03	4.130e-05	1803	992	8.738e-02	3.219e-03	2.400e-03	4.027e-05	1629	993	1.142e-01	2.081e-03	2.483e-03	4.167e-05	2058	993	3.894e-02	3.199e-02	2.415e-03	4.052e-05	2308	995	6.609e-02	3.127e-02	2.433e-03	4.083e-05	2705	942	3.282e-01	8.773e-03	2.591e-03	4.348e-05	3250	916	6.003e-01	1.896e-02	2.773e-03	4.652e-05	4918	891	8.655e-01	3.438e-03	2.878e-03	4.829e-05	5406	867	9.653e-01	8.735e-04	2.980e-03	5.000e-05	6116	840	1.015e+00	2.207e-04	2.980e-03	5.000e-05
1220	1032	9.629e-02	2.999e-02	2.441e-03	4.095e-05							1799	993	1.194e-01	4.364e-03	2.462e-03	4.130e-05	1844	993	8.492e-02	3.306e-03	2.400e-03	4.027e-05	1719	993	9.694e-02	2.206e-03	2.509e-03	4.211e-05	2178	993	3.529e-02	3.220e-02	2.415e-03	4.052e-05	2428	995	6.774e-02	3.117e-02	2.433e-03	4.083e-05	2795	942	3.203e-01	8.448e-03	2.591e-03	4.348e-05	3340	917	6.140e-01	1.894e-02	2.773e-03	4.652e-05	5038	891	8.635e-01	3.521e-03	2.878e-03	4.829e-05	5526	866	9.656e-01	8.632e-04	2.980e-03	5.000e-05	6236	841	1.015e+00	2.348e-04	2.980e-03	5.000e-05
1223	1033	9.847e-02	2.986e-02	2.441e-03	4.095e-05							1815	993	1.175e-01	4.430e-03	2.462e-03	4.130e-05	1893	992	8.467e-02	3.315e-03	2.400e-03	4.027e-05	1809	994	7.759e-02	1.886e-03	2.483e-03	4.167e-05	2298	993	3.604e-02	3.214e-02	2.415e-03	4.052e-05	2548	995	6.550e-02	3.129e-02	2.433e-03	4.083e-05	2885	942	2.937e-01	7.953e-03	2.565e-03	4.304e-05	3430	916	6.360e-01	1.875e-02	2.825e-03	4.739e-05	5158	891	8.623e-01	3.566e-03	2.878e-03	4.829e-05	5646	867	9.639e-01	9.265e-04	2.980e-03	5.000e-05	6356	841	1.014e+00	2.563e-04	2.980e-03	5.000e-05
1254	1038	9.239e-02	3.020e-02	2.441e-03	4.095e-05							1905	993	8.317e-02	3.920e-03	2.410e-03	4.043e-05	1983	992	8.271e-02	3.386e-03	2.400e-03	4.027e-05	1899	993	5.805e-02	1.561e-03	2.457e-03	4.123e-05	2418	993	3.669e-02	3.210e-02	2.415e-03	4.052e-05	2668	994	6.693e-02	3.121e-02	2.433e-03	4.083e-05	2975	942	2.834e-01	7.531e-03	2.565e-03	4.304e-05	3520	917	5.591e-01	1.800e-02	2.825e-03	4.739e-05	5278	891	8.617e-01	3.593e-03	2.878e-03	4.829e-05	5766	867	9.644e-01	9.071e-04	2.980e-03	5.000e-05	6476	841	1.015e+00	2.156e-04	2.980e-03	5.000e-05
1273	1041	9.171e-02	3.024e-02	2.441e-03	4.095e-05							1995	993	1.089e-01	4.710e-03	2.462e-03	4.130e-05	2073	992	7.884e-02	3.525e-03	2.400e-03	4.027e-05	1989	994	7.298e-02	1.972e-03	2.483e-03	4.167e-05	2538	993	1.771e-02	3.220e-02	2.389e-03	4.009e-05							3065	942	2.744e-01	7.158e-03	2.565e-03	4.304e-05	3610	917	6.026e-01	1.803e-02	2.825e-03	4.739e-05	5398	891	8.342e-01	3.766e-03	2.878e-03	4.829e-05	5886	867	9.734e-01	9.690e-04	3.006e-03	5.043e-05	6596	841	1.014e+00	2.497e-04	2.980e-03	5.000e-05
1284	1043	8.817e-02	3.044e-02	2.441e-03	4.095e-05							2085	993	7.654e-02	4.170e-03	2.410e-03	4.043e-05	2163	992	7.637e-02	3.619e-03	2.400e-03	4.027e-05	2056	993	7.110e-02	2.014e-03	2.483e-03	4.167e-05	2658	993	1.613e-02	3.228e-02	2.389e-03	4.009e-05							3155	942	2.654e-01	6.785e-03	2.565e-03	4.304e-05	3700	917	5.741e-01	1.799e-02	2.721e-03	4.565e-05	5518	891	8.577e-01	3.749e-03	2.878e-03	4.829e-05	6006	866	9.647e-01	8.968e-04	2.980e-03	5.000e-05	6716	841	1.014e+00	2.706e-04	2.980e-03	5.000e-05
1310	1047	7.657e-02	3.011e-02	2.441e-03	4.095e-05							2175	993	7.161e-02	4.364e-03	2.410e-03	4.043e-05	2253	992	7.419e-02	3.700e-03	2.400e-03	4.027e-05	2079	993	7.805e-02	1.878e-03	2.457e-03	4.123e-05	2778	993	1.608e-02	3.227e-02	2.389e-03	4.009e-05							3245	942	2.594e-01	6.538e-03	2.565e-03	4.304e-05	3790	917	5.314e-01	1.752e-02	2.721e-03	4.565e-05	5638	891	8.288e-01	3.982e-03	2.878e-03	4.829e-05	6126	867	9.752e-01	9.077e-04	2.980e-03	5.000e-05	6836	841	1.014e+00	2.730e-04	2.980e-03	5.000e-05
1314	1048	9.503e-02	3.003e-02	2.441e-03	4.095e-05							2265	993	8.609e-02	4.703e-03	2.436e-03	4.087e-05	2298	993	7.320e-02	3.739e-03	2.400e-03	4.027e-05	2169	993	6.961e-02	2.042e-03	2.483e-03	4.167e-05	2898	993	1.525e-02	3.231e-02	2.389e-03	4.009e-05							3335	942	2.374e-01	6.224e-03	2.539e-03	4.261e-05	3880	917	5.745e-01	1.747e-02	2.747e-03	4.609e-05	5758	891	8.425e-01	3.900e-03	2.853e-03	4.786e-05	6246	867	9.754e-01	9.017e-04	2.980e-03	5.000e-05	6956	841	1.013e+00	2.891e-04	2.980e-03	5.000e-05
1344	1053	7.282e-02	3.030e-02	2.441e-03	4.095e-05							2355	993	8.251e-02	4.829e-03	2.436e-03	4.087e-05	2343	992	7.400e-02	3.706e-03	2.400e-03	4.027e-05	2259	993	6.696e-02	2.101e-03	2.483e-03	4.167e-05	3018	993	1.265e-02	3.245e-02	2.389e-03	4.009e-05							3425	942	2.300e-01	5.916e-03	2.539e-03	4.261e-05	3970	917	5.682e-01	1.723e-02	2.747e-03	4.609e-05	5878	891	8.409e-01	3.966e-03	2.853e-03	4.786e-05	6366	867	9.746e-01	9.305e-04	2.980e-03	5.000e-05	7076	841	1.014e+00	2.450e-04	2.980e-03	5.000e-05
												2445	993	8.187e-02	4.851e-03	2.436e-03	4.087e-05	2349	992	7.228e-02	3.772e-03	2.400e-03	4.027e-05	2349	993	6.442e-02	2.166e-03	2.483e-03	4.167e-05	3138	992	1.215e-02	3.247e-02	2.389e-03	4.009e-05							3515	942	2.254e-01	5.725e-03	2.539e-03	4.261e-05	4060	917	5.628e-01	1.702e-02	2.747e-03	4.609e-05	5998	891	8.260e-01	4.097e-03	2.853e-03	4.786e-05	6486	867	9.748e-01	9.226e-04	2.980e-03	5.000e-05	7196	841	1.014e+00	2.635e-04	2.980e-03	5.000e-05
												2535	993	8.107e-02	4.875e-03	2.436e-03	4.087e-05	2433	992	7.262e-02	3.755e-03	2.400e-03	4.027e-05	2439	993	6.349e-02	2.181e-03	2.483e-03	4.167e-05	3258	993	1.088e-02	3.253e-02	2.389e-03	4.009e-05							3605	942	2.228e-01	5.619e-03	2.539e-03	4.261e-05	4150	917	5.603e-01	1.643e-02	2.799e-03	4.696e-05	6118	891	8.229e-01	4.221e-03	2.853e-03	4.786e-05	6606	867	9.609e-01	1.038e-03	2.980e-03	5.000e-05	7316	841	1.004e+00	2.457e-04	2.980e-03	5.000e-05
												2536	993	8.157e-02	4.854e-03	2.436e-03	4.087e-05	2523	992	7.271e-02	3.747e-03	2.400e-03	4.027e-05	2529	993	4.712e-02	1.819e-03	2.457e-03	4.123e-05	3378	993	8.770e-03	3.265e-02	2.389e-03	4.009e-05							3695	942	2.174e-01	5.397e-03	2.539e-03	4.261e-05	4240	917	4.960e-01	1.617e-02	2.721e-03	4.565e-05	6238	891	8.203e-01	4.326e-03	2.853e-03	4.786e-05	6726	867	9.617e-01	1.008e-03	2.980e-03	5.000e-05	7436	841	1.004e+00	2.527e-04	2.980e-03	5.000e-05
												2625	993	8.053e-02	4.888e-03	2.436e-03	4.087e-05	2613	992	7.153e-02	3.791e-03	2.400e-03	4.027e-05	2619	994	4.704e-02	1.814e-03	2.457e-03	4.123e-05	3498	992	9.297e-03	3.260e-02	2.389e-03	4.009e-05							3785	942	2.139e-01	5.254e-03	2.539e-03	4.261e-05	4330	917	4.718e-01	1.584e-02	2.721e-03	4.565e-05	6358	891	8.174e-01	4.442e-03	2.853e-03	4.786e-05	6846	867	9.722e-01	1.018e-03	2.980e-03	5.000e-05	7556	841	1.014e+00	2.729e-04	2.980e-03	5.000e-05
												2715	993	7.718e-02	5.009e-03	2.436e-03	4.087e-05	2703	992	7.159e-02	3.787e-03	2.400e-03	4.027e-05	2709	993	4.592e-02	1.844e-03	2.457e-03	4.123e-05	3618	992	1.104e-02	3.248e-02	2.389e-03	4.009e-05							3875	942	2.104e-01	5.108e-03	2.539e-03	4.261e-05	4420	917	5.054e-01	1.594e-02	2.721e-03	4.565e-05	6478	891	8.159e-01	4.506e-03	2.853e-03	4.786e-05	6966	866	9.708e-01	1.068e-03	2.980e-03	5.000e-05	7676	841	1.013e+00	2.962e-04	2.980e-03	5.000e-05
												2805	993	8.085e-02	4.851e-03	2.436e-03	4.087e-05	2793	992	6.783e-02	3.926e-03	2.400e-03	4.027e-05	2799	993	7.156e-02	1.961e-03	2.457e-03	4.123e-05	3738	992	1.276e-02	3.238e-02	2.389e-03	4.009e-05							3965	942	2.089e-01	5.054e-03	2.539e-03	4.261e-05	4510	917	4.846e-01	1.573e-02	2.721e-03	4.565e-05	6598	891	8.143e-01	4.568e-03	2.853e-03	4.786e-05	7086	866	9.613e-01	1.023e-03	2.980e-03	5.000e-05	7796	841	1.003e+00	2.668e-04	2.980e-03	5.000e-05
												2895	993	5.036e-02	4.235e-03	2.384e-03	4.000e-05	2883	992	4.959e-02	3.710e-03	2.373e-03	3.982e-05	2889	993	4.726e-02	1.770e-03	2.457e-03	4.123e-05	3858	992	1.092e-02	3.247e-02	2.389e-03	4.009e-05							4055	942	2.025e-01	4.794e-03	2.539e-03	4.261e-05	4600	917	5.034e-01	1.586e-02	2.721e-03	4.565e-05	6718	891	8.130e-01	4.619e-03	2.853e-03	4.786e-05	7206	866	9.495e-01	1.049e-03	2.980e-03	5.000e-05	7916	841	1.003e+00	2.845e-04	2.980e-03	5.000e-05
												2985	993	5.204e-02	4.159e-03	2.384e-03	4.000e-05	2973	992	4.832e-02	3.763e-03	2.373e-03	3.982e-05	2979	993	5.145e-02	1.640e-03	2.457e-03	4.123e-05	3978	992	1.853e-02	3.200e-02	2.389e-03	4.009e-05							4145	942	1.833e-01	4.589e-03	2.514e-03	4.217e-05	4690	917	5.259e-01	1.563e-02	2.773e-03	4.652e-05	6838	891	8.117e-01	4.674e-03	2.853e-03	4.786e-05	7326	866	9.708e-01	1.069e-03	2.980e-03	5.000e-05	8036	841	1.014e+00	2.728e-04	2.980e-03	5.000e-05
												3075	993	7.208e-02	4.313e-03	2.384e-03	4.000e-05	3063	992	5.070e-02	3.660e-03	2.373e-03	3.982e-05	3069	993	7.532e-02	1.854e-03	2.457e-03	4.123e-05	4098	992	1.861e-02	3.198e-02	2.389e-03	4.009e-05							4235	942	1.771e-01	4.333e-03	2.514e-03	4.217e-05	4780	917	5.378e-01	1.556e-02	2.773e-03	4.652e-05	6958	891	8.088e-01	4.794e-03	2.853e-03	4.786e-05	7446	866	9.604e-01	1.054e-03	2.980e-03	5.000e-05	8156	841	1.012e+00	3.240e-04	2.980e-03	5.000e-05
												3165	993	8.422e-02	4.740e-03	2.410e-03	4.043e-05	3153	992	5.087e-02	3.646e-03	2.373e-03	3.982e-05	3159	993	5.103e-02	1.630e-03	2.457e-03	4.123e-05	4218	992	1.907e-02	3.194e-02	2.389e-03	4.009e-05							4325	942	1.496e-01	3.806e-03	2.514e-03	4.217e-05	4870	916	5.298e-01	1.526e-02	2.773e-03	4.652e-05	7078	891	8.078e-01	4.832e-03	2.853e-03	4.786e-05	7566	867	9.469e-01	1.147e-03	2.980e-03	5.000e-05	8276	841	1.013e+00	3.048e-04	2.980e-03	5.000e-05
												3255	993	8.650e-02	4.647e-03	2.410e-03	4.043e-05	3243	992	5.403e-02	3.511e-03	2.373e-03	3.982e-05	3249	993	5.098e-02	1.615e-03	2.457e-03	4.123e-05	4338	992	2.270e-02	3.170e-02	2.389e-03	4.009e-05							4415	942	1.727e-01	4.157e-03	2.514e-03	4.217e-05	4960	917	4.658e-01	1.499e-02	2.669e-03	4.478e-05	7198	891	8.182e-01	4.886e-03	2.853e-03	4.786e-05	7686	867	9.343e-01	1.201e-03	2.980e-03	5.000e-05	8396	841	1.003e+00	2.909e-04	2.980e-03	5.000e-05
												3345	993	6.479e-02	4.556e-03	2.410e-03	4.043e-05	3333	992	4.699e-02	3.799e-03	2.373e-03	3.982e-05	3339	993	7.333e-02	1.863e-03	2.457e-03	4.123e-05	4458	987	2.532e-02	3.154e-02	2.389e-03	4.009e-05							4505	942	1.688e-01	3.995e-03	2.514e-03	4.217e-05	5050	917	4.400e-01	1.460e-02	2.669e-03	4.478e-05	7318	891	8.042e-01	4.984e-03	2.853e-03	4.786e-05	7806	867	9.457e-01	1.194e-03	2.980e-03	5.000e-05	8516	841	1.002e+00	3.085e-04	2.980e-03	5.000e-05
												3435	993	6.961e-02	4.390e-03	2.384e-03	4.000e-05	3423	992	5.034e-02	3.658e-03	2.373e-03	3.982e-05	3429	993	7.694e-02	1.789e-03	2.457e-03	4.123e-05													4595	942	1.637e-01	3.785e-03	2.514e-03	4.217e-05	5140	917	4.536e-01	1.451e-02	2.695e-03	4.522e-05	7438	891	8.154e-01	5.003e-03	2.827e-03	4.744e-05	7926	867	9.455e-01	1.201e-03	2.980e-03	5.000e-05	8636	841	1.002e+00	3.167e-04	2.980e-03	5.000e-05
												3525	993	7.142e-02	4.304e-03	2.384e-03	4.000e-05	3513	992	5.194e-02	3.588e-03	2.373e-03	3.982e-05	3519	993	7.609e-02	1.785e-03	2.457e-03	4.123e-05													4685	942	1.623e-01	3.729e-03	2.514e-03	4.217e-05	5230	917	4.448e-01	1.416e-02	2.695e-03	4.522e-05	7558	891	8.156e-01	4.994e-03	2.827e-03	4.744e-05	8046	867	9.574e-01	1.166e-03	2.980e-03	5.000e-05	8756	840	1.001e+00	3.326e-04	2.980e-03	5.000e-05
												3615	993	7.454e-02	4.175e-03	2.384e-03	4.000e-05	3603	992	5.306e-02	3.527e-03	2.373e-03	3.982e-05	3609	993	7.576e-02	1.786e-03	2.457e-03	4.123e-05													4775	942	1.595e-01	3.616e-03	2.514e-03	4.217e-05	5320	917	4.395e-01	1.395e-02	2.695e-03	4.522e-05	7678	891	8.120e-01	5.142e-03	2.827e-03	4.744e-05	8166	866	9.573e-01	1.168e-03	2.980e-03	5.000e-05	8876	840	1.003e+00	2.838e-04	2.980e-03	5.000e-05
												3705	993	7.400e-02	4.198e-03	2.384e-03	4.000e-05	3693	992	5.267e-02	3.538e-03	2.373e-03	3.982e-05	3699	993	6.254e-02	1.377e-03	2.431e-03	4.079e-05													4865	942	1.590e-01	3.599e-03	2.514e-03	4.217e-05	5410	917	5.021e-01	1.417e-02	2.747e-03	4.609e-05	7798	891	8.111e-01	5.181e-03	2.827e-03	4.744e-05	8286	867	9.444e-01	1.240e-03	2.980e-03	5.000e-05	8996	841	1.002e+00	3.027e-04	2.980e-03	5.000e-05
												3795	993	7.618e-02	4.104e-03	2.384e-03	4.000e-05	3783	992	5.710e-02	3.353e-03	2.373e-03	3.982e-05	3789	993	5.103e-02	1.556e-03	2.457e-03	4.123e-05													4955	942	1.556e-01	3.460e-03	2.514e-03	4.217e-05	5500	917	4.556e-01	1.344e-02	2.747e-03	4.609e-05	7918	891	8.103e-01	5.215e-03	2.827e-03	4.744e-05	8406	866	9.554e-01	1.243e-03	2.980e-03	5.000e-05	9116	841	1.003e+00	2.765e-04	2.980e-03	5.000e-05
												3885	993	7.413e-02	4.176e-03	2.384e-03	4.000e-05	3873	992	6.227e-02	3.145e-03	2.373e-03	3.982e-05	3879	993	4.784e-02	1.632e-03	2.457e-03	4.123e-05													5045	942	1.533e-01	3.372e-03	2.514e-03	4.217e-05	5590	917	4.221e-01	1.326e-02	2.695e-03	4.522e-05	8038	891	8.098e-01	5.234e-03	2.827e-03	4.744e-05	8526	866	9.560e-01	1.219e-03	2.980e-03	5.000e-05	9236	841	1.002e+00	3.088e-04	2.980e-03	5.000e-05
												3975	993	6.955e-02	4.340e-03	2.384e-03	4.000e-05	3963	992	6.574e-02	3.005e-03	2.373e-03	3.982e-05	3969	993	5.537e-02	1.483e-03	2.431e-03	4.079e-05													5135	942	1.514e-01	3.299e-03	2.514e-03	4.217e-05	5680	917	4.193e-01	1.315e-02	2.695e-03	4.522e-05	8158	891	8.081e-01	5.307e-03	2.827e-03	4.744e-05	8646	866	9.314e-01	1.308e-03	2.954e-03	4.957e-05	9356	841	1.002e+00	3.090e-04	2.980e-03	5.000e-05
												4065	993	6.851e-02	4.385e-03	2.384e-03	4.000e-05	4053	992	6.794e-02	2.915e-03	2.373e-03	3.982e-05	4059	993	5.620e-02	1.462e-03	2.431e-03	4.079e-05													5225	942	1.519e-01	3.317e-03	2.514e-03	4.217e-05	5770	917	3.982e-01	1.293e-02	2.669e-03	4.478e-05	8278	891	8.076e-01	5.327e-03	2.827e-03	4.744e-05	8766	866	9.317e-01	1.297e-03	2.954e-03	4.957e-05	9476	841	1.011e+00	3.564e-04	2.980e-03	5.000e-05
												4155	993	6.730e-02	4.431e-03	2.384e-03	4.000e-05	4143	992	6.667e-02	2.952e-03	2.373e-03	3.982e-05	4149	993	5.435e-02	1.498e-03	2.431e-03	4.079e-05													5315	942	1.502e-01	3.253e-03	2.514e-03	4.217e-05	5860	917	3.950e-01	1.280e-02	2.669e-03	4.478e-05	8398	891	8.055e-01	5.414e-03	2.827e-03	4.744e-05	8886	867	9.312e-01	1.316e-03	2.954e-03	4.957e-05	9596	841	1.001e+00	3.524e-04	2.980e-03	5.000e-05
												4245	993	8.019e-02	4.799e-03	2.410e-03	4.043e-05	4233	992	6.758e-02	2.913e-03	2.373e-03	3.982e-05	4239	993	6.321e-02	2.012e-03	2.457e-03	4.123e-05													5405	942	1.481e-01	3.175e-03	2.514e-03	4.217e-05	5950	917	4.025e-01	1.249e-02	2.721e-03	4.565e-05	8518	891	8.029e-01	5.524e-03	2.827e-03	4.744e-05	9006	867	9.308e-01	1.332e-03	2.954e-03	4.957e-05	9716	841	9.898e-01	3.722e-04	2.980e-03	5.000e-05
												4335	993	7.951e-02	4.813e-03	2.410e-03	4.043e-05	4323	992	8.014e-02	3.322e-03	2.400e-03	4.027e-05	4329	993	5.277e-02	1.512e-03	2.431e-03	4.079e-05													5495	942	1.476e-01	3.156e-03	2.514e-03	4.217e-05	6040	917	4.220e-01	1.266e-02	2.721e-03	4.565e-05	8638	891	8.014e-01	5.583e-03	2.827e-03	4.744e-05	9126	867	9.309e-01	1.328e-03	2.954e-03	4.957e-05	9836	841	1.000e+00	3.782e-04	2.980e-03	5.000e-05
												4425	993	8.018e-02	4.777e-03	2.410e-03	4.043e-05	4413	992	6.527e-02	2.990e-03	2.373e-03	3.982e-05	4419	993	5.880e-02	1.370e-03	2.431e-03	4.079e-05													5585	942	1.481e-01	3.174e-03	2.514e-03	4.217e-05	6130	917	3.976e-01	1.229e-02	2.721e-03	4.565e-05	8758	891	7.995e-01	5.665e-03	2.827e-03	4.744e-05	9246	867	9.416e-01	1.346e-03	2.954e-03	4.957e-05	9956	841	1.000e+00	3.780e-04	2.980e-03	5.000e-05
												4515	993	6.443e-02	4.510e-03	2.384e-03	4.000e-05	4503	992	6.619e-02	2.949e-03	2.373e-03	3.982e-05	4509	993	5.856e-02	1.366e-03	2.431e-03	4.079e-05													5675	942	1.451e-01	3.064e-03	2.514e-03	4.217e-05	6220	917	3.938e-01	1.213e-02	2.721e-03	4.565e-05	8878	891	7.972e-01	5.763e-03	2.827e-03	4.744e-05	9366	867	9.413e-01	1.357e-03	2.954e-03	4.957e-05	10076	841	1.002e+00	3.236e-04	2.980e-03	5.000e-05
												4605	993	6.831e-02	4.346e-03	2.384e-03	4.000e-05	4593	992	6.396e-02	3.021e-03	2.373e-03	3.982e-05	4599	993	6.658e-02	1.268e-03	2.431e-03	4.079e-05													5765	942	1.442e-01	3.029e-03	2.514e-03	4.217e-05	6310	917	4.101e-01	1.218e-02	2.721e-03	4.565e-05	8998	891	7.945e-01	5.874e-03	2.827e-03	4.744e-05	9486	866	9.528e-01	1.340e-03	2.954e-03	4.957e-05	10196	841	1.001e+00	3.449e-04	2.980e-03	5.000e-05
												4695	993	8.013e-02	4.739e-03	2.410e-03	4.043e-05	4683	992	6.385e-02	3.019e-03	2.373e-03	3.982e-05	4689	993	6.952e-02	1.250e-03	2.431e-03	4.079e-05													5807	942	1.438e-01	3.013e-03	2.514e-03	4.217e-05	6400	917	3.764e-01	1.204e-02	2.669e-03	4.478e-05	9118	891	7.898e-01	6.068e-03	2.827e-03	4.744e-05	9606	866	9.407e-01	1.381e-03	2.954e-03	4.957e-05	10316	841	1.012e+00	3.338e-04	2.980e-03	5.000e-05
												4785	993	7.194e-02	4.185e-03	2.384e-03	4.000e-05	4773	992	6.260e-02	3.055e-03	2.373e-03	3.982e-05	4779	993	6.022e-02	1.315e-03	2.431e-03	4.079e-05													5855	942	1.442e-01	3.031e-03	2.514e-03	4.217e-05	6490	917	3.664e-01	1.164e-02	2.669e-03	4.478e-05	9238	891	7.874e-01	6.172e-03	2.827e-03	4.744e-05	9726	866	9.410e-01	1.370e-03	2.954e-03	4.957e-05	10436	841	1.012e+00	3.332e-04	2.980e-03	5.000e-05
												4875	993	8.001e-02	4.728e-03	2.410e-03	4.043e-05	4863	992	6.258e-02	3.047e-03	2.373e-03	3.982e-05	4869	993	6.129e-02	1.292e-03	2.431e-03	4.079e-05													5945	942	1.427e-01	2.976e-03	2.514e-03	4.217e-05	6580	917	3.679e-01	1.169e-02	2.643e-03	4.435e-05	9358	891	7.634e-01	6.189e-03	2.802e-03	4.701e-05	9846	866	9.416e-01	1.347e-03	2.954e-03	4.957e-05	10556	841	1.001e+00	3.659e-04	2.980e-03	5.000e-05
												4965	993	8.264e-02	4.616e-03	2.410e-03	4.043e-05	4953	992	6.454e-02	2.965e-03	2.373e-03	3.982e-05	4959	993	6.107e-02	1.288e-03	2.431e-03	4.079e-05													6035	942	1.423e-01	2.960e-03	2.514e-03	4.217e-05	6670	917	3.650e-01	1.157e-02	2.643e-03	4.435e-05	9478	891	7.609e-01	6.296e-03	2.802e-03	4.701e-05	9966	866	9.266e-01	1.488e-03	2.954e-03	4.957e-05	10676	841	9.999e-01	3.904e-04	2.980e-03	5.000e-05
												5055	993	8.354e-02	4.574e-03	2.410e-03	4.043e-05	5043	992	6.316e-02	3.011e-03	2.373e-03	3.982e-05	5049	993	5.920e-02	1.301e-03	2.431e-03	4.079e-05													6125	942	1.422e-01	2.959e-03	2.514e-03	4.217e-05	6760	917	3.620e-01	1.145e-02	2.643e-03	4.435e-05	9598	891	7.596e-01	6.351e-03	2.802e-03	4.701e-05	10086	866	9.271e-01	1.472e-03	2.954e-03	4.957e-05	10796	840	9.895e-01	3.813e-04	2.980e-03	5.000e-05
												5145	993	8.208e-02	4.609e-03	2.410e-03	4.043e-05	5133	992	5.791e-02	3.191e-03	2.373e-03	3.982e-05	5139	993	5.676e-02	1.330e-03	2.431e-03	4.079e-05													6215	942	1.418e-01	2.943e-03	2.514e-03	4.217e-05	6850	917	3.385e-01	1.115e-02	2.643e-03	4.435e-05	9718	891	7.714e-01	6.356e-03	2.802e-03	4.701e-05	10206	867	9.268e-01	1.481e-03	2.954e-03	4.957e-05	10916	841	1.000e+00	3.831e-04	2.980e-03	5.000e-05
												5235	993	8.222e-02	4.597e-03	2.410e-03	4.043e-05	5223	992	5.837e-02	3.164e-03	2.373e-03	3.982e-05	5229	993	5.826e-02	1.299e-03	2.431e-03	4.079e-05													6305	942	1.250e-01	2.791e-03	2.488e-03	4.174e-05	6940	917	3.856e-01	1.118e-02	2.695e-03	4.522e-05	9838	890	7.690e-01	6.459e-03	2.802e-03	4.701e-05	10326	867	9.266e-01	1.489e-03	2.954e-03	4.957e-05	11036	841	9.909e-01	3.308e-04	2.980e-03	5.000e-05
												5325	993	8.456e-02	4.479e-03	2.410e-03	4.043e-05	5313	992	5.733e-02	3.206e-03	2.373e-03	3.982e-05	5319	993	5.534e-02	1.337e-03	2.431e-03	4.079e-05													6395	942	1.226e-01	2.699e-03	2.488e-03	4.174e-05	7030	917	3.415e-01	1.062e-02	2.695e-03	4.522e-05	9958	891	7.533e-01	6.621e-03	2.802e-03	4.701e-05	10446	867	9.260e-01	1.512e-03	2.954e-03	4.957e-05	11156	841	9.997e-01	3.999e-04	2.980e-03	5.000e-05
												5415	993	8.653e-02	4.392e-03	2.410e-03	4.043e-05	5403	992	5.716e-02	3.210e-03	2.373e-03	3.982e-05	5409	993	5.904e-02	1.267e-03	2.431e-03	4.079e-05													6485	942	1.224e-01	2.689e-03	2.488e-03	4.174e-05	7120	917	3.374e-01	1.045e-02	2.695e-03	4.522e-05	10078	891	7.509e-01	6.719e-03	2.802e-03	4.701e-05	10566	867	9.268e-01	1.480e-03	2.954e-03	4.957e-05	11276	841	9.998e-01	3.938e-04	2.980e-03	5.000e-05
												5505	993	9.265e-02	4.151e-03	2.410e-03	4.043e-05	5493	992	5.663e-02	3.221e-03	2.373e-03	3.982e-05	5499	993	5.874e-02	1.259e-03	2.431e-03	4.079e-05													6575	942	1.224e-01	2.690e-03	2.488e-03	4.174e-05	7210	917	2.964e-01	1.010e-02	2.643e-03	4.435e-05	10198	891	7.617e-01	6.772e-03	2.802e-03	4.701e-05	10686	867	9.265e-01	1.492e-03	2.954e-03	4.957e-05	11396	841	9.891e-01	3.995e-04	2.980e-03	5.000e-05
												5595	993	7.759e-02	3.862e-03	2.384e-03	4.000e-05	5583	992	5.622e-02	3.233e-03	2.373e-03	3.982e-05	5589	993	6.336e-02	1.769e-03	2.457e-03	4.123e-05													6665	942	1.224e-01	2.688e-03	2.488e-03	4.174e-05	7300	917	2.892e-01	9.798e-03	2.643e-03	4.435e-05	10318	891	7.342e-01	6.917e-03	2.802e-03	4.701e-05	10806	866	9.479e-01	1.525e-03	2.954e-03	4.957e-05	11516	841	9.996e-01	4.012e-04	2.980e-03	5.000e-05
												5685	993	9.213e-02	4.131e-03	2.410e-03	4.043e-05	5673	992	5.848e-02	3.123e-03	2.373e-03	3.982e-05	5679	993	6.331e-02	1.755e-03	2.457e-03	4.123e-05													6755	942	1.191e-01	2.562e-03	2.488e-03	4.174e-05	7390	917	2.901e-01	9.833e-03	2.643e-03	4.435e-05	10438	891	7.308e-01	7.063e-03	2.802e-03	4.701e-05	10926	866	9.474e-01	1.544e-03	2.954e-03	4.957e-05	11636	841	1.010e+00	4.048e-04	2.980e-03	5.000e-05
												5775	993	8.769e-02	4.288e-03	2.410e-03	4.043e-05	5763	992	5.665e-02	3.187e-03	2.373e-03	3.982e-05	5769	993	5.551e-02	1.276e-03	2.431e-03	4.079e-05													6845	942	1.186e-01	2.542e-03	2.488e-03	4.174e-05	7480	917	2.890e-01	9.781e-03	2.591e-03	4.348e-05	10558	891	7.432e-01	7.053e-03	2.802e-03	4.701e-05	11046	866	9.362e-01	1.549e-03	2.954e-03	4.957e-05	11756	841	9.996e-01	4.031e-04	2.980e-03	5.000e-05
												5865	993	9.148e-02	4.141e-03	2.410e-03	4.043e-05	5853	992	6.146e-02	2.989e-03	2.373e-03	3.982e-05	5859	993	6.051e-02	1.204e-03	2.431e-03	4.079e-05													6935	942	1.181e-01	2.524e-03	2.488e-03	4.174e-05	7570	917	3.071e-01	9.838e-03	2.617e-03	4.391e-05	10678	891	7.136e-01	7.265e-03	2.802e-03	4.701e-05	11166	866	9.477e-01	1.531e-03	2.954e-03	4.957e-05	11876	841	9.880e-01	4.375e-04	2.980e-03	5.000e-05
												5955	993	9.063e-02	4.157e-03	2.410e-03	4.043e-05	5943	992	6.413e-02	2.872e-03	2.373e-03	3.982e-05	5949	993	5.927e-02	1.208e-03	2.431e-03	4.079e-05													7025	942	1.171e-01	2.489e-03	2.488e-03	4.174e-05	7660	917	2.587e-01	9.240e-03	2.617e-03	4.391e-05	10798	891	7.410e-01	7.146e-03	2.802e-03	4.701e-05	11286	866	9.343e-01	1.621e-03	2.954e-03	4.957e-05	11996	841	9.889e-01	4.056e-04	2.980e-03	5.000e-05
												6045	993	7.945e-02	3.745e-03	2.384e-03	4.000e-05	6033	992	6.178e-02	2.953e-03	2.373e-03	3.982e-05	6039	993	6.170e-02	1.177e-03	2.431e-03	4.079e-05													7115	942	1.157e-01	2.434e-03	2.488e-03	4.174e-05	7750	917	2.787e-01	9.347e-03	2.617e-03	4.391e-05	10918	891	7.527e-01	7.156e-03	2.802e-03	4.701e-05	11406	867	9.456e-01	1.609e-03	2.954e-03	4.957e-05	12116	841	9.888e-01	4.107e-04	2.980e-03	5.000e-05
												6135	992	7.832e-02	3.773e-03	2.384e-03	4.000e-05	6123	992	6.291e-02	2.905e-03	2.373e-03	3.982e-05	6129	993	6.218e-02	1.166e-03	2.431e-03	4.079e-05													7205	942	1.147e-01	2.399e-03	2.488e-03	4.174e-05	7840	917	2.776e-01	9.301e-03	2.617e-03	4.391e-05	11038	891	7.380e-01	7.275e-03	2.802e-03	4.701e-05	11526	867	9.339e-01	1.636e-03	2.954e-03	4.957e-05	12236	841	9.897e-01	3.758e-04	2.980e-03	5.000e-05
												6225	993	7.886e-02	3.750e-03	2.384e-03	4.000e-05	6213	992	6.241e-02	2.914e-03	2.373e-03	3.982e-05	6219	993	6.752e-02	1.174e-03	2.431e-03	4.079e-05													7295	942	1.171e-01	2.488e-03	2.488e-03	4.174e-05	7930	917	3.044e-01	9.072e-03	2.669e-03	4.478e-05	11158	890	7.383e-01	7.265e-03	2.802e-03	4.701e-05	11646	867	9.450e-01	1.632e-03	2.954e-03	4.957e-05	12356	841	9.887e-01	4.143e-04	2.980e-03	5.000e-05
												6315	993	8.859e-02	4.195e-03	2.410e-03	4.043e-05	6303	992	6.066e-02	2.969e-03	2.373e-03	3.982e-05	6309	992	6.481e-02	1.155e-03	2.431e-03	4.079e-05													7385	942	1.133e-01	2.347e-03	2.488e-03	4.174e-05	8020	917	3.259e-01	9.334e-03	2.669e-03	4.478e-05	11278	891	7.383e-01	7.265e-03	2.802e-03	4.701e-05	11766	866	9.324e-01	1.691e-03	2.954e-03	4.957e-05	12476	841	9.888e-01	4.071e-04	2.980e-03	5.000e-05
												6405	993	7.810e-02	3.758e-03	2.384e-03	4.000e-05	6393	992	6.188e-02	2.914e-03	2.373e-03	3.982e-05	6399	993	6.593e-02	1.159e-03	2.431e-03	4.079e-05													7475	942	1.147e-01	2.400e-03	2.488e-03	4.174e-05	8110	917	2.996e-01	8.872e-03	2.669e-03	4.478e-05	11398	890	7.350e-01	7.401e-03	2.802e-03	4.701e-05	11886	867	9.440e-01	1.671e-03	2.954e-03	4.957e-05	12596	841	1.009e+00	4.377e-04	2.980e-03	5.000e-05
												6495	993	8.866e-02	4.158e-03	2.410e-03	4.043e-05	6483	992	6.090e-02	2.939e-03	2.373e-03	3.982e-05	6489	993	5.527e-02	9.572e-04	2.405e-03	4.035e-05													7565	942	1.128e-01	2.331e-03	2.488e-03	4.174e-05	8200	917	2.981e-01	8.807e-03	2.669e-03	4.478e-05	11518	891	7.343e-01	7.436e-03	2.776e-03	4.658e-05	12006	866	9.432e-01	1.701e-03	2.954e-03	4.957e-05	12716	841	9.882e-01	4.312e-04	2.980e-03	5.000e-05
												6585	993	8.573e-02	4.268e-03	2.410e-03	4.043e-05	6573	992	5.987e-02	2.969e-03	2.373e-03	3.982e-05	6579	992	6.366e-02	1.133e-03	2.431e-03	4.079e-05													7655	942	1.114e-01	2.280e-03	2.488e-03	4.174e-05	8290	917	2.942e-01	8.650e-03	2.669e-03	4.478e-05	11638	891	7.203e-01	7.516e-03	2.776e-03	4.658e-05	12126	866	9.431e-01	1.706e-03	2.954e-03	4.957e-05	12836	841	9.889e-01	4.045e-04	2.980e-03	5.000e-05
												6675	993	8.541e-02	4.273e-03	2.410e-03	4.043e-05	6663	992	6.892e-02	3.448e-03	2.400e-03	4.027e-05	6669	992	6.335e-02	1.129e-03	2.431e-03	4.079e-05													7745	942	1.104e-01	2.245e-03	2.488e-03	4.174e-05	8380	917	2.783e-01	8.628e-03	2.617e-03	4.391e-05	11758	891	7.185e-01	7.593e-03	2.776e-03	4.658e-05	12246	866	9.422e-01	1.736e-03	2.954e-03	4.957e-05	12956	841	9.870e-01	4.774e-04	2.980e-03	5.000e-05
												6765	992	7.443e-02	3.863e-03	2.384e-03	4.000e-05	6753	992	6.788e-02	3.469e-03	2.400e-03	4.027e-05	6759	992	6.375e-02	1.126e-03	2.431e-03	4.079e-05													7835	942	1.100e-01	2.229e-03	2.488e-03	4.174e-05	8470	917	2.966e-01	8.725e-03	2.617e-03	4.391e-05	11878	891	7.187e-01	7.586e-03	2.776e-03	4.658e-05	12366	866	9.428e-01	1.717e-03	2.954e-03	4.957e-05	13076	841	9.878e-01	4.457e-04	2.980e-03	5.000e-05
												6855	992	8.291e-02	4.339e-03	2.410e-03	4.043e-05	6843	992	5.749e-02	3.023e-03	2.373e-03	3.982e-05	6849	993	6.297e-02	1.117e-03	2.431e-03	4.079e-05													7925	942	1.128e-01	2.331e-03	2.488e-03	4.174e-05	8560	917	2.777e-01	8.592e-03	2.591e-03	4.348e-05	11998	891	7.188e-01	7.579e-03	2.776e-03	4.658e-05	12486	867	9.299e-01	1.787e-03	2.954e-03	4.957e-05	13196	840	9.881e-01	4.361e-04	2.980e-03	5.000e-05
												6945	992	8.106e-02	4.406e-03	2.410e-03	4.043e-05	6933	992	5.797e-02	3.006e-03	2.373e-03	3.982e-05	6939	993	5.393e-02	9.380e-04	2.405e-03	4.035e-05													8015	942	1.124e-01	2.314e-03	2.488e-03	4.174e-05	8650	917	2.761e-01	8.526e-03	2.591e-03	4.348e-05	12118	891	7.167e-01	7.669e-03	2.776e-03	4.658e-05	12606	867	9.413e-01	1.773e-03	2.954e-03	4.957e-05	13316	840	9.881e-01	4.336e-04	2.980e-03	5.000e-05
												7035	992	7.949e-02	4.461e-03	2.410e-03	4.043e-05	7023	992	5.630e-02	3.055e-03	2.373e-03	3.982e-05	7029	992	5.957e-02	1.098e-03	2.431e-03	4.079e-05													8105	942	1.119e-01	2.297e-03	2.488e-03	4.174e-05	8740	917	2.510e-01	8.163e-03	2.591e-03	4.348e-05	12238	891	7.145e-01	7.767e-03	2.776e-03	4.658e-05	12726	867	9.513e-01	1.805e-03	2.954e-03	4.957e-05	13436	841	9.879e-01	4.432e-04	2.980e-03	5.000e-05
												7125	992	7.760e-02	4.521e-03	2.410e-03	4.043e-05	7113	992	5.740e-02	3.009e-03	2.373e-03	3.982e-05	7119	993	5.924e-02	1.095e-03	2.431e-03	4.079e-05													8195	942	1.114e-01	2.280e-03	2.488e-03	4.174e-05	8830	917	2.508e-01	8.152e-03	2.591e-03	4.348e-05	12358	891	7.129e-01	7.837e-03	2.776e-03	4.658e-05	12846	867	9.519e-01	1.782e-03	2.954e-03	4.957e-05	13556	841	9.870e-01	4.712e-04	2.980e-03	5.000e-05
												7215	992	6.907e-02	4.023e-03	2.384e-03	4.000e-05	7203	992	5.935e-02	2.926e-03	2.373e-03	3.982e-05	7209	992	5.988e-02	1.093e-03	2.431e-03	4.079e-05													8285	942	1.090e-01	2.198e-03	2.488e-03	4.174e-05	8920	917	2.837e-01	8.196e-03	2.643e-03	4.435e-05	12478	891	7.121e-01	7.867e-03	2.776e-03	4.658e-05	12966	867	9.506e-01	1.831e-03	2.954e-03	4.957e-05	13676	841	9.764e-01	4.679e-04	2.954e-03	4.957e-05
												7305	993	7.185e-02	3.891e-03	2.384e-03	4.000e-05	7293	992	5.865e-02	2.930e-03	2.373e-03	3.982e-05	7299	992	5.839e-02	1.084e-03	2.431e-03	4.079e-05													8375	942	1.095e-01	2.213e-03	2.488e-03	4.174e-05	9010	917	2.806e-01	8.065e-03	2.643e-03	4.435e-05	12598	891	7.084e-01	8.031e-03	2.776e-03	4.658e-05	13086	866	9.509e-01	1.820e-03	2.954e-03	4.957e-05	13796	841	9.873e-01	4.621e-04	2.980e-03	5.000e-05
												7395	992	7.525e-02	3.754e-03	2.384e-03	4.000e-05	7383	992	6.122e-02	2.841e-03	2.373e-03	3.982e-05	7389	992	5.849e-02	1.078e-03	2.431e-03	4.079e-05													8465	942	1.090e-01	2.196e-03	2.488e-03	4.174e-05	9100	917	3.008e-01	8.287e-03	2.643e-03	4.435e-05	12718	891	7.060e-01	8.137e-03	2.776e-03	4.658e-05	13206	866	9.517e-01	1.789e-03	2.954e-03	4.957e-05	13916	841	9.775e-01	4.284e-04	2.954e-03	4.957e-05
												7485	992	7.715e-02	3.665e-03	2.384e-03	4.000e-05	7473	992	6.189e-02	2.789e-03	2.373e-03	3.982e-05	7479	992	5.975e-02	1.065e-03	2.431e-03	4.079e-05													8555	942	1.050e-01	2.061e-03	2.488e-03	4.174e-05	9190	917	2.962e-01	8.096e-03	2.643e-03	4.435e-05	12838	891	7.050e-01	8.180e-03	2.776e-03	4.658e-05	13326	866	9.492e-01	1.881e-03	2.954e-03	4.957e-05	14036	841	9.763e-01	4.729e-04	2.954e-03	4.957e-05
												7575	993	8.665e-02	4.090e-03	2.410e-03	4.043e-05	7563	992	5.817e-02	2.915e-03	2.373e-03	3.982e-05	7569	992	6.221e-02	1.077e-03	2.431e-03	4.079e-05													8645	942	1.076e-01	2.149e-03	2.488e-03	4.174e-05	9280	917	2.930e-01	7.962e-03	2.643e-03	4.435e-05	12958	891	7.039e-01	8.227e-03	2.776e-03	4.658e-05	13446	866	9.490e-01	1.889e-03	2.954e-03	4.957e-05	14156	841	9.872e-01	4.681e-04	2.954e-03	4.957e-05
												7665	992	8.926e-02	3.987e-03	2.410e-03	4.043e-05	7653	992	6.355e-02	2.690e-03	2.373e-03	3.982e-05	7659	992	6.525e-02	1.113e-03	2.431e-03	4.079e-05													8735	942	1.047e-01	2.053e-03	2.488e-03	4.174e-05	9370	917	2.925e-01	7.942e-03	2.643e-03	4.435e-05	13078	891	7.034e-01	8.252e-03	2.776e-03	4.658e-05	13566	866	9.492e-01	1.882e-03	2.954e-03	4.957e-05	14276	841	9.775e-01	4.283e-04	2.954e-03	4.957e-05
												7755	992	9.394e-02	3.797e-03	2.410e-03	4.043e-05	7743	992	6.880e-02	2.496e-03	2.373e-03	3.982e-05	7749	992	6.700e-02	1.143e-03	2.431e-03	4.079e-05													8825	942	1.069e-01	2.126e-03	2.488e-03	4.174e-05	9460	917	2.680e-01	7.537e-03	2.643e-03	4.435e-05	13198	891	6.998e-01	8.412e-03	2.776e-03	4.658e-05	13686	867	9.486e-01	1.905e-03	2.954e-03	4.957e-05	14396	841	9.866e-01	4.861e-04	2.980e-03	5.000e-05
												7845	992	9.191e-02	3.831e-03	2.410e-03	4.043e-05	7833	992	6.379e-02	2.662e-03	2.373e-03	3.982e-05	7839	992	6.559e-02	1.118e-03	2.431e-03	4.079e-05													8915	942	1.031e-01	2.001e-03	2.488e-03	4.174e-05	9550	917	2.419e-01	7.096e-03	2.643e-03	4.435e-05	13318	891	6.995e-01	8.421e-03	2.776e-03	4.658e-05	13806	867	9.492e-01	1.882e-03	2.954e-03	4.957e-05	14516	841	9.869e-01	4.804e-04	2.980e-03	5.000e-05
												7935	992	9.500e-02	3.716e-03	2.410e-03	4.043e-05	7923	991	6.680e-02	2.545e-03	2.373e-03	3.982e-05	7929	992	6.414e-02	1.094e-03	2.431e-03	4.079e-05													9005	942	1.036e-01	2.016e-03	2.488e-03	4.174e-05	9640	917	2.617e-01	7.276e-03	2.643e-03	4.435e-05	13438	890	6.982e-01	8.482e-03	2.776e-03	4.658e-05	13926	867	9.489e-01	1.894e-03	2.954e-03	4.957e-05	14636	840	9.873e-01	4.654e-04	2.980e-03	5.000e-05
												8025	992	8.530e-02	3.282e-03	2.384e-03	4.000e-05	8013	992	6.686e-02	2.530e-03	2.373e-03	3.982e-05	8019	992	6.427e-02	1.096e-03	2.431e-03	4.079e-05													9095	942	1.055e-01	2.079e-03	2.488e-03	4.174e-05	9730	917	2.243e-01	7.008e-03	2.591e-03	4.348e-05	13558	890	6.973e-01	8.519e-03	2.776e-03	4.658e-05	14046	867	9.473e-01	1.956e-03	2.954e-03	4.957e-05	14756	841	9.877e-01	4.509e-04	2.980e-03	5.000e-05
												8115	992	8.573e-02	3.250e-03	2.384e-03	4.000e-05	8103	991	6.608e-02	2.549e-03	2.373e-03	3.982e-05																			9185	942	1.076e-01	2.149e-03	2.488e-03	4.174e-05	9820	917	2.554e-01	7.016e-03	2.643e-03	4.435e-05	13678	891	6.797e-01	8.749e-03	2.776e-03	4.658e-05	14166	867	9.349e-01	2.017e-03	2.954e-03	4.957e-05	14876	841	9.881e-01	4.338e-04	2.980e-03	5.000e-05
												8205	992	8.251e-02	3.352e-03	2.384e-03	4.000e-05	8193	992	6.659e-02	2.500e-03	2.373e-03	3.982e-05																			9275	942	1.031e-01	2.002e-03	2.488e-03	4.174e-05	9910	917	2.183e-01	6.753e-03	2.591e-03	4.348e-05	13798	891	6.924e-01	8.734e-03	2.776e-03	4.658e-05	14286	867	9.461e-01	2.000e-03	2.954e-03	4.957e-05	14996	841	9.868e-01	4.791e-04	2.980e-03	5.000e-05
												8295	992	9.211e-02	3.765e-03	2.410e-03	4.043e-05	8283	991	6.811e-02	2.448e-03	2.373e-03	3.982e-05																			9365	942	1.022e-01	1.974e-03	2.488e-03	4.174e-05	10000	917	2.356e-01	6.802e-03	2.591e-03	4.348e-05	13918	891	6.785e-01	8.806e-03	2.751e-03	4.615e-05	14406	866	9.458e-01	2.014e-03	2.954e-03	4.957e-05	15116	841	9.779e-01	4.108e-04	2.954e-03	4.957e-05
												8385	992	8.515e-02	3.243e-03	2.384e-03	4.000e-05	8373	991	7.032e-02	2.366e-03	2.373e-03	3.982e-05																			9455	942	1.072e-01	2.137e-03	2.488e-03	4.174e-05	10090	917	2.200e-01	6.825e-03	2.565e-03	4.304e-05	14038	891	6.743e-01	8.994e-03	2.751e-03	4.615e-05	14526	867	9.435e-01	2.102e-03	2.954e-03	4.957e-05	15236	841	9.879e-01	4.412e-04	2.954e-03	4.957e-05
												8475	992	8.486e-02	3.245e-03	2.384e-03	4.000e-05	8463	991	6.889e-02	2.400e-03	2.373e-03	3.982e-05																			9545	942	1.022e-01	1.972e-03	2.488e-03	4.174e-05	10180	917	1.944e-01	6.453e-03	2.565e-03	4.304e-05	14158	891	6.746e-01	8.979e-03	2.751e-03	4.615e-05	14646	866	9.447e-01	2.053e-03	2.954e-03	4.957e-05	15356	841	9.648e-01	4.882e-04	2.954e-03	4.957e-05
												8565	992	9.596e-02	3.603e-03	2.410e-03	4.043e-05	8553	991	7.005e-02	2.366e-03	2.373e-03	3.982e-05																			9635	942	9.926e-02	1.885e-03	2.488e-03	4.174e-05	10270	917	1.917e-01	6.337e-03	2.565e-03	4.304e-05	14278	891	6.723e-01	9.082e-03	2.751e-03	4.615e-05	14766	866	9.445e-01	2.063e-03	2.954e-03	4.957e-05	15476	841	9.773e-01	4.359e-04	2.954e-03	4.957e-05
												8655	992	9.371e-02	3.673e-03	2.410e-03	4.043e-05	8643	991	6.796e-02	2.419e-03	2.373e-03	3.982e-05																			9725	942	1.017e-01	1.958e-03	2.488e-03	4.174e-05	10360	917	1.667e-01	6.028e-03	2.565e-03	4.304e-05	14398	891	6.553e-01	9.273e-03	2.751e-03	4.615e-05	14886	866	9.439e-01	2.087e-03	2.954e-03	4.957e-05	15596	841	9.766e-01	4.605e-04	2.954e-03	4.957e-05
												8745	992	9.458e-02	3.627e-03	2.410e-03	4.043e-05	8733	991	6.682e-02	2.443e-03	2.373e-03	3.982e-05																			9815	942	1.008e-01	1.930e-03	2.488e-03	4.174e-05	10450	917	1.860e-01	6.086e-03	2.565e-03	4.304e-05	14518	891	6.533e-01	9.365e-03	2.751e-03	4.615e-05	15006	866	9.315e-01	2.146e-03	2.954e-03	4.957e-05	15716	841	9.860e-01	5.083e-04	2.980e-03	5.000e-05
												8835	992	9.235e-02	3.686e-03	2.410e-03	4.043e-05	8823	991	6.736e-02	2.423e-03	2.373e-03	3.982e-05																			9905	942	9.907e-02	1.880e-03	2.488e-03	4.174e-05	10540	917	1.840e-01	6.000e-03	2.565e-03	4.304e-05	14638	891	6.491e-01	9.550e-03	2.751e-03	4.615e-05	15126	867	9.321e-01	2.124e-03	2.954e-03	4.957e-05	15836	841	9.856e-01	5.236e-04	2.980e-03	5.000e-05
												8925	992	8.848e-02	3.801e-03	2.410e-03	4.043e-05	8913	991	6.981e-02	2.325e-03	2.373e-03	3.982e-05																			9995	942	1.000e-01	1.908e-03	2.488e-03	4.174e-05	10630	917	1.819e-01	5.904e-03	2.565e-03	4.304e-05	14758	891	6.484e-01	9.582e-03	2.751e-03	4.615e-05	15246	867	9.321e-01	2.123e-03	2.954e-03	4.957e-05	15956	841	9.864e-01	4.936e-04	2.980e-03	5.000e-05
												9015	992	8.836e-02	3.790e-03	2.410e-03	4.043e-05	8982	991	6.881e-02	2.358e-03	2.373e-03	3.982e-05																			10085	942	9.907e-02	1.880e-03	2.488e-03	4.174e-05	10720	917	2.191e-01	6.116e-03	2.617e-03	4.391e-05	14878	891	6.468e-01	9.654e-03	2.751e-03	4.615e-05	15366	867	9.195e-01	2.183e-03	2.954e-03	4.957e-05	16076	841	9.877e-01	4.507e-04	2.980e-03	5.000e-05
												9105	992	8.775e-02	3.807e-03	2.410e-03	4.043e-05	9003	991	6.654e-02	2.424e-03	2.373e-03	3.982e-05																			10175	942	9.882e-02	1.873e-03	2.488e-03	4.174e-05	10810	917	2.360e-01	6.198e-03	2.617e-03	4.391e-05	14998	891	6.487e-01	9.569e-03	2.751e-03	4.615e-05	15486	867	9.302e-01	2.198e-03	2.954e-03	4.957e-05	16196	841	9.765e-01	4.654e-04	2.954e-03	4.957e-05
												9195	992	8.892e-02	3.757e-03	2.410e-03	4.043e-05	9093	991	6.577e-02	2.441e-03	2.373e-03	3.982e-05																			10265	942	9.763e-02	1.842e-03	2.488e-03	4.174e-05	10900	917	2.337e-01	6.101e-03	2.617e-03	4.391e-05	15118	891	6.476e-01	9.619e-03	2.751e-03	4.615e-05	15606	866	9.170e-01	2.281e-03	2.954e-03	4.957e-05	16316	841	9.877e-01	4.486e-04	2.954e-03	4.957e-05
												9285	992	8.864e-02	3.758e-03	2.410e-03	4.043e-05	9183	991	6.493e-02	2.463e-03	2.373e-03	3.982e-05																			10355	942	9.805e-02	1.853e-03	2.488e-03	4.174e-05	10990	917	2.332e-01	6.080e-03	2.617e-03	4.391e-05	15238	891	6.454e-01	9.718e-03	2.751e-03	4.615e-05	15726	866	9.410e-01	2.196e-03	2.954e-03	4.957e-05	16436	841	9.763e-01	4.726e-04	2.954e-03	4.957e-05
												9375	992	9.262e-02	4.297e-03	2.436e-03	4.087e-05	9273	991	6.380e-02	2.487e-03	2.373e-03	3.982e-05																			10445	942	9.984e-02	1.903e-03	2.488e-03	4.174e-05	11080	917	2.342e-01	6.121e-03	2.617e-03	4.391e-05	15358	891	6.447e-01	9.751e-03	2.751e-03	4.615e-05	15846	867	9.292e-01	2.235e-03	2.954e-03	4.957e-05	16556	841	9.640e-01	5.183e-04	2.954e-03	4.957e-05
												9465	992	8.610e-02	3.812e-03	2.410e-03	4.043e-05	9363	992	6.631e-02	2.401e-03	2.373e-03	3.982e-05																			10535	942	9.707e-02	1.826e-03	2.488e-03	4.174e-05	11170	916	2.307e-01	5.982e-03	2.617e-03	4.391e-05	15478	891	6.441e-01	9.777e-03	2.751e-03	4.615e-05	15966	866	9.290e-01	2.241e-03	2.954e-03	4.957e-05	16676	841	9.868e-01	4.830e-04	2.954e-03	4.957e-05
												9555	992	9.375e-02	4.218e-03	2.436e-03	4.087e-05	9453	991	6.463e-02	2.445e-03	2.373e-03	3.982e-05																			10625	942	8.020e-02	1.604e-03	2.462e-03	4.130e-05	11260	917	2.251e-01	5.748e-03	2.617e-03	4.391e-05	15598	891	6.442e-01	9.769e-03	2.751e-03	4.615e-05	16086	866	9.160e-01	2.318e-03	2.954e-03	4.957e-05	16796	841	9.756e-01	4.954e-04	2.954e-03	4.957e-05
												9645	992	8.588e-02	3.809e-03	2.410e-03	4.043e-05	9543	991	6.330e-02	2.485e-03	2.373e-03	3.982e-05																			10715	942	8.118e-02	1.637e-03	2.462e-03	4.130e-05	11350	917	1.964e-01	5.162e-03	2.617e-03	4.391e-05	15718	891	6.431e-01	9.822e-03	2.751e-03	4.615e-05	16206	867	9.047e-01	2.321e-03	2.928e-03	4.913e-05	16916	841	9.867e-01	4.879e-04	2.954e-03	4.957e-05
												9735	992	8.486e-02	3.827e-03	2.410e-03	4.043e-05	9633	991	8.161e-02	2.738e-03	2.400e-03	4.027e-05																			10805	942	9.639e-02	1.808e-03	2.488e-03	4.174e-05	11440	916	1.851e-01	5.312e-03	2.565e-03	4.304e-05	15838	891	6.577e-01	9.734e-03	2.751e-03	4.615e-05	16326	866	9.046e-01	2.325e-03	2.928e-03	4.913e-05	17036	841	9.646e-01	4.957e-04	2.954e-03	4.957e-05
												9825	992	8.649e-02	3.751e-03	2.410e-03	4.043e-05	9723	991	7.272e-02	2.255e-03	2.373e-03	3.982e-05																			10895	942	9.600e-02	1.798e-03	2.488e-03	4.174e-05	11530	917	1.604e-01	4.964e-03	2.565e-03	4.304e-05	15958	891	6.572e-01	9.761e-03	2.751e-03	4.615e-05	16446	867	9.049e-01	2.312e-03	2.928e-03	4.913e-05	17156	841	9.771e-01	4.407e-04	2.954e-03	4.957e-05
												9847	992	8.469e-02	3.830e-03	2.410e-03	4.043e-05	9813	991	7.394e-02	2.200e-03	2.373e-03	3.982e-05																			10985	942	9.671e-02	1.817e-03	2.488e-03	4.174e-05	11620	917	1.807e-01	5.126e-03	2.565e-03	4.304e-05	16078	891	6.407e-01	9.931e-03	2.751e-03	4.615e-05	16566	867	9.030e-01	2.385e-03	2.928e-03	4.913e-05	17276	841	9.765e-01	4.633e-04	2.954e-03	4.957e-05
												9915	992	8.952e-02	4.317e-03	2.436e-03	4.087e-05	9903	991	7.250e-02	2.223e-03	2.373e-03	3.982e-05																			11075	942	9.574e-02	1.791e-03	2.488e-03	4.174e-05	11710	917	1.777e-01	4.993e-03	2.565e-03	4.304e-05	16198	890	6.699e-01	9.753e-03	2.751e-03	4.615e-05	16686	867	9.028e-01	2.393e-03	2.928e-03	4.913e-05	17396	841	9.873e-01	4.630e-04	2.954e-03	4.957e-05
												10005	992	8.200e-02	3.897e-03	2.410e-03	4.043e-05	9993	991	7.438e-02	2.152e-03	2.373e-03	3.982e-05																			11165	942	9.478e-02	1.766e-03	2.488e-03	4.174e-05	11800	917	1.525e-01	4.614e-03	2.565e-03	4.304e-05	16318	891	6.524e-01	9.973e-03	2.751e-03	4.615e-05	16806	866	9.030e-01	2.388e-03	2.928e-03	4.913e-05	17516	841	9.875e-01	4.585e-04	2.954e-03	4.957e-05
												10095	992	8.630e-02	3.724e-03	2.410e-03	4.043e-05	10083	991	7.525e-02	2.113e-03	2.373e-03	3.982e-05																			11255	942	9.477e-02	1.765e-03	2.488e-03	4.174e-05	11890	917	1.299e-01	4.383e-03	2.514e-03	4.217e-05	16438	891	6.367e-01	1.011e-02	2.751e-03	4.615e-05	16926	866	9.028e-01	2.393e-03	2.928e-03	4.913e-05	17636	841	9.758e-01	4.903e-04	2.954e-03	4.957e-05
												10185	992	8.443e-02	3.777e-03	2.410e-03	4.043e-05	10173	991	7.614e-02	2.082e-03	2.373e-03	3.982e-05																			11345	942	9.571e-02	1.790e-03	2.488e-03	4.174e-05	11980	917	1.499e-01	4.490e-03	2.539e-03	4.261e-05	16558	891	6.522e-01	9.989e-03	2.725e-03	4.573e-05	17046	866	9.023e-01	2.413e-03	2.928e-03	4.913e-05	17756	841	9.740e-01	5.564e-04	2.954e-03	4.957e-05
												10275	992	8.873e-02	3.598e-03	2.410e-03	4.043e-05	10263	991	7.545e-02	2.091e-03	2.373e-03	3.982e-05																			11435	942	9.387e-02	1.743e-03	2.488e-03	4.174e-05	12070	917	1.504e-01	4.513e-03	2.539e-03	4.261e-05	16678	891	6.496e-01	1.011e-02	2.725e-03	4.573e-05	17166	866	9.020e-01	2.427e-03	2.928e-03	4.913e-05	17876	841	9.862e-01	5.050e-04	2.954e-03	4.957e-05
												10365	992	9.055e-02	3.500e-03	2.410e-03	4.043e-05	10353	991	7.331e-02	2.140e-03	2.373e-03	3.982e-05																			11525	942	9.267e-02	1.714e-03	2.488e-03	4.174e-05	12160	917	1.489e-01	4.446e-03	2.539e-03	4.261e-05	16798	891	6.615e-01	1.013e-02	2.751e-03	4.615e-05	17286	866	9.005e-01	2.481e-03	2.928e-03	4.913e-05	17996	841	9.967e-01	5.074e-04	2.980e-03	5.000e-05
												10455	992	9.127e-02	3.457e-03	2.410e-03	4.043e-05	10443	991	7.498e-02	2.085e-03	2.373e-03	3.982e-05																			11615	942	9.409e-02	1.748e-03	2.488e-03	4.174e-05	12250	917	1.496e-01	4.480e-03	2.539e-03	4.261e-05	16918	891	6.491e-01	1.013e-02	2.725e-03	4.573e-05	17406	867	8.881e-01	2.522e-03	2.928e-03	4.913e-05	18116	841	9.870e-01	4.754e-04	2.954e-03	4.957e-05
												10545	992	9.255e-02	3.391e-03	2.410e-03	4.043e-05	10533	991	7.455e-02	2.094e-03	2.373e-03	3.982e-05																			11705	942	9.341e-02	1.732e-03	2.488e-03	4.174e-05	12340	917	1.263e-01	4.222e-03	2.539e-03	4.261e-05	17038	891	6.467e-01	1.024e-02	2.725e-03	4.573e-05	17526	867	8.890e-01	2.487e-03	2.928e-03	4.913e-05	18236	841	9.857e-01	5.246e-04	2.954e-03	4.957e-05
												10635	992	9.318e-02	3.364e-03	2.410e-03	4.043e-05	10623	991	7.673e-02	2.027e-03	2.373e-03	3.982e-05																			11795	942	9.434e-02	1.755e-03	2.488e-03	4.174e-05	12430	917	1.484e-01	4.425e-03	2.539e-03	4.261e-05	17158	891	6.458e-01	1.028e-02	2.725e-03	4.573e-05	17646	867	8.874e-01	2.548e-03	2.928e-03	4.913e-05	18356	841	9.861e-01	5.102e-04	2.954e-03	4.957e-05
												10725	992	9.525e-02	3.283e-03	2.410e-03	4.043e-05	10713	991	7.825e-02	1.986e-03	2.373e-03	3.982e-05																			11885	941	9.294e-02	1.721e-03	2.488e-03	4.174e-05	12520	917	1.491e-01	4.459e-03	2.539e-03	4.261e-05	17278	890	6.435e-01	1.039e-02	2.725e-03	4.573e-05	17766	867	8.869e-01	2.566e-03	2.928e-03	4.913e-05	18476	841	9.861e-01	5.098e-04	2.954e-03	4.957e-05
												10815	992	9.530e-02	3.269e-03	2.410e-03	4.043e-05	10803	991	7.880e-02	1.970e-03	2.373e-03	3.982e-05																			11975	942	9.293e-02	1.720e-03	2.488e-03	4.174e-05	12610	917	1.447e-01	4.266e-03	2.539e-03	4.261e-05	17398	891	6.433e-01	1.039e-02	2.725e-03	4.573e-05	17886	867	8.869e-01	2.569e-03	2.928e-03	4.913e-05	18596	841	9.865e-01	4.949e-04	2.954e-03	4.957e-05
												10905	992	9.471e-02	3.273e-03	2.410e-03	4.043e-05	10893	991	7.534e-02	2.043e-03	2.373e-03	3.982e-05																			12065	942	9.342e-02	1.732e-03	2.488e-03	4.174e-05	12700	917	1.469e-01	4.361e-03	2.539e-03	4.261e-05	17518	891	6.419e-01	1.046e-02	2.725e-03	4.573e-05	18006	867	8.851e-01	2.638e-03	2.928e-03	4.913e-05	18716	841	9.755e-01	5.003e-04	2.954e-03	4.957e-05
												10995	992	9.600e-02	3.238e-03	2.410e-03	4.043e-05	10983	991	7.595e-02	2.014e-03	2.373e-03	3.982e-05																			12155	942	7.569e-02	1.459e-03	2.462e-03	4.130e-05	12790	917	1.457e-01	4.307e-03	2.539e-03	4.261e-05	17638	891	6.385e-01	1.061e-02	2.725e-03	4.573e-05	18126	866	8.856e-01	2.617e-03	2.928e-03	4.913e-05	18836	841	9.862e-01	5.076e-04	2.954e-03	4.957e-05
												11085	992	9.562e-02	3.227e-03	2.410e-03	4.043e-05	11073	991	7.414e-02	2.057e-03	2.373e-03	3.982e-05																			12245	942	7.520e-02	1.444e-03	2.462e-03	4.130e-05	12880	917	1.432e-01	4.200e-03	2.539e-03	4.261e-05	17758	891	6.399e-01	1.055e-02	2.725e-03	4.573e-05	18246	866	8.851e-01	2.638e-03	2.928e-03	4.913e-05	18956	841	9.759e-01	4.854e-04	2.954e-03	4.957e-05
												11175	992	8.873e-02	2.771e-03	2.384e-03	4.000e-05	11163	991	7.531e-02	2.010e-03	2.373e-03	3.982e-05																			12335	942	7.420e-02	1.414e-03	2.462e-03	4.130e-05	12970	916	1.205e-01	3.961e-03	2.539e-03	4.261e-05	17878	891	6.377e-01	1.065e-02	2.725e-03	4.573e-05	18366	866	8.727e-01	2.667e-03	2.928e-03	4.913e-05	19076	840	9.957e-01	5.438e-04	2.980e-03	5.000e-05
												11265	992	9.605e-02	3.197e-03	2.410e-03	4.043e-05	11253	991	7.390e-02	2.046e-03	2.373e-03	3.982e-05																			12425	942	7.520e-02	1.444e-03	2.462e-03	4.130e-05	13060	916	1.142e-01	3.675e-03	2.539e-03	4.261e-05	17998	891	6.379e-01	1.064e-02	2.725e-03	4.573e-05	18486	866	8.709e-01	2.735e-03	2.928e-03	4.913e-05	19196	841	9.856e-01	5.275e-04	2.954e-03	4.957e-05
												11355	992	9.612e-02	3.172e-03	2.410e-03	4.043e-05	11343	991	7.452e-02	2.024e-03	2.373e-03	3.982e-05																			12515	942	7.443e-02	1.421e-03	2.462e-03	4.130e-05	13150	917	1.273e-01	3.527e-03	2.591e-03	4.348e-05	18118	891	6.357e-01	1.074e-02	2.725e-03	4.573e-05	18606	866	8.701e-01	2.766e-03	2.928e-03	4.913e-05	19316	841	9.857e-01	5.242e-04	2.954e-03	4.957e-05
												11445	992	9.641e-02	3.151e-03	2.410e-03	4.043e-05	11433	991	7.377e-02	2.036e-03	2.373e-03	3.982e-05																			12605	942	7.421e-02	1.415e-03	2.462e-03	4.130e-05	13240	917	1.503e-01	3.844e-03	2.591e-03	4.348e-05	18238	891	6.335e-01	1.084e-02	2.725e-03	4.573e-05	18726	867	8.837e-01	2.691e-03	2.928e-03	4.913e-05	19436	841	9.737e-01	5.682e-04	2.954e-03	4.957e-05
												11535	992	9.419e-02	3.213e-03	2.410e-03	4.043e-05	11523	991	7.154e-02	2.091e-03	2.373e-03	3.982e-05																			12695	942	7.520e-02	1.444e-03	2.462e-03	4.130e-05	13330	917	1.524e-01	3.932e-03	2.591e-03	4.348e-05	18358	891	6.361e-01	1.072e-02	2.725e-03	4.573e-05	18846	866	8.949e-01	2.701e-03	2.928e-03	4.913e-05	19556	841	9.749e-01	5.207e-04	2.954e-03	4.957e-05
												11625	992	9.518e-02	3.171e-03	2.410e-03	4.043e-05	11613	991	7.433e-02	2.000e-03	2.373e-03	3.982e-05																			12785	942	7.520e-02	1.444e-03	2.462e-03	4.130e-05	13420	917	1.499e-01	3.828e-03	2.591e-03	4.348e-05	18478	891	6.315e-01	1.094e-02	2.725e-03	4.573e-05	18966	867	8.954e-01	2.682e-03	2.928e-03	4.913e-05	19676	841	9.863e-01	5.033e-04	2.954e-03	4.957e-05
												11715	992	9.352e-02	3.183e-03	2.410e-03	4.043e-05	11703	991	7.261e-02	2.038e-03	2.373e-03	3.982e-05																			12875	942	7.421e-02	1.415e-03	2.462e-03	4.130e-05	13510	917	1.474e-01	3.726e-03	2.591e-03	4.348e-05	18598	891	6.318e-01	1.092e-02	2.725e-03	4.573e-05	19086	867	8.946e-01	2.711e-03	2.928e-03	4.913e-05	19796	841	9.856e-01	5.279e-04	2.954e-03	4.957e-05
												11805	992	9.141e-02	3.248e-03	2.410e-03	4.043e-05	11793	991	7.482e-02	1.969e-03	2.373e-03	3.982e-05																			12965	942	7.569e-02	1.459e-03	2.462e-03	4.130e-05	13600	917	1.351e-01	3.844e-03	2.539e-03	4.261e-05	18718	891	6.122e-01	1.124e-02	2.725e-03	4.573e-05	19206	867	8.942e-01	2.729e-03	2.928e-03	4.913e-05	19916	841	9.861e-01	5.100e-04	2.954e-03	4.957e-05
												11895	992	9.331e-02	3.188e-03	2.410e-03	4.043e-05	11883	991	7.470e-02	1.977e-03	2.373e-03	3.982e-05																			13055	942	7.471e-02	1.430e-03	2.462e-03	4.130e-05	13690	917	1.347e-01	3.824e-03	2.539e-03	4.261e-05	18838	890	6.098e-01	1.135e-02	2.725e-03	4.573e-05	19326	867	8.818e-01	2.762e-03	2.928e-03	4.913e-05	20036	840	9.856e-01	5.270e-04	2.954e-03	4.957e-05
												11985	992	9.137e-02	3.241e-03	2.410e-03	4.043e-05	11973	991	6.757e-02	1.471e-03	2.347e-03	3.938e-05																			13145	942	7.471e-02	1.430e-03	2.462e-03	4.130e-05	13780	917	1.332e-01	3.759e-03	2.539e-03	4.261e-05	18958	891	6.111e-01	1.129e-02	2.725e-03	4.573e-05	19446	867	8.934e-01	2.757e-03	2.928e-03	4.913e-05	20156	840	9.858e-01	5.184e-04	2.954e-03	4.957e-05
												12075	992	9.552e-02	3.100e-03	2.410e-03	4.043e-05	12063	991	6.838e-02	1.446e-03	2.347e-03	3.938e-05																			13235	941	7.471e-02	1.430e-03	2.462e-03	4.130e-05	13870	917	1.332e-01	3.759e-03	2.539e-03	4.261e-05	19078	891	6.079e-01	1.143e-02	2.725e-03	4.573e-05	19566	866	8.822e-01	2.750e-03	2.928e-03	4.913e-05	20276	841	9.848e-01	5.555e-04	2.954e-03	4.957e-05
												12165	992	9.399e-02	3.130e-03	2.410e-03	4.043e-05	12153	991	6.695e-02	1.471e-03	2.347e-03	3.938e-05																			13325	942	7.375e-02	1.401e-03	2.462e-03	4.130e-05	13960	917	1.291e-01	3.585e-03	2.539e-03	4.261e-05	19198	891	5.765e-01	1.168e-02	2.700e-03	4.530e-05	19686	866	8.932e-01	2.766e-03	2.928e-03	4.913e-05	20396	841	9.848e-01	5.573e-04	2.954e-03	4.957e-05
												12255	992	9.335e-02	3.147e-03	2.410e-03	4.043e-05	12243	991	7.062e-02	1.386e-03	2.347e-03	3.938e-05																			13415	942	7.378e-02	1.403e-03	2.462e-03	4.130e-05	14050	917	1.271e-01	3.499e-03	2.539e-03	4.261e-05	19318	891	5.914e-01	1.160e-02	2.700e-03	4.530e-05	19806	866	8.809e-01	2.797e-03	2.928e-03	4.913e-05	20516	841	9.937e-01	6.197e-04	2.954e-03	4.957e-05
												12345	992	9.509e-02	3.082e-03	2.410e-03	4.043e-05	12333	991	6.902e-02	1.408e-03	2.347e-03	3.938e-05																			13505	942	7.424e-02	1.416e-03	2.462e-03	4.130e-05	14140	917	1.044e-01	3.238e-03	2.539e-03	4.261e-05	19438	891	5.912e-01	1.161e-02	2.700e-03	4.530e-05	19926	866	8.806e-01	2.810e-03	2.928e-03	4.913e-05	20636	841	9.851e-01	5.469e-04	2.954e-03	4.957e-05
												12435	992	9.398e-02	3.102e-03	2.410e-03	4.043e-05	12423	991	7.102e-02	1.377e-03	2.347e-03	3.938e-05																			13595	942	7.425e-02	1.417e-03	2.462e-03	4.130e-05	14230	917	1.034e-01	3.193e-03	2.539e-03	4.261e-05	19558	891	5.874e-01	1.179e-02	2.700e-03	4.530e-05	20046	867	8.909e-01	2.856e-03	2.928e-03	4.913e-05	20756	841	9.851e-01	5.466e-04	2.954e-03	4.957e-05
												12525	992	9.451e-02	3.084e-03	2.410e-03	4.043e-05	12513	991	7.230e-02	1.353e-03	2.347e-03	3.938e-05																			13685	942	7.284e-02	1.376e-03	2.462e-03	4.130e-05	14320	916	1.268e-01	3.487e-03	2.539e-03	4.261e-05	19678	891	5.829e-01	1.200e-02	2.700e-03	4.530e-05	20166	867	9.025e-01	2.841e-03	2.928e-03	4.913e-05	20876	841	9.743e-01	5.458e-04	2.954e-03	4.957e-05
												12615	992	9.402e-02	3.071e-03	2.410e-03	4.043e-05	12603	991	7.408e-02	1.316e-03	2.347e-03	3.938e-05																			13775	942	7.333e-02	1.390e-03	2.462e-03	4.130e-05	14410	917	1.250e-01	3.410e-03	2.539e-03	4.261e-05	19798	891	5.849e-01	1.190e-02	2.700e-03	4.530e-05	20286	867	8.918e-01	2.821e-03	2.928e-03	4.913e-05	20996	841	9.960e-01	5.337e-04	2.954e-03	4.957e-05
												12705	992	9.439e-02	3.064e-03	2.410e-03	4.043e-05	12693	991	7.240e-02	1.337e-03	2.347e-03	3.938e-05																			13865	942	7.118e-02	1.331e-03	2.462e-03	4.130e-05	14500	916	1.245e-01	3.388e-03	2.539e-03	4.261e-05	19918	891	5.814e-01	1.207e-02	2.700e-03	4.530e-05	20406	867	8.902e-01	2.882e-03	2.928e-03	4.913e-05	21116	841	9.854e-01	5.349e-04	2.954e-03	4.957e-05
												12795	992	9.589e-02	2.998e-03	2.410e-03	4.043e-05	12783	991	7.452e-02	1.303e-03	2.347e-03	3.938e-05																			13955	942	7.164e-02	1.344e-03	2.462e-03	4.130e-05	14590	917	1.002e-01	3.054e-03	2.539e-03	4.261e-05	20038	890	5.807e-01	1.210e-02	2.700e-03	4.530e-05	20526	867	8.904e-01	2.873e-03	2.928e-03	4.913e-05	21236	840	9.842e-01	5.788e-04	2.954e-03	4.957e-05
												12885	992	9.341e-02	3.066e-03	2.410e-03	4.043e-05	12873	991	7.335e-02	1.305e-03	2.347e-03	3.938e-05																			14045	942	7.167e-02	1.345e-03	2.462e-03	4.130e-05	14680	916	7.540e-02	2.758e-03	2.539e-03	4.261e-05	20158	890	5.787e-01	1.219e-02	2.700e-03	4.530e-05	20646	867	9.009e-01	2.904e-03	2.928e-03	4.913e-05	21356	840	9.850e-01	5.496e-04	2.954e-03	4.957e-05
												12975	992	8.959e-02	3.174e-03	2.410e-03	4.043e-05	12963	991	7.282e-02	1.305e-03	2.347e-03	3.938e-05																			14135	942	7.118e-02	1.331e-03	2.462e-03	4.130e-05	14770	917	9.868e-02	2.985e-03	2.539e-03	4.261e-05	20278	891	5.786e-01	1.220e-02	2.700e-03	4.530e-05	20766	866	8.775e-01	2.933e-03	2.928e-03	4.913e-05	21476	841	9.948e-01	5.809e-04	2.954e-03	4.957e-05
												13065	992	9.115e-02	3.120e-03	2.410e-03	4.043e-05	13053	991	7.233e-02	1.309e-03	2.347e-03	3.938e-05																			14225	942	7.167e-02	1.345e-03	2.462e-03	4.130e-05	14860	917	1.007e-01	3.078e-03	2.539e-03	4.261e-05	20398	891	5.781e-01	1.222e-02	2.700e-03	4.530e-05	20886	866	8.765e-01	2.969e-03	2.928e-03	4.913e-05	21596	841	9.735e-01	5.731e-04	2.954e-03	4.957e-05
												13155	992	9.074e-02	3.130e-03	2.410e-03	4.043e-05	13143	991	7.518e-02	1.281e-03	2.347e-03	3.938e-05																			14315	942	7.217e-02	1.358e-03	2.462e-03	4.130e-05	14950	917	1.002e-01	3.055e-03	2.539e-03	4.261e-05	20518	891	5.755e-01	1.235e-02	2.700e-03	4.530e-05	21006	866	8.754e-01	3.013e-03	2.928e-03	4.913e-05	21716	841	9.937e-01	6.194e-04	2.954e-03	4.957e-05
												13245	992	9.028e-02	3.124e-03	2.410e-03	4.043e-05	13233	991	7.632e-02	1.274e-03	2.347e-03	3.938e-05																			14405	942	7.167e-02	1.345e-03	2.462e-03	4.130e-05	15040	917	1.002e-01	3.056e-03	2.539e-03	4.261e-05	20638	891	5.730e-01	1.246e-02	2.700e-03	4.530e-05	21126	866	8.758e-01	3.000e-03	2.928e-03	4.913e-05	21836	841	9.953e-01	5.628e-04	2.954e-03	4.957e-05
												13335	991	9.039e-02	3.116e-03	2.410e-03	4.043e-05	13323	991	7.645e-02	1.272e-03	2.347e-03	3.938e-05																			14495	941	7.266e-02	1.372e-03	2.462e-03	4.130e-05	15130	917	9.973e-02	3.033e-03	2.539e-03	4.261e-05	20758	891	5.584e-01	1.252e-02	2.700e-03	4.530e-05	21246	866	8.883e-01	2.955e-03	2.928e-03	4.913e-05	21956	841	9.851e-01	5.470e-04	2.954e-03	4.957e-05
												13425	992	9.194e-02	3.044e-03	2.410e-03	4.043e-05	13413	991	7.862e-02	1.268e-03	2.347e-03	3.938e-05																			14585	942	7.167e-02	1.345e-03	2.462e-03	4.130e-05	15220	917	1.007e-01	3.075e-03	2.539e-03	4.261e-05	20878	891	5.733e-01	1.245e-02	2.700e-03	4.530e-05	21366	866	8.861e-01	3.044e-03	2.928e-03	4.913e-05	22076	841	9.843e-01	5.749e-04	2.954e-03	4.957e-05
												13515	992	9.375e-02	2.956e-03	2.410e-03	4.043e-05	13503	991	7.799e-02	1.262e-03	2.347e-03	3.938e-05																			14675	942	7.069e-02	1.318e-03	2.462e-03	4.130e-05	15310	917	9.633e-02	2.879e-03	2.539e-03	4.261e-05	20998	891	5.702e-01	1.259e-02	2.700e-03	4.530e-05	21486	867	8.866e-01	3.025e-03	2.928e-03	4.913e-05	22196	841	9.846e-01	5.625e-04	2.954e-03	4.957e-05
												13605	992	9.230e-02	2.971e-03	2.410e-03	4.043e-05	13593	991	7.839e-02	1.264e-03	2.347e-03	3.938e-05																			14765	942	7.119e-02	1.332e-03	2.462e-03	4.130e-05	15400	917	9.737e-02	2.926e-03	2.539e-03	4.261e-05	21118	891	5.711e-01	1.255e-02	2.700e-03	4.530e-05	21606	867	8.740e-01	3.068e-03	2.928e-03	4.913e-05	22316	840	9.837e-01	5.969e-04	2.954e-03	4.957e-05
												13695	992	9.072e-02	2.386e-03	2.384e-03	4.000e-05	13683	991	7.786e-02	1.260e-03	2.347e-03	3.938e-05																			14855	942	7.045e-02	1.312e-03	2.462e-03	4.130e-05	15490	917	4.961e-02	2.492e-03	2.488e-03	4.174e-05	21238	891	5.693e-01	1.264e-02	2.700e-03	4.530e-05	21726	867	8.730e-01	3.107e-03	2.928e-03	4.913e-05	22436	840	9.838e-01	5.923e-04	2.954e-03	4.957e-05
												13785	992	9.703e-02	2.801e-03	2.410e-03	4.043e-05	13773	991	7.709e-02	1.257e-03	2.347e-03	3.938e-05																			14945	942	7.048e-02	1.313e-03	2.462e-03	4.130e-05	15580	917	5.070e-02	2.544e-03	2.488e-03	4.174e-05	21358	890	5.696e-01	1.263e-02	2.700e-03	4.530e-05	21846	866	8.731e-01	3.103e-03	2.928e-03	4.913e-05	22556	840	9.732e-01	5.842e-04	2.954e-03	4.957e-05
												13875	992	9.298e-02	2.321e-03	2.384e-03	4.000e-05	13863	991	7.673e-02	1.255e-03	2.347e-03	3.938e-05																			15035	942	7.048e-02	1.313e-03	2.462e-03	4.130e-05	15670	917	7.037e-02	2.525e-03	2.539e-03	4.261e-05	21478	890	5.679e-01	1.271e-02	2.700e-03	4.530e-05	21966	866	8.971e-01	3.055e-03	2.928e-03	4.913e-05	22676	841	9.936e-01	6.243e-04	2.954e-03	4.957e-05
												13965	992	9.140e-02	2.345e-03	2.384e-03	4.000e-05	13953	991	7.718e-02	1.249e-03	2.347e-03	3.938e-05																			15125	942	7.172e-02	1.346e-03	2.462e-03	4.130e-05	15760	917	4.548e-02	2.307e-03	2.539e-03	4.261e-05	21598	891	5.503e-01	1.291e-02	2.700e-03	4.530e-05	22086	866	8.959e-01	3.099e-03	2.928e-03	4.913e-05	22796	841	9.935e-01	6.268e-04	2.954e-03	4.957e-05
												14055	992	9.492e-02	2.245e-03	2.384e-03	4.000e-05	14043	991	6.751e-02	1.038e-03	2.321e-03	3.894e-05																			15215	942	7.048e-02	1.313e-03	2.462e-03	4.130e-05	15850	917	4.359e-02	2.219e-03	2.539e-03	4.261e-05	21718	891	5.646e-01	1.286e-02	2.700e-03	4.530e-05	22206	866	8.588e-01	3.210e-03	2.928e-03	4.913e-05	22916	841	9.944e-01	5.952e-04	2.954e-03	4.957e-05
												14145	992	9.348e-02	2.275e-03	2.384e-03	4.000e-05	14133	991	7.431e-02	1.250e-03	2.347e-03	3.938e-05																			15305	942	7.026e-02	1.308e-03	2.462e-03	4.130e-05	15940	916	4.387e-02	2.233e-03	2.539e-03	4.261e-05	21838	891	5.471e-01	1.306e-02	2.700e-03	4.530e-05	22326	866	8.602e-01	3.153e-03	2.876e-03	4.826e-05	23036	841	9.942e-01	6.022e-04	2.954e-03	4.957e-05
												14235	992	9.374e-02	2.261e-03	2.384e-03	4.000e-05	14223	991	7.835e-02	1.249e-03	2.347e-03	3.938e-05																			15395	942	7.103e-02	1.328e-03	2.462e-03	4.130e-05	16030	917	2.288e-02	2.299e-03	2.488e-03	4.174e-05	21958	891	5.468e-01	1.308e-02	2.700e-03	4.530e-05	22446	866	8.479e-01	3.172e-03	2.876e-03	4.826e-05	23156	841	9.938e-01	6.171e-04	2.954e-03	4.957e-05
												14325	992	9.769e-02	2.178e-03	2.384e-03	4.000e-05	14313	991	7.780e-02	1.242e-03	2.347e-03	3.938e-05																			15485	942	7.002e-02	1.302e-03	2.462e-03	4.130e-05	16120	916	4.634e-02	2.338e-03	2.514e-03	4.217e-05	22078	891	5.639e-01	1.290e-02	2.700e-03	4.530e-05	22566	866	8.493e-01	3.118e-03	2.876e-03	4.826e-05	23276	841	9.934e-01	6.316e-04	2.954e-03	4.957e-05
												14415	991	9.609e-02	2.198e-03	2.384e-03	4.000e-05	14403	991	6.983e-02	1.088e-03	2.321e-03	3.894e-05																			15575	941	6.858e-02	1.267e-03	2.462e-03	4.130e-05	16210	916	6.940e-02	2.474e-03	2.488e-03	4.174e-05	22198	891	5.636e-01	1.291e-02	2.700e-03	4.530e-05	22686	867	8.486e-01	3.144e-03	2.876e-03	4.826e-05	23396	841	9.941e-01	6.048e-04	2.954e-03	4.957e-05
												14505	992	9.769e-02	2.163e-03	2.384e-03	4.000e-05	14493	991	6.991e-02	1.091e-03	2.321e-03	3.894e-05																			15665	942	6.956e-02	1.291e-03	2.462e-03	4.130e-05	16300	917	6.781e-02	2.401e-03	2.488e-03	4.174e-05	22318	890	5.633e-01	1.293e-02	2.700e-03	4.530e-05	22806	867	8.722e-01	3.139e-03	2.902e-03	4.870e-05	23516	841	9.832e-01	6.142e-04	2.954e-03	4.957e-05
												14595	991	9.602e-02	2.187e-03	2.384e-03	4.000e-05	14583	991	6.807e-02	1.053e-03	2.321e-03	3.894e-05																			15755	942	7.002e-02	1.302e-03	2.462e-03	4.130e-05	16390	917	6.863e-02	2.439e-03	2.514e-03	4.217e-05	22438	891	5.623e-01	1.297e-02	2.700e-03	4.530e-05	22926	866	8.719e-01	3.154e-03	2.902e-03	4.870e-05	23636	840	9.824e-01	6.438e-04	2.954e-03	4.957e-05
												14685	991	9.576e-02	2.176e-03	2.384e-03	4.000e-05	14673	991	6.461e-02	9.924e-04	2.321e-03	3.894e-05																			15845	941	6.809e-02	1.256e-03	2.462e-03	4.130e-05	16480	917	8.947e-02	2.571e-03	2.514e-03	4.217e-05	22558	891	5.633e-01	1.293e-02	2.700e-03	4.530e-05	23046	866	8.597e-01	3.173e-03	2.902e-03	4.870e-05	23756	841	9.954e-01	5.592e-04	2.954e-03	4.957e-05
												14775	991	9.672e-02	2.151e-03	2.384e-03	4.000e-05	14763	991	6.506e-02	9.997e-04	2.321e-03	3.894e-05																			15935	942	6.740e-02	1.240e-03	2.462e-03	4.130e-05	16570	917	6.571e-02	2.305e-03	2.514e-03	4.217e-05	22678	890	5.623e-01	1.297e-02	2.700e-03	4.530e-05	23166	866	8.597e-01	3.174e-03	2.902e-03	4.870e-05	23876	840	9.956e-01	5.522e-04	2.954e-03	4.957e-05
												14865	992	9.409e-02	2.185e-03	2.384e-03	4.000e-05	14853	991	6.510e-02	1.001e-03	2.321e-03	3.894e-05																			16025	942	6.837e-02	1.262e-03	2.462e-03	4.130e-05	16660	917	9.076e-02	2.628e-03	2.514e-03	4.217e-05	22798	891	5.589e-01	1.313e-02	2.700e-03	4.530e-05	23286	866	8.690e-01	3.266e-03	2.928e-03	4.913e-05	23996	841	9.945e-01	5.905e-04	2.954e-03	4.957e-05
												14955	991	9.591e-02	2.146e-03	2.384e-03	4.000e-05	14943	990	6.592e-02	1.016e-03	2.321e-03	3.894e-05																			16115	942	6.886e-02	1.274e-03	2.462e-03	4.130e-05	16750	917	8.868e-02	2.535e-03	2.514e-03	4.217e-05	22918	891	5.743e-01	1.302e-02	2.700e-03	4.530e-05	23406	866	8.583e-01	3.230e-03	2.902e-03	4.870e-05	24116	841	9.940e-01	6.096e-04	2.954e-03	4.957e-05
												15045	991	9.334e-02	2.185e-03	2.384e-03	4.000e-05	15033	991	6.563e-02	1.010e-03	2.321e-03	3.894e-05																			16205	942	6.838e-02	1.263e-03	2.462e-03	4.130e-05	16840	917	5.988e-02	2.036e-03	2.514e-03	4.217e-05	23038	891	5.595e-01	1.311e-02	2.674e-03	4.487e-05	23526	866	8.712e-01	3.181e-03	2.902e-03	4.870e-05	24236	841	9.930e-01	6.462e-04	2.954e-03	4.957e-05
												15135	992	9.542e-02	2.140e-03	2.384e-03	4.000e-05	15123	991	6.622e-02	1.023e-03	2.321e-03	3.894e-05																			16295	942	6.668e-02	1.225e-03	2.462e-03	4.130e-05	16930	917	9.756e-02	2.278e-03	2.565e-03	4.304e-05	23158	891	5.613e-01	1.302e-02	2.674e-03	4.487e-05	23646	866	8.710e-01	3.190e-03	2.902e-03	4.870e-05	24356	841	9.932e-01	6.390e-04	2.954e-03	4.957e-05
												15225	992	9.693e-02	2.110e-03	2.384e-03	4.000e-05	15213	990	6.399e-02	9.829e-04	2.321e-03	3.894e-05																			16385	942	6.770e-02	1.247e-03	2.462e-03	4.130e-05	17020	917	1.222e-01	2.721e-03	2.565e-03	4.304e-05	23278	891	5.597e-01	1.310e-02	2.674e-03	4.487e-05	23766	866	8.708e-01	3.195e-03	2.902e-03	4.870e-05	24476	841	9.934e-01	6.316e-04	2.954e-03	4.957e-05
												15315	992	9.531e-02	2.130e-03	2.384e-03	4.000e-05																									16475	942	6.943e-02	1.288e-03	2.462e-03	4.130e-05	17110	917	1.009e-01	2.413e-03	2.565e-03	4.304e-05	23398	891	5.587e-01	1.315e-02	2.674e-03	4.487e-05	23886	867	8.711e-01	3.184e-03	2.902e-03	4.870e-05	24596	841	9.932e-01	6.390e-04	2.954e-03	4.957e-05
												15405	992	9.520e-02	2.105e-03	2.384e-03	4.000e-05																									16565	942	6.746e-02	1.242e-03	2.462e-03	4.130e-05	17200	917	8.628e-02	2.427e-03	2.514e-03	4.217e-05	23518	891	5.552e-01	1.331e-02	2.674e-03	4.487e-05	24006	867	8.830e-01	3.168e-03	2.902e-03	4.870e-05	24716	841	9.941e-01	6.052e-04	2.954e-03	4.957e-05
												15495	992	9.293e-02	2.151e-03	2.384e-03	4.000e-05																									16655	942	6.674e-02	1.227e-03	2.462e-03	4.130e-05	17290	917	1.007e-01	2.403e-03	2.565e-03	4.304e-05	23638	891	5.565e-01	1.325e-02	2.674e-03	4.487e-05	24126	867	8.692e-01	3.257e-03	2.902e-03	4.870e-05	24836	840	9.942e-01	6.027e-04	2.954e-03	4.957e-05
												15585	991	9.524e-02	2.103e-03	2.384e-03	4.000e-05																									16745	942	6.627e-02	1.217e-03	2.462e-03	4.130e-05	17380	917	8.738e-02	2.478e-03	2.514e-03	4.217e-05	23758	890	5.559e-01	1.328e-02	2.674e-03	4.487e-05	24246	867	8.694e-01	3.254e-03	2.902e-03	4.870e-05	24956	840	9.931e-01	6.411e-04	2.954e-03	4.957e-05
												15675	992	9.190e-02	2.158e-03	2.384e-03	4.000e-05																									16835	942	6.485e-02	1.189e-03	2.462e-03	4.130e-05	17470	917	5.879e-02	1.985e-03	2.514e-03	4.217e-05	23878	890	5.530e-01	1.342e-02	2.674e-03	4.487e-05	24366	866	8.689e-01	3.272e-03	2.902e-03	4.870e-05	25076	841	9.933e-01	6.340e-04	2.954e-03	4.957e-05
												15765	992	9.482e-02	2.086e-03	2.384e-03	4.000e-05																									16925	941	6.535e-02	1.199e-03	2.462e-03	4.130e-05	17560	917	5.988e-02	2.037e-03	2.514e-03	4.217e-05	23998	891	5.517e-01	1.348e-02	2.674e-03	4.487e-05	24486	866	8.428e-01	3.374e-03	2.902e-03	4.870e-05	25196	841	9.929e-01	6.484e-04	2.954e-03	4.957e-05
												15855	991	9.379e-02	2.107e-03	2.384e-03	4.000e-05																									17015	942	6.627e-02	1.217e-03	2.462e-03	4.130e-05	17650	917	1.201e-01	2.646e-03	2.565e-03	4.304e-05	24118	891	5.487e-01	1.362e-02	2.674e-03	4.487e-05	24606	866	8.682e-01	3.296e-03	2.902e-03	4.870e-05	25316	841	9.933e-01	6.337e-04	2.954e-03	4.957e-05
												15945	991	9.332e-02	2.099e-03	2.384e-03	4.000e-05																									17105	941	6.485e-02	1.189e-03	2.462e-03	4.130e-05	17740	917	9.832e-02	2.308e-03	2.565e-03	4.304e-05	24238	891	5.472e-01	1.370e-02	2.674e-03	4.487e-05	24726	866	8.550e-01	3.358e-03	2.902e-03	4.870e-05	25436	841	9.930e-01	6.465e-04	2.954e-03	4.957e-05
												16035	991	9.246e-02	2.105e-03	2.384e-03	4.000e-05																									17195	942	6.535e-02	1.199e-03	2.462e-03	4.130e-05	17830	917	9.677e-02	2.247e-03	2.565e-03	4.304e-05	24358	891	5.484e-01	1.364e-02	2.674e-03	4.487e-05	24846	866	8.789e-01	3.327e-03	2.902e-03	4.870e-05	25556	841	9.932e-01	6.390e-04	2.954e-03	4.957e-05
												16125	991	9.402e-02	2.079e-03	2.384e-03	4.000e-05																									17285	941	6.579e-02	1.207e-03	2.462e-03	4.130e-05	17920	917	1.209e-01	2.674e-03	2.565e-03	4.304e-05	24478	891	5.487e-01	1.362e-02	2.674e-03	4.487e-05	24966	867	8.809e-01	3.249e-03	2.902e-03	4.870e-05	25676	841	9.930e-01	6.462e-04	2.954e-03	4.957e-05
												16215	991	9.470e-02	2.061e-03	2.384e-03	4.000e-05																									17375	941	6.585e-02	1.208e-03	2.462e-03	4.130e-05	18010	917	9.574e-02	2.207e-03	2.565e-03	4.304e-05	24598	891	5.471e-01	1.370e-02	2.674e-03	4.487e-05	25086	867	8.798e-01	3.291e-03	2.902e-03	4.870e-05	25796	841	9.932e-01	6.390e-04	2.954e-03	4.957e-05
												16305	991	9.363e-02	2.061e-03	2.384e-03	4.000e-05																									17465	941	6.637e-02	1.219e-03	2.462e-03	4.130e-05	18100	917	1.031e-01	2.489e-03	2.565e-03	4.304e-05	24718	891	5.283e-01	1.396e-02	2.674e-03	4.487e-05	25206	867	8.803e-01	3.274e-03	2.902e-03	4.870e-05	25916	841	9.930e-01	6.460e-04	2.954e-03	4.957e-05
												16395	992	9.363e-02	2.061e-03	2.384e-03	4.000e-05																									17555	942	6.635e-02	1.219e-03	2.462e-03	4.130e-05	18190	917	1.194e-01	2.621e-03	2.565e-03	4.304e-05	24838	890	5.277e-01	1.400e-02	2.674e-03	4.487e-05	25326	867	8.794e-01	3.310e-03	2.902e-03	4.870e-05	26036	841	9.930e-01	6.462e-04	2.954e-03	4.957e-05
												16485	992	9.424e-02	2.046e-03	2.384e-03	4.000e-05																									17645	942	6.450e-02	1.183e-03	2.462e-03	4.130e-05	18280	917	1.021e-01	2.448e-03	2.565e-03	4.304e-05	24958	891	5.446e-01	1.382e-02	2.674e-03	4.487e-05	25446	866	8.795e-01	3.303e-03	2.902e-03	4.870e-05	26156	840	9.929e-01	6.512e-04	2.954e-03	4.957e-05
												16575	991	9.489e-02	2.030e-03	2.384e-03	4.000e-05																									17735	942	6.485e-02	1.189e-03	2.462e-03	4.130e-05	18370	917	7.597e-02	1.990e-03	2.565e-03	4.304e-05	25078	890	5.445e-01	1.383e-02	2.674e-03	4.487e-05	25566	866	8.793e-01	3.314e-03	2.902e-03	4.870e-05	26276	841	9.940e-01	6.100e-04	2.954e-03	4.957e-05
												16665	991	9.424e-02	2.017e-03	2.384e-03	4.000e-05																									17825	942	6.515e-02	1.195e-03	2.462e-03	4.130e-05	18460	917	7.624e-02	2.001e-03	2.565e-03	4.304e-05	25198	890	5.426e-01	1.392e-02	2.674e-03	4.487e-05	25686	866	8.791e-01	3.321e-03	2.902e-03	4.870e-05	26396	841	9.827e-01	6.343e-04	2.954e-03	4.957e-05
												16755	991	9.436e-02	2.026e-03	2.384e-03	4.000e-05																									17915	942	6.533e-02	1.198e-03	2.462e-03	4.130e-05	18550	917	1.003e-01	2.378e-03	2.565e-03	4.304e-05	25318	891	5.259e-01	1.408e-02	2.674e-03	4.487e-05	25806	866	8.896e-01	3.351e-03	2.902e-03	4.870e-05	26516	840	9.936e-01	6.245e-04	2.954e-03	4.957e-05
												16845	991	9.363e-02	2.031e-03	2.384e-03	4.000e-05																									18005	942	6.619e-02	1.216e-03	2.462e-03	4.130e-05	18640	917	9.323e-02	2.112e-03	2.565e-03	4.304e-05	25438	891	5.247e-01	1.414e-02	2.674e-03	4.487e-05	25926	866	8.888e-01	3.382e-03	2.902e-03	4.870e-05	26636	841	9.938e-01	6.168e-04	2.954e-03	4.957e-05
												16935	991	9.341e-02	2.027e-03	2.384e-03	4.000e-05																									18095	942	6.470e-02	1.186e-03	2.462e-03	4.130e-05	18730	917	1.164e-01	2.514e-03	2.565e-03	4.304e-05	25558	891	5.244e-01	1.415e-02	2.674e-03	4.487e-05	26046	867	8.889e-01	3.376e-03	2.902e-03	4.870e-05	26756	841	9.928e-01	6.535e-04	2.954e-03	4.957e-05
												17025	991	9.303e-02	2.022e-03	2.384e-03	4.000e-05																									18185	942	6.484e-02	1.189e-03	2.462e-03	4.130e-05	18820	917	9.273e-02	2.093e-03	2.565e-03	4.304e-05	25678	891	5.205e-01	1.434e-02	2.674e-03	4.487e-05	26166	866	8.874e-01	3.437e-03	2.902e-03	4.870e-05	26876	841	9.932e-01	6.390e-04	2.954e-03	4.957e-05
												17115	992	9.419e-02	1.983e-03	2.384e-03	4.000e-05																									18275	942	6.591e-02	1.210e-03	2.462e-03	4.130e-05	18910	916	9.848e-02	2.306e-03	2.565e-03	4.304e-05	25798	891	5.205e-01	1.434e-02	2.674e-03	4.487e-05	26286	867	8.868e-01	3.459e-03	2.902e-03	4.870e-05	26996	841	9.928e-01	6.534e-04	2.954e-03	4.957e-05
												17205	991	9.249e-02	2.019e-03	2.384e-03	4.000e-05																									18365	941	6.334e-02	1.163e-03	2.462e-03	4.130e-05	19000	917	1.151e-01	2.470e-03	2.565e-03	4.304e-05	25918	891	5.341e-01	1.433e-02	2.674e-03	4.487e-05	26406	867	8.866e-01	3.469e-03	2.902e-03	4.870e-05	27116	841	9.926e-01	6.608e-04	2.954e-03	4.957e-05
												17295	991	8.690e-02	1.647e-03	2.358e-03	3.957e-05																									18455	942	6.484e-02	1.189e-03	2.462e-03	4.130e-05	19090	917	4.879e-02	1.540e-03	2.565e-03	4.304e-05	26038	891	5.172e-01	1.450e-02	2.674e-03	4.487e-05	26526	867	8.764e-01	3.429e-03	2.902e-03	4.870e-05	27236	841	9.927e-01	6.559e-04	2.954e-03	4.957e-05
												17385	991	9.400e-02	1.977e-03	2.384e-03	4.000e-05																									18545	942	6.384e-02	1.171e-03	2.462e-03	4.130e-05	19180	917	2.794e-02	1.479e-03	2.514e-03	4.217e-05	26158	891	5.307e-01	1.449e-02	2.674e-03	4.487e-05	26646	866	8.867e-01	3.463e-03	2.902e-03	4.870e-05	27356	840	9.810e-01	6.962e-04	2.954e-03	4.957e-05
												17475	991	9.360e-02	1.981e-03	2.384e-03	4.000e-05																									18635	941	6.306e-02	1.158e-03	2.462e-03	4.130e-05	19270	917	5.268e-02	1.705e-03	2.514e-03	4.217e-05	26278	890	5.288e-01	1.459e-02	2.674e-03	4.487e-05	26766	866	8.734e-01	3.545e-03	2.902e-03	4.870e-05	27476	841	9.926e-01	6.608e-04	2.954e-03	4.957e-05
												17565	991	9.224e-02	2.001e-03	2.384e-03	4.000e-05																									18725	942	6.255e-02	1.151e-03	2.462e-03	4.130e-05	19360	917	5.268e-02	1.705e-03	2.514e-03	4.217e-05	26398	891	5.284e-01	1.461e-02	2.674e-03	4.487e-05	26886	866	8.856e-01	3.508e-03	2.902e-03	4.870e-05	27596	840	9.928e-01	6.535e-04	2.954e-03	4.957e-05
												17655	991	8.643e-02	1.633e-03	2.358e-03	3.957e-05																									18815	941	6.582e-02	1.208e-03	2.462e-03	4.130e-05	19450	917	5.322e-02	1.730e-03	2.514e-03	4.217e-05	26518	891	5.131e-01	1.470e-02	2.674e-03	4.487e-05	27006	866	8.725e-01	3.582e-03	2.902e-03	4.870e-05	27716	840	9.928e-01	6.534e-04	2.954e-03	4.957e-05
												17745	991	9.186e-02	1.989e-03	2.384e-03	4.000e-05																									18905	942	6.682e-02	1.229e-03	2.462e-03	4.130e-05	19540	917	5.295e-02	1.718e-03	2.514e-03	4.217e-05	26638	891	5.257e-01	1.474e-02	2.674e-03	4.487e-05	27126	866	8.856e-01	3.507e-03	2.902e-03	4.870e-05	27836	840	9.919e-01	6.853e-04	2.954e-03	4.957e-05
												17835	991	8.937e-02	1.591e-03	2.358e-03	3.957e-05																									18995	942	6.313e-02	1.159e-03	2.462e-03	4.130e-05	19630	917	5.215e-02	1.681e-03	2.514e-03	4.217e-05	26758	891	5.107e-01	1.482e-02	2.649e-03	4.444e-05	27246	866	8.848e-01	3.538e-03	2.902e-03	4.870e-05	27956	841	9.922e-01	6.753e-04	2.954e-03	4.957e-05
												17925	991	8.884e-02	1.590e-03	2.358e-03	3.957e-05																									19085	942	6.467e-02	1.186e-03	2.462e-03	4.130e-05	19720	917	5.348e-02	1.741e-03	2.514e-03	4.217e-05	26878	891	5.089e-01	1.491e-02	2.649e-03	4.444e-05	27366	866	8.716e-01	3.617e-03	2.902e-03	4.870e-05	28076	841	9.924e-01	6.683e-04	2.954e-03	4.957e-05
												18015	991	8.951e-02	1.578e-03	2.358e-03	3.957e-05																									19175	942	4.737e-02	9.006e-04	2.436e-03	4.087e-05	19810	917	5.215e-02	1.681e-03	2.514e-03	4.217e-05	26998	891	5.104e-01	1.484e-02	2.649e-03	4.444e-05	27486	867	8.716e-01	3.617e-03	2.902e-03	4.870e-05	28196	841	9.929e-01	6.504e-04	2.954e-03	4.957e-05
												18105	991	8.924e-02	1.585e-03	2.358e-03	3.957e-05																									19265	942	4.683e-02	8.848e-04	2.436e-03	4.087e-05	19900	917	5.215e-02	1.681e-03	2.514e-03	4.217e-05	27118	891	5.095e-01	1.488e-02	2.649e-03	4.444e-05	27606	867	8.592e-01	3.657e-03	2.902e-03	4.870e-05	28316	841	9.926e-01	6.605e-04	2.954e-03	4.957e-05
												18195	991	9.017e-02	1.573e-03	2.358e-03	3.957e-05																									19355	942	4.741e-02	9.024e-04	2.436e-03	4.087e-05	19990	917	5.321e-02	1.729e-03	2.514e-03	4.217e-05	27238	891	5.080e-01	1.496e-02	2.649e-03	4.444e-05	27726	866	8.586e-01	3.678e-03	2.902e-03	4.870e-05	28436	841	9.918e-01	6.900e-04	2.954e-03	4.957e-05
												18285	991	9.281e-02	1.561e-03	2.358e-03	3.957e-05																									19445	942	6.371e-02	1.169e-03	2.462e-03	4.130e-05	20080	917	5.107e-02	1.631e-03	2.514e-03	4.217e-05	27358	891	4.880e-01	1.526e-02	2.649e-03	4.444e-05	27846	866	8.469e-01	3.681e-03	2.902e-03	4.870e-05	28556	841	9.930e-01	6.462e-04	2.954e-03	4.957e-05
												18375	991	9.185e-02	1.556e-03	2.358e-03	3.957e-05																									19535	942	6.517e-02	1.195e-03	2.462e-03	4.130e-05	20170	917	5.161e-02	1.656e-03	2.514e-03	4.217e-05	27478	891	4.863e-01	1.535e-02	2.649e-03	4.444e-05	27966	866	8.588e-01	3.669e-03	2.902e-03	4.870e-05	28676	840	9.927e-01	6.579e-04	2.954e-03	4.957e-05
												18465	991	9.130e-02	1.553e-03	2.358e-03	3.957e-05																									19625	941	4.690e-02	8.876e-04	2.436e-03	4.087e-05	20260	917	4.947e-02	1.558e-03	2.514e-03	4.217e-05	27598	890	4.687e-01	1.553e-02	2.649e-03	4.444e-05	28086	866	8.452e-01	3.747e-03	2.902e-03	4.870e-05	28796	840	9.918e-01	6.913e-04	2.954e-03	4.957e-05
												18555	991	9.223e-02	1.554e-03	2.358e-03	3.957e-05																									19715	941	6.571e-02	1.206e-03	2.462e-03	4.130e-05	20350	916	5.082e-02	1.621e-03	2.514e-03	4.217e-05	27718	890	4.851e-01	1.541e-02	2.649e-03	4.444e-05	28206	866	8.449e-01	3.761e-03	2.902e-03	4.870e-05						
												18645	991	9.237e-02	1.549e-03	2.358e-03	3.957e-05																									19805	941	6.450e-02	1.183e-03	2.462e-03	4.130e-05	20440	917	5.055e-02	1.607e-03	2.514e-03	4.217e-05	27838	891	4.853e-01	1.540e-02	2.649e-03	4.444e-05	28326	866	8.568e-01	3.752e-03	2.902e-03	4.870e-05						
												18735	991	9.331e-02	1.546e-03	2.358e-03	3.957e-05																									19895	941	4.538e-02	8.463e-04	2.436e-03	4.087e-05	20530	917	5.108e-02	1.632e-03	2.514e-03	4.217e-05	27958	891	4.820e-01	1.556e-02	2.649e-03	4.444e-05	28446	866	8.571e-01	3.740e-03	2.902e-03	4.870e-05						
												18825	991	9.439e-02	1.553e-03	2.358e-03	3.957e-05																									19985	942	6.304e-02	1.157e-03	2.462e-03	4.130e-05	20620	916	5.135e-02	1.644e-03	2.514e-03	4.217e-05	28078	891	4.820e-01	1.556e-02	2.649e-03	4.444e-05	28566	866	8.570e-01	3.743e-03	2.902e-03	4.870e-05						
												18915	991	9.348e-02	1.545e-03	2.358e-03	3.957e-05																									20075	941	4.720e-02	8.968e-04	2.436e-03	4.087e-05	20710	917	8.703e-02	1.888e-03	2.565e-03	4.304e-05	28198	891	4.791e-01	1.570e-02	2.649e-03	4.444e-05	28686	866	8.565e-01	3.761e-03	2.902e-03	4.870e-05						
												19005	991	9.155e-02	1.539e-03	2.358e-03	3.957e-05																									20165	942	4.719e-02	8.964e-04	2.436e-03	4.087e-05	20800	916	4.813e-02	1.497e-03	2.514e-03	4.217e-05	28318	891	4.419e-01	1.615e-02	2.649e-03	4.444e-05	28806	866	8.563e-01	3.770e-03	2.902e-03	4.870e-05						
												19095	991	9.335e-02	1.538e-03	2.358e-03	3.957e-05																									20255	942	4.669e-02	8.821e-04	2.436e-03	4.087e-05	20890	917	4.838e-02	1.508e-03	2.514e-03	4.217e-05	28438	891	4.609e-01	1.591e-02	2.649e-03	4.444e-05												
												19185	991	9.343e-02	1.537e-03	2.358e-03	3.957e-05																									20345	942	4.618e-02	8.679e-04	2.436e-03	4.087e-05	20980	917	2.629e-02	1.402e-03	2.514e-03	4.217e-05	28558	891	4.413e-01	1.618e-02	2.649e-03	4.444e-05												
												19275	991	9.575e-02	1.550e-03	2.358e-03	3.957e-05																									20435	942	4.669e-02	8.821e-04	2.436e-03	4.087e-05	21070	917	4.973e-02	1.570e-03	2.514e-03	4.217e-05	28678	890	4.574e-01	1.608e-02	2.649e-03	4.444e-05												
												19365	991	9.436e-02	1.539e-03	2.358e-03	3.957e-05																									20525	942	4.720e-02	8.968e-04	2.436e-03	4.087e-05	21160	917	4.813e-02	1.497e-03	2.514e-03	4.217e-05	28798	891	4.398e-01	1.625e-02	2.649e-03	4.444e-05												
												19455	991	9.468e-02	1.538e-03	2.358e-03	3.957e-05																									20615	941	4.618e-02	8.679e-04	2.436e-03	4.087e-05	21250	917	4.895e-02	1.535e-03	2.514e-03	4.217e-05																		
												19545	991	9.382e-02	1.526e-03	2.358e-03	3.957e-05																									20705	941	4.873e-02	9.432e-04	2.436e-03	4.087e-05	21340	917	4.813e-02	1.497e-03	2.514e-03	4.217e-05																		
												19635	991	9.576e-02	1.543e-03	2.358e-03	3.957e-05																									20795	941	4.670e-02	8.826e-04	2.436e-03	4.087e-05	21430	917	4.892e-02	1.533e-03	2.514e-03	4.217e-05																		
												19725	991	9.597e-02	1.544e-03	2.358e-03	3.957e-05																									20885	941	4.386e-02	8.101e-04	2.436e-03	4.087e-05	21520	917	2.303e-02	1.249e-03	2.514e-03	4.217e-05																		
												19815	991	9.435e-02	1.530e-03	2.358e-03	3.957e-05																									20975	941	6.269e-02	1.152e-03	2.462e-03	4.130e-05	21610	917	2.217e-02	1.207e-03	2.514e-03	4.217e-05																		
												19905	991	9.694e-02	1.553e-03	2.358e-03	3.957e-05																									21065	941	4.574e-02	8.566e-04	2.436e-03	4.087e-05	21700	917	4.519e-02	1.364e-03	2.514e-03	4.217e-05																		
												19995	991	9.551e-02	1.539e-03	2.358e-03	3.957e-05																									21155	941	6.179e-02	1.138e-03	2.462e-03	4.130e-05	21790	917	4.626e-02	1.412e-03	2.514e-03	4.217e-05																		
												20085	991	9.510e-02	1.532e-03	2.358e-03	3.957e-05																									21245	941	4.386e-02	8.103e-04	2.436e-03	4.087e-05	21880	917	4.440e-02	1.328e-03	2.514e-03	4.217e-05																		
												20175	991	9.609e-02	1.541e-03	2.358e-03	3.957e-05																									21335	942	4.335e-02	7.985e-04	2.436e-03	4.087e-05	21970	916	4.706e-02	1.448e-03	2.514e-03	4.217e-05																		
												20265	991	9.639e-02	1.545e-03	2.358e-03	3.957e-05																									21425	942	4.634e-02	8.739e-04	2.436e-03	4.087e-05	22060	917	2.138e-02	1.171e-03	2.514e-03	4.217e-05																		
												20355	991	9.772e-02	1.562e-03	2.358e-03	3.957e-05																									21515	942	4.215e-02	7.733e-04	2.436e-03	4.087e-05	22150	917	4.546e-02	1.376e-03	2.514e-03	4.217e-05																		
												20445	991	9.694e-02	1.551e-03	2.358e-03	3.957e-05																									21605	942	4.220e-02	7.744e-04	2.436e-03	4.087e-05	22240	916	1.892e-02	1.055e-03	2.514e-03	4.217e-05																		
												20535	991	9.562e-02	1.534e-03	2.358e-03	3.957e-05																									21695	942	4.428e-02	8.196e-04	2.436e-03	4.087e-05	22330	916	1.811e-02	1.018e-03	2.514e-03	4.217e-05																		
												20625	991	9.532e-02	1.530e-03	2.358e-03	3.957e-05																									21785	942	4.220e-02	7.745e-04	2.436e-03	4.087e-05	22420	916	4.305e-02	1.267e-03	2.514e-03	4.217e-05																		
												20715	991	9.731e-02	1.555e-03	2.358e-03	3.957e-05																									21875	941	4.532e-02	8.461e-04	2.436e-03	4.087e-05	22510	917	4.600e-02	1.401e-03	2.514e-03	4.217e-05																		
												20805	991	9.655e-02	1.545e-03	2.358e-03	3.957e-05																									21965	941	4.483e-02	8.335e-04	2.436e-03	4.087e-05	22600	917	4.547e-02	1.376e-03	2.514e-03	4.217e-05																		
												20895	991	9.774e-02	1.562e-03	2.358e-03	3.957e-05																									22055	941	4.330e-02	7.971e-04	2.436e-03	4.087e-05	22690	917	4.198e-02	1.219e-03	2.514e-03	4.217e-05																		
												20985	991	9.823e-02	1.568e-03	2.358e-03	3.957e-05																									22145	941	4.278e-02	7.860e-04	2.436e-03	4.087e-05	22780	917	4.305e-02	1.267e-03	2.514e-03	4.217e-05																		
												21075	991	9.523e-02	1.527e-03	2.358e-03	3.957e-05																									22235	941	4.335e-02	7.984e-04	2.436e-03	4.087e-05	22870	917	4.278e-02	1.255e-03	2.514e-03	4.217e-05																		
												21165	991	9.595e-02	1.535e-03	2.358e-03	3.957e-05																									22325	941	4.290e-02	7.889e-04	2.436e-03	4.087e-05	22960	917	1.892e-02	1.056e-03	2.514e-03	4.217e-05																		
												21255	991	9.676e-02	1.546e-03	2.358e-03	3.957e-05																									22415	941	4.290e-02	7.889e-04	2.436e-03	4.087e-05	23050	917	1.526e-02	8.902e-04	2.514e-03	4.217e-05																		
												21345	991	9.813e-02	1.567e-03	2.358e-03	3.957e-05																									22505	942	4.173e-02	7.654e-04	2.436e-03	4.087e-05	23140	917	4.027e-02	1.148e-03	2.514e-03	4.217e-05																		
												21435	991	9.651e-02	1.541e-03	2.358e-03	3.957e-05																									22595	942	4.225e-02	7.754e-04	2.436e-03	4.087e-05	23230	917	4.441e-02	1.329e-03	2.514e-03	4.217e-05																		
												21525	991	9.523e-02	1.524e-03	2.358e-03	3.957e-05																									22685	941	4.293e-02	7.896e-04	2.436e-03	4.087e-05	23320	917	4.279e-02	1.256e-03	2.514e-03	4.217e-05																		
												21615	991	9.613e-02	1.535e-03	2.358e-03	3.957e-05																									22775	942	4.139e-02	7.591e-04	2.436e-03	4.087e-05	23410	917	1.537e-02	8.888e-04	2.514e-03	4.217e-05																		
												21705	991	9.770e-02	1.560e-03	2.358e-03	3.957e-05																									22865	941	4.272e-02	7.852e-04	2.436e-03	4.087e-05	23500	916	1.646e-02	9.403e-04	2.514e-03	4.217e-05																		
												21795	991	9.363e-02	1.501e-03	2.358e-03	3.957e-05																									22955	942	4.122e-02	7.559e-04	2.436e-03	4.087e-05	23590	916	1.592e-02	9.144e-04	2.514e-03	4.217e-05																		
												21885	991	9.671e-02	1.544e-03	2.358e-03	3.957e-05																									23045	941	4.280e-02	7.871e-04	2.436e-03	4.087e-05	23680	917	-1.128e-02	-8.324e-04	2.514e-03	4.217e-05																		
												21975	991	9.558e-02	1.526e-03	2.358e-03	3.957e-05																									23123	941	4.331e-02	7.985e-04	2.436e-03	4.087e-05	23770	916	4.012e-02	1.136e-03	2.514e-03	4.217e-05																		
												22065	991	9.543e-02	1.524e-03	2.358e-03	3.957e-05																									23135	941	4.143e-02	7.598e-04	2.436e-03	4.087e-05	23860	916	1.702e-02	9.664e-04	2.514e-03	4.217e-05																		
												22155	991	9.600e-02	1.533e-03	2.358e-03	3.957e-05																									23225	941	4.228e-02	7.762e-04	2.436e-03	4.087e-05	23950	917	6.567e-02	1.553e-03	2.514e-03	4.217e-05																		
												22245	991	9.567e-02	1.528e-03	2.358e-03	3.957e-05																									23315	941	4.126e-02	7.566e-04	2.436e-03	4.087e-05	24040	917	1.537e-02	8.885e-04	2.488e-03	4.174e-05																		
												22335	991	9.623e-02	1.536e-03	2.358e-03	3.957e-05																									23405	941	4.227e-02	7.759e-04	2.436e-03	4.087e-05	24130	917	3.518e-02	9.246e-04	2.514e-03	4.217e-05																		
												22425	991	9.569e-02	1.528e-03	2.358e-03	3.957e-05																									23495	941	4.075e-02	7.478e-04	2.436e-03	4.087e-05	24220	917	6.004e-02	1.339e-03	2.514e-03	4.217e-05																		
																																										23585	941	4.330e-02	7.982e-04	2.436e-03	4.087e-05	24310	917	4.223e-02	1.230e-03	2.488e-03	4.174e-05																		
																																										23675	941	4.176e-02	7.658e-04	2.436e-03	4.087e-05	24400	917	1.483e-02	8.634e-04	2.488e-03	4.174e-05																		
																																										23765	942	4.280e-02	7.871e-04	2.436e-03	4.087e-05	24490	917	1.454e-02	8.490e-04	2.488e-03	4.174e-05																		
																																										23855	942	3.917e-02	7.239e-04	2.436e-03	4.087e-05	24580	917	3.904e-02	1.089e-03	2.488e-03	4.174e-05																		
																																										23945	942	4.281e-02	7.875e-04	2.436e-03	4.087e-05	24670	917	6.187e-02	1.408e-03	2.514e-03	4.217e-05																		
																																										24035	942	4.075e-02	7.478e-04	2.436e-03	4.087e-05	24760	917	1.289e-02	7.720e-04	2.488e-03	4.174e-05																		
																																										24125	942	3.769e-02	7.079e-04	2.436e-03	4.087e-05	24850	917	3.902e-02	1.087e-03	2.488e-03	4.174e-05																		
																																										24215	942	4.517e-02	8.451e-04	2.436e-03	4.087e-05	24940	917	3.625e-02	9.711e-04	2.514e-03	4.217e-05																		
																																										24305	941	3.958e-02	7.298e-04	2.436e-03	4.087e-05	25030	916	6.162e-02	1.398e-03	2.514e-03	4.217e-05																		
																																										24395	941	4.015e-02	7.378e-04	2.436e-03	4.087e-05	25120	916	3.598e-02	9.595e-04	2.514e-03	4.217e-05																		
																																										24485	941	4.015e-02	7.379e-04	2.436e-03	4.087e-05	25210	916	3.571e-02	9.478e-04	2.514e-03	4.217e-05																		
																																										24575	941	3.912e-02	7.236e-04	2.436e-03	4.087e-05	25300	916	3.759e-02	1.029e-03	2.514e-03	4.217e-05																		
																																										24665	941	4.066e-02	7.461e-04	2.436e-03	4.087e-05	25390	916	-1.716e-02	-6.469e-04	2.514e-03	4.217e-05																		
																																										24755	941	3.764e-02	7.079e-04	2.436e-03	4.087e-05	25480	916	3.688e-02	9.935e-04	2.488e-03	4.174e-05																		
																																										24845	941	3.712e-02	7.015e-04	2.436e-03	4.087e-05	25570	917	3.877e-02	1.076e-03	2.488e-03	4.174e-05																		
																																										24935	941	3.805e-02	7.102e-04	2.436e-03	4.087e-05	25660	916	3.850e-02	1.064e-03	2.488e-03	4.174e-05																		
																																										25025	942	3.856e-02	7.156e-04	2.436e-03	4.087e-05	25750	917	3.499e-02	9.114e-04	2.488e-03	4.174e-05																		
																																										25115	942	3.908e-02	7.219e-04	2.436e-03	4.087e-05	25840	917	5.765e-02	1.251e-03	2.514e-03	4.217e-05																		
																																										25205	942	3.804e-02	7.102e-04	2.436e-03	4.087e-05	25930	917	1.210e-02	7.355e-04	2.488e-03	4.174e-05																		
																																										25295	941	3.754e-02	7.056e-04	2.436e-03	4.087e-05	26020	917	3.769e-02	1.029e-03	2.488e-03	4.174e-05																		
																																										25385	941	3.878e-02	7.184e-04	2.436e-03	4.087e-05	26110	917	3.688e-02	9.935e-04	2.488e-03	4.174e-05																		
																																										25475	941	3.650e-02	6.990e-04	2.436e-03	4.087e-05	26200	917	3.231e-02	7.985e-04	2.488e-03	4.174e-05																		
																																										25565	941	4.027e-02	7.394e-04	2.436e-03	4.087e-05	26290	917	5.158e-02	1.053e-03	2.514e-03	4.217e-05																		
																																										25655	941	4.178e-02	7.667e-04	2.436e-03	4.087e-05	26380	917	3.421e-02	8.786e-04	2.488e-03	4.174e-05																		
																																										25745	941	3.959e-02	7.289e-04	2.436e-03	4.087e-05	26470	917	5.422e-02	1.135e-03	2.514e-03	4.217e-05																		
																																										25835	941	3.827e-02	7.127e-04	2.436e-03	4.087e-05	26560	917	5.608e-02	1.197e-03	2.514e-03	4.217e-05																		
																																										25925	941	3.775e-02	7.078e-04	2.436e-03	4.087e-05	26650	916	3.742e-02	1.017e-03	2.488e-03	4.174e-05																		
																																										26015	941	3.964e-02	7.294e-04	2.436e-03	4.087e-05	26740	916	3.337e-02	8.420e-04	2.488e-03	4.174e-05																		
																																										26105	942	3.907e-02	7.218e-04	2.436e-03	4.087e-05	26830	916	6.055e-02	1.357e-03	2.514e-03	4.217e-05																		
																																										26195	941	3.913e-02	7.223e-04	2.436e-03	4.087e-05	26920	916	5.742e-02	1.244e-03	2.514e-03	4.217e-05																		
																																										26285	942	3.913e-02	7.223e-04	2.436e-03	4.087e-05	27010	916	3.393e-02	8.663e-04	2.488e-03	4.174e-05																		
																																										26375	942	3.892e-02	7.193e-04	2.436e-03	4.087e-05	27100	917	3.341e-02	8.452e-04	2.488e-03	4.174e-05																		
																																										26465	942	3.965e-02	7.295e-04	2.436e-03	4.087e-05	27190	917	3.258e-02	8.097e-04	2.488e-03	4.174e-05																		
																																										26555	941	4.047e-02	7.423e-04	2.436e-03	4.087e-05	27280	917	3.287e-02	8.225e-04	2.488e-03	4.174e-05																		
																																										26645	942	3.760e-02	7.055e-04	2.436e-03	4.087e-05	27370	917	3.366e-02	8.553e-04	2.488e-03	4.174e-05																		
																																										26735	941	4.250e-02	7.824e-04	2.436e-03	4.087e-05	27460	917	2.989e-02	7.002e-04	2.488e-03	4.174e-05																		
																																										26825	941	3.684e-02	6.970e-04	2.436e-03	4.087e-05	27550	917	2.989e-02	7.002e-04	2.488e-03	4.174e-05																		
																																										26915	941	4.256e-02	7.838e-04	2.436e-03	4.087e-05	27640	917	7.001e-02	1.391e-03	2.539e-03	4.261e-05																		
																																										27005	941	4.199e-02	7.714e-04	2.436e-03	4.087e-05	27730	917	7.092e-02	1.410e-03	2.539e-03	4.261e-05																		
																																										27095	941	4.098e-02	7.514e-04	2.436e-03	4.087e-05	27820	917	2.853e-02	6.469e-04	2.488e-03	4.174e-05																		
																																										27185	941	4.252e-02	7.827e-04	2.436e-03	4.087e-05	27910	917	2.989e-02	6.998e-04	2.488e-03	4.174e-05																		
																																										27275	941	3.740e-02	7.034e-04	2.436e-03	4.087e-05	28000	917	2.853e-02	6.469e-04	2.488e-03	4.174e-05																		
																																										27365	941	3.842e-02	7.133e-04	2.436e-03	4.087e-05	28090	916	3.015e-02	7.102e-04	2.488e-03	4.174e-05																		
																																										27455	942	3.947e-02	7.257e-04	2.436e-03	4.087e-05	28171	916	3.070e-02	7.326e-04	2.488e-03	4.174e-05																		
																																										27545	941	3.896e-02	7.196e-04	2.436e-03	4.087e-05	28180	917	3.095e-02	7.424e-04	2.488e-03	4.174e-05																		
																																										27635	941	4.302e-02	7.940e-04	2.436e-03	4.087e-05	28270	916	3.097e-02	7.431e-04	2.488e-03	4.174e-05																		
																																										27725	941	4.411e-02	8.213e-04	2.436e-03	4.087e-05	28360	916	3.124e-02	7.545e-04	2.488e-03	4.174e-05																		
																																										27815	941	4.049e-02	7.427e-04	2.436e-03	4.087e-05	28450	916	2.935e-02	6.786e-04	2.488e-03	4.174e-05																		
																																										27905	941	4.309e-02	7.962e-04	2.436e-03	4.087e-05	28540	916	3.125e-02	7.552e-04	2.488e-03	4.174e-05																		
																																										27995	941	3.597e-02	6.936e-04	2.436e-03	4.087e-05	28630	917	2.962e-02	6.895e-04	2.488e-03	4.174e-05																		
																																										28085	941	4.464e-02	8.352e-04	2.436e-03	4.087e-05	28720	917	2.935e-02	6.786e-04	2.488e-03	4.174e-05																		
																																										28175	941	4.210e-02	7.739e-04	2.436e-03	4.087e-05	28810	917	6.967e-02	1.384e-03	2.539e-03	4.261e-05																		
																																										28265	941	4.209e-02	7.738e-04	2.436e-03	4.087e-05																								
																																										28355	941	3.930e-02	7.238e-04	2.436e-03	4.087e-05																								
																																										28445	941	3.749e-02	7.033e-04	2.436e-03	4.087e-05																								
																																										28535	941	3.717e-02	6.988e-04	2.436e-03	4.087e-05																								
																																										28625	941	3.452e-02	6.900e-04	2.436e-03	4.087e-05																								
																																										28715	941	3.539e-02	6.892e-04	2.436e-03	4.087e-05																								
																																										28805	941	4.071e-02	7.465e-04	2.436e-03	4.087e-05																								