scenario_id,tau_left,tau_right,integral_J_u,integral_J_v,integral_q_body
R01,0,0.10000000000000001,-0.0076271279858053497,0.0076271279858053358,0.17425022610108609
R01,0.10000000000000001,0.20000000000000001,-0.018708469486765252,0.018708469486765252,0.13557827078583812
R01,0.20000000000000001,0.30000000000000004,-0.02611625888551523,0.026116258885515203,0.10989033939060611
R01,0.30000000000000004,0.40000000000000002,-0.031333034853256017,0.031333034853256003,0.092107419537459212
R01,0.40000000000000002,0.5,-0.035079512193618295,0.035079512193618267,0.0793902438359122
R01,0.5,0.60000000000000009,-0.037782887162523968,0.03778288716252394,0.070045645802920276
R01,0.60000000000000009,0.70000000000000007,-0.039722468248574283,0.039722468248574283,0.063013480104178288
R01,0.70000000000000007,0.80000000000000004,-0.041091173965999483,0.041091173965999483,0.057604077315999258
R01,0.80000000000000004,0.90000000000000002,-0.04202668835031248,0.04202668835031248,0.053354792709286003
R01,0.90000000000000002,1,-0.042629429161405108,0.042629429161405108,0.049947413566711729
R01,1,1.1000000000000001,-0.042973805867176307,0.042973805867176307,0.047158515327906825
R01,1.1000000000000001,1.2000000000000002,-0.043115649292068958,0.043115649292068958,0.044828524715119666
R01,1.2000000000000002,1.3,-0.043097286286230385,0.043097286286230607,0.042841838737251781
R01,1.3,1.4000000000000001,-0.042951092505972566,0.042951092505972677,0.041113707159379231
R01,1.4000000000000001,1.5,-0.042702027500144069,0.042702027500144069,0.039581378679520718
R01,1.5,1.6000000000000001,-0.04236947170977523,0.04236947170977523,0.038198006586291022
R01,1.6000000000000001,1.7000000000000002,-0.041968574865769881,0.041968574865769881,0.036928382078176503
R01,1.7000000000000002,1.8,-0.04151125667686828,0.04151125667686828,0.035745902880198521
R01,1.8,1.9000000000000001,-0.041006956573328646,0.041006956573328424,0.034630391775191338
R01,1.9000000000000001,2,-0.040463200144608802,0.04046320014460858,0.033566509087445073
R01,2,2.1000000000000001,-0.039886030266487182,0.039886030266487182,0.032542585946666591
R01,2.1000000000000001,2.2000000000000002,-0.039280337420381173,0.039280337420381062,0.031549759228297169
R01,2.2000000000000002,2.3000000000000003,-0.038650114290281756,0.038650114290281867,0.030581325044765739
R01,2.3000000000000003,2.4000000000000004,-0.037998653056814047,0.037998653056814047,0.029632252012277371
R01,2.4000000000000004,2.5,-0.037328699031159873,0.037328699031159873,0.028698812252053729
R01,2.5,2.6000000000000001,-0.036642570811005526,0.036642570811005526,0.027778299744308566
R01,2.6000000000000001,2.7000000000000002,-0.035942254609534263,0.035942254609534041,0.026868813879048048
R01,2.7000000000000002,2.8000000000000003,-0.03522947854125591,0.03522947854125591,0.025969091915916342
R01,2.8000000000000003,2.9000000000000004,-0.034505771260814555,0.034505771260814555,0.025078378295062542
R01,2.9000000000000004,3,-0.033772508312681859,0.033772508312681859,0.024196321817799404
R01,3,3.1000000000000001,-0.033030948768560497,0.033030948768560497,0.023322893973510173
R01,3.1000000000000001,3.2000000000000002,-0.032282264138596029,0.032282264138596029,0.02245832335901965
R01,3.2000000000000002,3.3000000000000003,-0.031527561094173873,0.031527561094173873,0.02160304238086197
R01,3.3000000000000003,3.4000000000000004,-0.030767899198292259,0.030767899198292259,0.020757643364471834
R01,3.4000000000000004,3.5,-0.030004304578815866,0.030004304578815866,0.019922841899488786
R01,3.5,3.6000000000000001,-0.029237780280334302,0.029237780280334302,0.019099445786099345
R01,3.6000000000000001,3.7000000000000002,-0.028469313877728109,0.028469313877727664,0.018288328356474315
R01,3.7000000000000002,3.8000000000000003,-0.02769988281782787,0.02769988281782787,0.017490405259093178
R01,3.8000000000000003,3.9000000000000004,-0.026930457866377822,0.026930457866377377,0.01670661403480711
R01,3.9000000000000004,4,-0.026162004969591868,0.026162004969591868,0.015937895998753504
R01,4,4.1000000000000005,-0.025395485787924388,0.025395485787924388,0.015185180084109628
R01,4.1000000000000005,4.2000000000000002,-0.024631857120548606,0.024631857120548162,0.01444936841134159
R01,4.2000000000000002,4.2999999999999998,-0.023872069409383467,0.023872069409383467,0.013731323427289999
R01,4.2999999999999998,4.4000000000000004,-0.023117064488912709,0.023117064488912709,0.013031856517000229
R01,4.4000000000000004,4.5,-0.022367772730877533,0.022367772730877533,0.012351718032473036
R01,4.5,4.6000000000000005,-0.021625109719320967,0.021625109719320967,0.011691588709081158
R01,4.6000000000000005,4.7000000000000002,-0.02088997258067038,0.02088997258067038,0.011052072455476125
R01,4.7000000000000002,4.8000000000000007,-0.020163236084227876,0.020163236084227876,0.010433690508504068
R01,4.8000000000000007,4.9000000000000004,-0.019445748620245507,0.019445748620245507,0.0098368769428824887
R01,4.9000000000000004,5,-0.018738328154832118,0.018738328154832118,0.0092619755180827212
R01,5,5.1000000000000005,-0.018041758253102724,0.018041758253102724,0.0087092378333966103
R01,5.1000000000000005,5.2000000000000002,-0.017356784253877322,0.017356784253877322,0.0081788227482222364
R01,5.2000000000000002,5.3000000000000007,-0.016684109670672687,0.016684109670672687,0.0076707970091902666
R01,5.3000000000000007,5.4000000000000004,-0.01602439288477675,0.01602439288477675,0.00718513701018475
R01,5.4000000000000004,5.5,-0.015378244186735168,0.015378244186735168,0.0067217315965275581
R01,5.5,5.6000000000000005,-0.014746223212756648,0.014746223212756648,0.0062803858113760214
R01,5.6000000000000005,5.7000000000000002,-0.01412883681254562,0.01412883681254562,0.0058608254713066188
R01,5.7000000000000002,5.8000000000000007,-0.013526537374888292,0.013526537374888292,0.0054627024497841958
R01,5.8000000000000007,5.9000000000000004,-0.01293972162740431,0.01293972162740431,0.0050856005417485584
R01,5.9000000000000004,6,-0.012368729917134669,0.012368729917134669,0.0047290417802525742
R01,6,6.1000000000000005,-0.011813845969437908,0.011813845969437908,0.0043924930767653692
R01,6.1000000000000005,6.2000000000000002,-0.011275297114196725,0.011275297114196725,0.004075373060349774
R01,6.2000000000000002,6.3000000000000007,-0.010753254960565783,0.010753254960565783,0.0037770589970620438
R01,6.3000000000000007,6.4000000000000004,-0.010247836494740925,0.010247836494740925,0.0034968936793302596
R01,6.4000000000000004,6.5,-0.0097591055695387396,0.0097591055695387396,0.0032341921852887534
R01,6.5,6.6000000000000005,-0.009287074749801949,0.009287074749801949,0.0029882484196015469
R01,6.6000000000000005,6.7000000000000002,-0.0088317074742250146,0.0088317074742250146,0.0027583413598091244
R01,6.7000000000000002,6.8000000000000007,-0.0083929204916115552,0.0083929204916115552,0.0025437409451929405
R01,6.8000000000000007,6.9000000000000004,-0.0079705865282295729,0.0079705865282295729,0.0023437135581618751
R01,6.9000000000000004,7,-0.0075645371424584162,0.0075645371424584162,0.0021575270608453767
R01,7,7.1000000000000005,-0.007174565723428783,0.007174565723429227,0.0019844553616745753
R01,7.1000000000000005,7.2000000000000002,-0.0068004305915361218,0.0068004305915361218,0.0018237824979405737
R01,7.2000000000000002,7.3000000000000007,-0.0064418581607490477,0.0064418581607490477,0.001674806230444803
R01,7.3000000000000007,7.4000000000000004,-0.0060985461250362416,0.0060985461250362416,0.0015368411553062788
R01,7.4000000000000004,7.5,-0.0057701666342417912,0.0057701666342417912,0.0014092213456842195
R01,7.5,7.6000000000000005,-0.005456369427963681,0.005456369427963681,0.0012913025425498326
R01,7.6000000000000005,7.7000000000000002,-0.0051567848995137666,0.0051567848995142107,0.0011824639187572039
R01,7.7000000000000002,7.8000000000000007,-0.0048710270655822896,0.0048710270655822896,0.0010821094446200608
R01,7.8000000000000007,7.9000000000000004,-0.0045986964209099312,0.0045986964209099312,0.00098966888590568125
R01,7.9000000000000004,8,-0.0043393826607469599,0.0043393826607469599,0.00090459846698132118
R01,8,8.0999999999999996,-0.0040926672574259637,0.0040926672574259637,0.00082638123267120278
R01,8.0999999999999996,8.2000000000000011,-0.0038581258805028273,0.0038581258805028273,0.0007545271424516109
R01,8.2000000000000011,8.3000000000000007,-0.0036353306531020646,0.0036353306531020646,0.00068857292998791841
R01,8.3000000000000007,8.4000000000000004,-0.0034238522397533888,0.0034238522397533888,0.00062808175997197679
R01,8.4000000000000004,8.5,-0.0032232617636349659,0.0032232617636349659,0.00057264271254231502
R01,8.5,8.5999999999999996,-0.0030331325533166087,0.0030331325533166087,0.00052187012381965658
R01,8.5999999999999996,8.7000000000000011,-0.002853041721062155,0.002853041721062155,0.00047540280891289477
R01,8.7000000000000011,8.8000000000000007,-0.0026825715764204894,0.0026825715764204894,0.00043290319155286916
R01,8.8000000000000007,8.9000000000000004,-0.0025213108802817352,0.0025213108802817352,0.00039405636224731921
R01,8.9000000000000004,9,-0.0023688559456378488,0.0023688559456378488,0.00035856908448383962
R01,9,9.0999999999999996,-0.0022248115922891554,0.0022248115922891554,0.00032616876632518554
R01,9.0999999999999996,9.2000000000000011,-0.0020887919633607588,0.0020887919633607588,0.0002966024125155009
R01,9.2000000000000011,9.3000000000000007,-0.0019604212120196696,0.0019604212120196696,0.000269635570167015
R01,9.3000000000000007,9.4000000000000004,-0.0018393340671081226,0.0018393340671081226,0.00024505127921070624
R01,9.4000000000000004,9.5,-0.0017251762865069242,0.0017251762865069242,0.00022264903692370552
R01,9.5,9.6000000000000014,-0.0016176050071645687,0.0016176050071645687,0.00020224378431343837
R01,9.6000000000000014,9.7000000000000011,-0.0015162890005384622,0.0015162890005384622,0.00018366492060128969
R01,9.7000000000000011,9.8000000000000007,-0.0014209088421139882,0.0014209088421139882,0.00016675535075694192
R01,9.8000000000000007,9.9000000000000004,-0.0013311570032725761,0.001331157003272132,0.0001513705698776846
R01,9.9000000000000004,10,-0.0012467378736067403,0.0012467378736067403,0.00013737778715272597
R01,10,10.100000000000001,-0.0011673677212775679,0.0011673677212775679,0.00012465509131098784
R01,10.100000000000001,10.200000000000001,-0.0010927745986681892,0.0010927745986681892,0.0001130906586466196
R01,10.200000000000001,10.300000000000001,-0.0010226982001526608,0.0010226982001526608,0.00010258200411072949
R01,10.300000000000001,10.4,-0.00095688967831897287,0.00095688967831897287,9.3035275388064775e-05
R01,10.4,10.5,-0.00089511142456455417,0.00089511142456455417,8.4364589440166782e-05
R01,10.5,10.600000000000001,-0.00083713681950747798,0.00083713681950747798,7.6491410652579361e-05
R01,10.600000000000001,10.700000000000001,-0.00078274995824711979,0.00078274995824711979,6.9343969396173932e-05
R01,10.700000000000001,10.800000000000001,-0.00073174535499842541,0.00073174535499842541,6.2856719642345737e-05
R01,10.800000000000001,10.9,-0.00068392763130731282,0.00068392763130731282,5.6969834034692468e-05
R01,10.9,11,-0.00063911119157245011,0.00063911119157245011,5.1628734793141007e-05
R01,11,11.100000000000001,-0.00059711988925381654,0.00059711988925381654,4.6783658639970582e-05
R01,11.100000000000001,11.200000000000001,-0.00055778668675698917,0.00055778668675698917,4.2389253995578358e-05
R01,11.200000000000001,11.300000000000001,-0.00052095331171986281,0.00052095331171986281,3.8404208603681766e-05
R01,11.300000000000001,11.4,-0.00048646991199863265,0.00048646991199863265,3.4790905782955406e-05
R01,11.4,11.5,-0.0004541947114715672,0.0004541947114715672,3.1515107552282373e-05
R01,11.5,11.600000000000001,-0.00042399366843359765,0.00042399366843359765,2.8545662850598674e-05
R01,11.600000000000001,11.700000000000001,-0.00039574013813314934,0.00039574013813314934,2.5854239219746944e-05
R01,11.700000000000001,11.800000000000001,-0.00036931454078947823,0.00036931454078947823,2.341507628100814e-05
R01,11.800000000000001,11.9,-0.00034460403619429592,0.00034460403619429592,2.120475953404366e-05
R01,11.9,12,-0.00032150220584470368,0.00032150220584470368,1.9202012901065046e-05
R01,12,12.100000000000001,-0.00029990874336149886,0.00029990874336149886,1.7387508720378975e-05
R01,12.100000000000001,12.200000000000001,-0.00027972915380392038,0.00027972915380392038,1.574369380707985e-05
R01,12.200000000000001,12.300000000000001,-0.0002608744623810999,0.0002608744623810999,1.4254630367860344e-05
R01,12.300000000000001,12.4,-0.00024326093288595807,0.00024326093288595807,1.2905850590883006e-05
R01,12.4,12.5,-0.00022680979614997376,0.00022680979614952967,1.1684223840902064e-05
R01,12.5,12.600000000000001,-0.00021144698861141897,0.00021144698861141897,1.0577835413583259e-05
R01,12.600000000000001,12.700000000000001,-0.00019710290115892981,0.00019710290115892981,9.5758759577346808e-06
R01,12.700000000000001,12.800000000000001,-0.00018371213817980347,0.00018371213817980347,8.6685406093245376e-06
R01,12.800000000000001,12.9,-0.00017121328682501158,0.00017121328682501158,7.8469370974332264e-06
R01,12.9,13,-0.0001595486963239523,0.0001595486963239523,7.1030020296625196e-06
R01,13,13.100000000000001,-0.00014866426723703086,0.00014866426723703086,6.4294246711060765e-06
R01,13.100000000000001,13.200000000000001,-0.00013850925046421381,0.00013850925046421381,5.8195775629599211e-06
R01,13.200000000000001,13.300000000000001,-0.00012903605575065313,0.00012903605575065313,5.267453420332302e-06
R01,13.300000000000001,13.4,-0.00012020006947643935,0.00012020006947643935,4.7676077201685985e-06
R01,13.4,13.5,-0.00011195948146092149,0.00011195948146092149,4.3151065316493487e-06
R01,13.5,13.600000000000001,-0.00010427512048605259,0.00010427512048605259,3.9054790792469873e-06
R01,13.600000000000001,13.700000000000001,-9.7110298268754391e-05,9.7110298268754391e-05,3.5346746511955018e-06
R01,13.700000000000001,13.800000000000001,-9.0430661558116299e-05,9.0430661558116299e-05,3.1990234719003752e-06
R01,13.800000000000001,13.9,-8.4204052074987601e-05,8.4204052074987601e-05,2.8952011250638066e-06
R01,13.9,14,-7.8400373952902669e-05,7.8400373952902669e-05,2.6201963203575929e-06
R01,14,14.100000000000001,-7.2991468413441396e-05,7.2991468413441396e-05,2.3712815713228252e-06
R01,14.100000000000001,14.200000000000001,-6.7950995334076225e-05,6.7950995334076225e-05,2.145986636614694e-06
R01,14.200000000000001,14.300000000000001,-6.3254321414296655e-05,6.3254321414296655e-05,1.9420743782028183e-06
R01,14.300000000000001,14.4,-5.8878414645802124e-05,5.8878414645802124e-05,1.7575189013019354e-06
R01,14.4,14.5,-5.4801744794996665e-05,5.4801744794996665e-05,1.5904857062487565e-06
R01,14.5,14.600000000000001,-5.1004189586922877e-05,5.1004189586922877e-05,1.4393136806845064e-06
R01,14.600000000000001,14.700000000000001,-4.7466946357044293e-05,4.7466946357044293e-05,1.3024988014809225e-06
R01,14.700000000000001,14.800000000000001,-4.4172448840473777e-05,4.4172448840473777e-05,1.1786793263635076e-06
R01,14.800000000000001,14.9,-4.1104288893034635e-05,4.1104288893034635e-05,1.0666223919653106e-06
R01,14.9,15,-3.8247142846836724e-05,3.8247142846836724e-05,9.6521186376818946e-07
R01,15,15.100000000000001,-3.5586702282097704e-05,3.5586702282097704e-05,8.7343730625910609e-07
R01,15.100000000000001,15.200000000000001,-3.3109608969850157e-05,3.3109608969850157e-05,7.903840268941309e-07
R01,15.200000000000001,15.300000000000001,-3.0803393753719988e-05,3.0803393753719988e-05,7.1522400979517897e-07
R01,15.300000000000001,15.4,-2.865641918026185e-05,2.865641918026185e-05,6.472077356267647e-07
R01,15.4,15.5,-2.6657825625164833e-05,2.6657825625164833e-05,5.8565675398192241e-07
R01,15.5,15.600000000000001,-2.4797480776772574e-05,2.4797480776772574e-05,5.2995696542268433e-07
R01,15.600000000000001,15.700000000000001,-2.3065932219346053e-05,2.3065932219346053e-05,4.7955252524545244e-07
R01,15.700000000000001,15.800000000000001,-2.1454363008599486e-05,2.1454363008599486e-05,4.3394033522048403e-07
R01,15.800000000000001,15.9,-1.9954550012135641e-05,1.9954550012135641e-05,3.9266504003876435e-07
R01,15.9,16,-1.8558824887771053e-05,1.8558824887771053e-05,3.5531451181292084e-07
R01,16,16.100000000000001,-1.7260037505462122e-05,1.7260037505462122e-05,3.2151574558270113e-07
R01,16.100000000000001,16.199999999999999,-1.6051521723792206e-05,1.6051521723792206e-05,2.9093116227230098e-07
R01,16.199999999999999,16.300000000000001,-1.4927063333836088e-05,1.4927063333836088e-05,2.6325523738712775e-07
R01,16.300000000000001,16.400000000000002,-1.3880870054272521e-05,1.3880870054272521e-05,2.3821146966085394e-07
R01,16.400000000000002,16.5,-1.2907543452733705e-05,1.2907543452733705e-05,2.1554961837644271e-07
R01,16.5,16.600000000000001,-1.2002052699022769e-05,1.2002052699022769e-05,1.9504322645857997e-07
R01,16.600000000000001,16.699999999999999,-1.1159709991659383e-05,1.1159709991659383e-05,1.7648734540465227e-07
R01,16.699999999999999,16.800000000000001,-1.0376147585811069e-05,1.0376147585811069e-05,1.5969650668523627e-07
R01,16.800000000000001,16.900000000000002,-9.6472963335703099e-06,9.6472963335703099e-06,1.4450287211253965e-07
R01,16.900000000000002,17,-8.9693656097900032e-06,8.9693656102340924e-06,1.3075454741162673e-07
R01,17,17.100000000000001,-8.3388245488702495e-06,8.3388245488702495e-06,1.1831408408546906e-07
R01,17.100000000000001,17.199999999999999,-7.7523845436466843e-06,7.7523845436466843e-06,1.0705709296843224e-07
R01,17.199999999999999,17.300000000000001,-7.2069828538356973e-06,7.2069828538356973e-06,9.6871018318012148e-08
R01,17.300000000000001,17.400000000000002,-6.6997673391355761e-06,6.6997673391355761e-06,8.7653996505565601e-08
R01,17.400000000000002,17.5,-6.2280821735427594e-06,6.2280821735427594e-06,7.9313857481722039e-08
R01,17.5,17.600000000000001,-5.7894545211212289e-06,5.7894545211212289e-06,7.1767189968596767e-08
R01,17.600000000000001,17.699999999999999,-5.3815820990621432e-06,5.3815820990621432e-06,6.4938520782931164e-08
R01,17.699999999999999,17.800000000000001,-5.0023215558692158e-06,5.0023215558692158e-06,5.8759541232689116e-08
R01,17.800000000000001,17.900000000000002,-4.649677651125117e-06,4.649677651125117e-06,5.3168454750007754e-08
R01,17.900000000000002,18,-4.3217931309236235e-06,4.3217931309236235e-06,4.8109329187084882e-08
R01,18,18.100000000000001,-4.0169393007438714e-06,4.0169393007438714e-06,4.3531563687082553e-08
R01,18.100000000000001,18.199999999999999,-3.7335072322619567e-06,3.7335072322619567e-06,3.9389358441610511e-08
R01,18.199999999999999,18.300000000000001,-3.4699995508091774e-06,3.4699995508091774e-06,3.5641277484899092e-08
R01,18.300000000000001,18.400000000000002,-3.2250227819385913e-06,3.2250227819385913e-06,3.2249824144514605e-08
R01,18.400000000000002,18.5,-2.9972802215727512e-06,2.9972802215727512e-06,2.9181069116646086e-08
R01,18.5,18.600000000000001,-2.7855652748876025e-06,2.7855652748876025e-06,2.6404308073324501e-08
R01,18.600000000000001,18.699999999999999,-2.5887552650427637e-06,2.5887552650427637e-06,2.3891763456518333e-08
R01,18.699999999999999,18.800000000000001,-2.4058056440345865e-06,2.4058056440345865e-06,2.1618294043790343e-08
R01,18.800000000000001,18.900000000000002,-2.2357446034515505e-06,2.2357446034515505e-06,1.9561150033098329e-08
R01,18.900000000000002,19,-2.0776680604850384e-06,2.0776680604850384e-06,1.769975366272547e-08
R01,19,19.100000000000001,-1.9307349741204405e-06,1.9307349741204405e-06,1.6015478498943025e-08
R01,19.100000000000001,19.200000000000003,-1.7941629810724891e-06,1.7941629810724891e-06,1.4491470023969555e-08
R01,19.200000000000003,19.300000000000001,-1.6672243456916647e-06,1.6672243456916647e-06,1.3112481767052486e-08
R01,19.300000000000001,19.400000000000002,-1.5492421692187008e-06,1.5492421692187008e-06,1.1864707438746791e-08
R01,19.400000000000002,19.5,-1.4395868594974104e-06,1.4395868594974104e-06,1.0735672351103176e-08
R01,19.5,19.600000000000001,-1.3376728609237887e-06,1.3376728609237887e-06,9.7140708810172782e-09
R01,19.600000000000001,19.700000000000003,-1.2429555873438858e-06,1.2429555873438858e-06,8.7896827594136084e-09
R01,19.700000000000003,19.800000000000001,-1.1549285763301498e-06,1.154928576774239e-06,7.9532589403186194e-09
R01,19.800000000000001,19.900000000000002,-1.0731208446301821e-06,1.0731208446301821e-06,7.1964243453237486e-09
R01,19.900000000000002,20,-9.9709441059303572e-07,9.9709441059303572e-07,6.5116116942931512e-09
R02,0,0.10000000000000001,-0.043338816761824418,0.043338816761824404,0.78937428395096609
R02,0.10000000000000001,0.20000000000000001,-0.068476877765201727,0.068476877765201727,0.19386987386403087
R02,0.20000000000000001,0.30000000000000004,-0.072427001182939071,0.072427001182939071,0.10151656429524192
R02,0.30000000000000004,0.40000000000000002,-0.072606766286405833,0.072606766286405833,0.076327808695290766
R02,0.40000000000000002,0.5,-0.071717078369027021,0.071717078369027021,0.067234719452249347
R02,0.5,0.60000000000000009,-0.070452653335847049,0.070452653335847215,0.062781677576599249
R02,0.60000000000000009,0.70000000000000007,-0.069036966153325607,0.069036966153325552,0.059780924959502935
R02,0.70000000000000007,0.80000000000000004,-0.067554064203727782,0.067554064203727671,0.057256566238256479
R02,0.80000000000000004,0.90000000000000002,-0.066041007989655842,0.066041007989655842,0.05489239452198369
R02,0.90000000000000002,1,-0.064516987096936207,0.064516987096936207,0.052579461354628876
R02,1,1.1000000000000001,-0.062992982754819016,0.062992982754819016,0.050273984026690144
R02,1.1000000000000001,1.2000000000000002,-0.061474997228226358,0.061474997228226358,0.047950272596577914
R02,1.2000000000000002,1.3,-0.059965121137395161,0.059965121137395161,0.045584756378800773
R02,1.3,1.4000000000000001,-0.058461923830935736,0.058461923830935736,0.043151065275728984
R02,1.4000000000000001,1.5,-0.056960696410467526,0.056960696410467526,0.040619639352800885
R02,1.5,1.6000000000000001,-0.055453736703119594,0.055453736703119594,0.037959743197371276
R02,1.6000000000000001,1.7000000000000002,-0.053930750258810445,0.053930750258810445,0.035143280437131441
R02,1.7000000000000002,1.8,-0.052379415196895041,0.052379415196895041,0.032150278206074079
R02,1.8,1.9000000000000001,-0.050786165608628808,0.050786165608628808,0.028975853290022391
R02,1.9000000000000001,2,-0.049137257172902071,0.049137257172902071,0.025637947389790749
R02,2,2.1000000000000001,-0.047420163625424783,0.047420163625424783,0.022184173222917769
R02,2.1000000000000001,2.2000000000000002,-0.045625289695152338,0.045625289695152338,0.018695032228388753
R02,2.2000000000000002,2.3000000000000003,-0.04374786149293719,0.04374786149293719,0.015280265946772342
R02,2.3000000000000003,2.4000000000000004,-0.04178968522367521,0.04178968522367521,0.012066187132699469
R02,2.4000000000000004,2.5,-0.039760314507218064,0.039760314507218064,0.0091750262067167299
R02,2.5,2.6000000000000001,-0.037677142495826654,0.037677142495826654,0.0067016141352440606
R02,2.6000000000000001,2.7000000000000002,-0.035564128770225301,0.035564128770225301,0.0046954337685618519
R02,2.7000000000000002,2.8000000000000003,-0.033449268581303482,0.033449268581303482,0.0031546936028119532
R02,2.8000000000000003,2.9000000000000004,-0.031361350847725511,0.031361350847725511,0.0020338285890439955
R02,2.9000000000000004,3,-0.029326799736641984,0.029326799736641984,0.0012600288575517204
R02,3,3.1000000000000001,-0.027367315863847885,0.027367315863847885,0.00075166650730795759
R02,3.1000000000000001,3.2000000000000002,-0.025498687987426827,0.025498687987426827,0.00043276471779152281
R02,3.2000000000000002,3.3000000000000003,-0.023730736261108998,0.023730736261108998,0.00024105396051621319
R02,3.3000000000000003,3.4000000000000004,-0.022068063732762599,0.022068063732762599,0.00013021411956137818
R02,3.4000000000000004,3.5,-0.02051120553402308,0.02051120553402308,6.8373025047030467e-05
R02,3.5,3.6000000000000001,-0.019057832157735044,0.019057832157735044,3.4973054440889939e-05
R02,3.6000000000000001,3.7000000000000002,-0.017703795787290533,0.017703795787290533,1.7461217445280397e-05
R02,3.7000000000000002,3.8000000000000003,-0.01644393441269365,0.01644393441269365,8.5252865615892404e-06
R02,3.8000000000000003,3.9000000000000004,-0.015272633701286731,0.015272633701286731,4.0773041374286834e-06
R02,3.9000000000000004,4,-0.01418418877644867,0.01418418877644867,1.9131229846980347e-06
R02,4,4.1000000000000005,-0.013173019383647677,0.013173019383647677,8.819409025306868e-07
R02,4.1000000000000005,4.2000000000000002,-0.012233786643955469,0.012233786643955913,3.9997628520360706e-07
R02,4.2000000000000002,4.2999999999999998,-0.011361448260956752,0.011361448260956752,1.7867067891863542e-07
R02,4.2999999999999998,4.4000000000000004,-0.010551277567065309,0.010551277567065309,7.8701250627588593e-08
R02,4.4000000000000004,4.5,-0.009798862596018143,0.009798862596018143,3.4218958999687743e-08
R02,4.5,4.6000000000000005,-0.0091000948890340716,0.0091000948890340716,1.4700161310443605e-08
R02,4.6000000000000005,4.7000000000000002,-0.0084511535600573229,0.0084511535600573229,6.2449567739264467e-09
R02,4.7000000000000002,4.8000000000000007,-0.0078484876172266738,0.0078484876172275619,2.6256803398183592e-09
R02,4.8000000000000007,4.9000000000000004,-0.0072887980877269776,0.0072887980877269776,1.0934186889244302e-09
R02,4.9000000000000004,5,-0.0067690206976911416,0.0067690206976911416,4.5129988635039808e-10
R02,5,5.1000000000000005,-0.0062863094396319319,0.0062863094396319319,1.847397790299965e-10
R02,5.1000000000000005,5.2000000000000002,-0.0058380211471082966,0.0058380211471082966,7.5045747394142381e-11
R02,5.2000000000000002,5.3000000000000007,-0.0054217010928745424,0.0054217010928749865,3.0269120543380268e-11
R02,5.3000000000000007,5.4000000000000004,-0.0050350695790724043,0.0050350695790724043,1.212852041021506e-11
R02,5.4000000000000004,5.5,-0.004676009467925013,0.004676009467925013,4.8305803801440561e-12
R02,5.5,5.6000000000000005,-0.0043425545946671473,0.0043425545946671473,1.9140244944537699e-12
R02,5.6000000000000005,5.7000000000000002,-0.0040328790036796569,0.0040328790036796569,7.5339734451063123e-13
R02,5.7000000000000002,5.8000000000000007,-0.0037452869509069231,0.0037452869509073672,2.9665159217984183e-13
R02,5.8000000000000007,5.9000000000000004,-0.003478203618644482,0.003478203618644482,1.1612932837579137e-13
R02,5.9000000000000004,6,-0.0032301664922136375,0.0032301664922136375,4.4853010194856324e-14
R02,6,6.1000000000000005,-0.0029998173515308757,0.0029998173515308757,1.7097434579227411e-14
R02,6.1000000000000005,6.2000000000000002,-0.0027858948336576539,0.002785894833658098,6.6613381477509392e-15
R02,6.2000000000000002,6.3000000000000007,-0.0025872275257809996,0.0025872275257809996,0
R02,6.3000000000000007,6.4000000000000004,-0.0024027275506899315,0.0024027275506903756,0
R02,6.4000000000000004,6.5,-0.002231384609709286,0.002231384609709286,0
R02,6.5,6.6000000000000005,-0.0020722604504259667,0.0020722604504259667,0
R02,6.6000000000000005,6.7000000000000002,-0.0019244837289429384,0.0019244837289433825,0
R02,6.7000000000000002,6.8000000000000007,-0.0017872452385061521,0.0017872452385065962,0
R02,6.8000000000000007,6.9000000000000004,-0.0016597934783877388,0.0016597934783877388,0
R02,6.9000000000000004,7,-0.0015414305387662086,0.0015414305387662086,0
R02,7,7.1000000000000005,-0.0014315082790603562,0.0014315082790603562,0
R02,7.1000000000000005,7.2000000000000002,-0.0013294247787873914,0.0013294247787873914,0
R02,7.2000000000000002,7.3000000000000007,-0.001234621041532602,0.0012346210415334902,0
R02,7.3000000000000007,7.4000000000000004,-0.0011465779339445703,0.0011465779339445703,0
R02,7.4000000000000004,7.5,-0.0010648133430271045,0.0010648133430271045,0
R02,7.5,7.6000000000000005,-0.00098887953615944824,0.00098887953615944824,0
R02,7.6000000000000005,7.7000000000000002,-0.00091836070935391589,0.00091836070935391589,0
R02,7.7000000000000002,7.8000000000000007,-0.00085287071038409046,0.00085287071038453455,0
R02,7.8000000000000007,7.9000000000000004,-0.00079205092424117218,0.00079205092424117218,0
R02,7.9000000000000004,8,-0.00073556830941945428,0.00073556830941945428,0
R02,8,8.0999999999999996,-0.00068311357421957375,0.00068311357421957375,0
R02,8.0999999999999996,8.2000000000000011,-0.00063439948310350935,0.00063439948310350935,0
R02,8.2000000000000011,8.3000000000000007,-0.0005891592838309645,0.0005891592838309645,0
R02,8.3000000000000007,8.4000000000000004,-0.00054714524675558707,0.00054714524675558707,0
R02,8.4000000000000004,8.5,-0.00050812730828786457,0.00050812730828786457,0
R02,8.5,8.5999999999999996,-0.00047189181110618428,0.00047189181110618428,0
R02,8.5999999999999996,8.7000000000000011,-0.00043824033417494412,0.00043824033417494412,0
R02,8.7000000000000011,8.8000000000000007,-0.00040698860623988864,0.00040698860623988864,0
R02,8.8000000000000007,8.9000000000000004,-0.00037796549676727409,0.00037796549676727409,0
R02,8.9000000000000004,9,-0.00035101207885324115,0.00035101207885324115,0
R02,9,9.0999999999999996,-0.00032598075897327661,0.00032598075897327661,0
R02,9.0999999999999996,9.2000000000000011,-0.00030273446876050158,0.00030273446876050158,0
R02,9.2000000000000011,9.3000000000000007,-0.00028114591445338455,0.00028114591445338455,0
R02,9.3000000000000007,9.4000000000000004,-0.00026109687983955077,0.00026109687983955077,0
R02,9.4000000000000004,9.5,-0.0002424775789298117,0.0002424775789298117,0
R02,9.5,9.6000000000000014,-0.00022518605476751219,0.00022518605476751219,0
R02,9.6000000000000014,9.7000000000000011,-0.00020912762114333461,0.00020912762114333461,0
R02,9.7000000000000011,9.8000000000000007,-0.00019421434408806171,0.00019421434408806171,0
R02,9.8000000000000007,9.9000000000000004,-0.00018036456037728854,0.00018036456037728854,0
R02,9.9000000000000004,10,-0.00016750243033025747,0.00016750243033025747,0
R02,10,10.100000000000001,-0.00015555752254114985,0.00015555752254114985,0
R02,10.100000000000001,10.200000000000001,-0.0001444644281975993,0.0001444644281975993,0
R02,10.200000000000001,10.300000000000001,-0.00013416240290675674,0.00013416240290675674,0
R02,10.300000000000001,10.4,-0.00012459503407291628,0.00012459503407291628,0
R02,10.4,10.5,-0.00011570993198795065,0.00011570993198795065,0
R02,10.5,10.600000000000001,-0.00010745844295034779,0.00010745844295034779,0
R02,10.600000000000001,10.700000000000001,-9.9795382840328628e-05,9.9795382840328628e-05,0
R02,10.700000000000001,10.800000000000001,-9.2678789705535891e-05,9.2678789705535891e-05,0
R02,10.800000000000001,10.9,-8.6069693974621941e-05,8.6069693974621941e-05,0
R02,10.9,11,-7.9931905072827547e-05,7.9931905072827547e-05,0
R02,11,11.100000000000001,-7.4231813238512245e-05,7.4231813238512245e-05,0
R02,11.100000000000001,11.200000000000001,-6.893820548437013e-05,6.893820548437013e-05,0
R02,11.200000000000001,11.300000000000001,-6.4022094678817254e-05,6.4022094678817254e-05,0
R02,11.300000000000001,11.4,-5.9456560818071935e-05,5.9456560818071935e-05,0
R02,11.4,11.5,-5.5216603612517901e-05,5.5216603612517901e-05,0
R02,11.5,11.600000000000001,-5.1279005589766058e-05,5.1279005589766058e-05,0
R02,11.600000000000001,11.700000000000001,-4.7622204957464831e-05,4.7622204957464831e-05,0
R02,11.700000000000001,11.800000000000001,-4.4226177531969668e-05,4.4226177531969668e-05,0
R02,11.800000000000001,11.9,-4.1072327100488693e-05,4.1072327100488693e-05,0
R02,11.9,12,-3.8143383567890154e-05,3.8143383567890154e-05,0
R02,12,12.100000000000001,-3.5423308410109655e-05,3.5423308410109655e-05,0
R02,12.100000000000001,12.200000000000001,-3.2897206838411464e-05,3.2897206838411464e-05,0
R02,12.200000000000001,12.300000000000001,-3.0551246238408325e-05,3.0551246238408325e-05,0
R02,12.300000000000001,12.4,-2.8372580420876758e-05,2.8372580420876758e-05,0
R02,12.4,12.5,-2.6349279289350491e-05,2.6349279289350491e-05,0
R02,12.5,12.600000000000001,-2.4470263499054568e-05,2.4470263499054568e-05,0
R02,12.600000000000001,12.700000000000001,-2.2725243796983818e-05,2.2725243796983818e-05,0
R02,12.700000000000001,12.800000000000001,-2.1104664674975737e-05,2.1104664674975737e-05,0
R02,12.800000000000001,12.9,-1.9599652042456839e-05,1.9599652042456839e-05,0
R02,12.9,13,-1.8201964644193325e-05,1.8201964644193325e-05,0
R02,13,13.100000000000001,-1.6903948914404054e-05,1.6903948914404054e-05,0
R02,13.100000000000001,13.200000000000001,-1.5698497084493113e-05,1.5698497084493113e-05,0
R02,13.200000000000001,13.300000000000001,-1.4579008252413317e-05,1.4579008252413317e-05,0
R02,13.300000000000001,13.4,-1.3539352237357249e-05,1.3539352237357249e-05,0
R02,13.4,13.5,-1.2573836014162509e-05,1.2573836014162509e-05,0
R02,13.5,13.600000000000001,-1.1677172537138958e-05,1.1677172537138958e-05,0
R02,13.600000000000001,13.700000000000001,-1.0844451789226994e-05,1.0844451789226994e-05,0
R02,13.700000000000001,13.800000000000001,-1.007111389483839e-05,1.007111389483839e-05,0
R02,13.800000000000001,13.9,-9.3529241553813591e-06,9.3529241553813591e-06,0
R02,13.9,14,-8.6859498518165879e-06,8.6859498518165879e-06,0
R02,14,14.100000000000001,-8.0665387203193717e-06,8.0665387203193717e-06,0
R02,14.100000000000001,14.200000000000001,-7.4912989405095942e-06,7.4912989405095942e-06,0
R02,14.200000000000001,14.300000000000001,-6.9570805716345774e-06,6.9570805716345774e-06,0
R02,14.300000000000001,14.4,-6.4609583019237249e-06,6.4609583019237249e-06,0
R02,14.4,14.5,-6.0002154287364107e-06,6.0002154287364107e-06,0
R02,14.5,14.600000000000001,-5.5723289802411813e-06,5.5723289802411813e-06,0
R02,14.600000000000001,14.700000000000001,-5.174955904019285e-06,5.174955904019285e-06,0
R02,14.700000000000001,14.800000000000001,-4.8059202379935329e-06,4.8059202379935329e-06,0
R02,14.800000000000001,14.9,-4.4632011857448362e-06,4.4632011857448362e-06,0
R02,14.9,15,-4.1449220624656391e-06,4.1449220624656391e-06,0
R02,15,15.100000000000001,-3.8493400122963095e-06,3.8493400122963095e-06,0
R02,15.100000000000001,15.200000000000001,-3.5748364641818853e-06,3.5748364641818853e-06,0
R02,15.200000000000001,15.300000000000001,-3.3199082702939364e-06,3.3199082702939364e-06,0
R02,15.300000000000001,15.4,-3.083159476835462e-06,3.083159476835462e-06,0
R02,15.4,15.5,-2.8632936799333208e-06,2.8632936799333208e-06,0
R02,15.5,15.600000000000001,-2.6591069182124727e-06,2.6591069182124727e-06,0
R02,15.600000000000001,15.700000000000001,-2.4694810898395758e-06,2.4694810898395758e-06,0
R02,15.700000000000001,15.800000000000001,-2.2933778307532293e-06,2.2933778307532293e-06,0
R02,15.800000000000001,15.9,-2.1298328198859906e-06,2.1298328198859906e-06,0
R02,15.9,16,-1.977950505827053e-06,1.977950505827053e-06,0
R02,16,16.100000000000001,-1.8368992011907892e-06,1.8368992011907892e-06,0
R02,16.100000000000001,16.199999999999999,-1.7059065262614581e-06,1.7059065262614581e-06,0
R02,16.199999999999999,16.300000000000001,-1.5842551797096149e-06,1.5842551797096149e-06,0
R02,16.300000000000001,16.400000000000002,-1.4712790146198529e-06,1.4712790146198529e-06,0
R02,16.400000000000002,16.5,-1.3663593909640781e-06,1.3663593909640781e-06,0
R02,16.5,16.600000000000001,-1.2689217774308759e-06,1.2689217774308759e-06,0
R02,16.600000000000001,16.699999999999999,-1.1784326208186258e-06,1.1784326208186258e-06,0
R02,16.699999999999999,16.800000000000001,-1.0943964130483153e-06,1.0943964130483153e-06,0
R02,16.800000000000001,16.900000000000002,-1.0163529835516272e-06,1.0163529835516272e-06,0
R02,16.900000000000002,17,-9.4387497417969257e-07,9.4387497417969257e-07,0
R02,17,17.100000000000001,-8.7656550551429291e-07,8.7656550551429291e-07,0
R02,17.100000000000001,17.199999999999999,-8.1405600216299945e-07,8.1405600216299945e-07,0
R02,17.199999999999999,17.300000000000001,-7.5600416327148423e-07,7.5600416327148423e-07,0
R02,17.300000000000001,17.400000000000002,-7.0209210845106895e-07,7.0209210845106895e-07,0
R02,17.400000000000002,17.5,-6.5202462362634606e-07,6.5202462362634606e-07,0
R02,17.5,17.600000000000001,-6.0552754277409804e-07,6.0552754277409804e-07,0
R02,17.600000000000001,17.699999999999999,-5.623462535631063e-07,5.623462535631063e-07,0
R02,17.699999999999999,17.800000000000001,-5.2224430513447828e-07,5.2224430513447828e-07,0
R02,17.800000000000001,17.900000000000002,-4.8500209803847838e-07,4.8500209803847838e-07,0
R02,17.900000000000002,18,-4.5041570295722977e-07,4.5041570295722977e-07,0
R02,18,18.100000000000001,-4.1829572738905085e-07,4.1829572738905085e-07,0
R02,18.100000000000001,18.199999999999999,-3.8846628580557763e-07,3.8846628580557763e-07,0
R02,18.199999999999999,18.300000000000001,-3.6076403686635672e-07,3.6076403686635672e-07,0
R02,18.300000000000001,18.400000000000002,-3.350372863586415e-07,3.350372863586415e-07,0
R02,18.400000000000002,18.5,-3.1114515897101569e-07,3.1114515897101569e-07,0
R02,18.5,18.600000000000001,-2.889568226915884e-07,2.889568226915884e-07,0
R02,18.600000000000001,18.699999999999999,-2.6835077648890149e-07,2.6835077648890149e-07,0
R02,18.699999999999999,18.800000000000001,-2.4921418884105151e-07,2.4921418884105151e-07,0
R02,18.800000000000001,18.900000000000002,-2.3144226357629805e-07,2.3144226357629805e-07,0
R02,18.900000000000002,19,-2.1493768853630968e-07,2.1493768853630968e-07,0
R02,19,19.100000000000001,-1.9961008557167759e-07,1.9961008557167759e-07,0
R02,19.100000000000001,19.200000000000003,-1.8537552093356169e-07,1.8537552093356169e-07,0
R02,19.200000000000003,19.300000000000001,-1.7215604963816133e-07,1.7215604963816133e-07,0
R02,19.300000000000001,19.400000000000002,-1.5987928470018176e-07,1.5987928470018176e-07,0
R02,19.400000000000002,19.5,-1.4847799678641138e-07,1.4847799678641138e-07,0
R02,19.5,19.600000000000001,-1.3788975539164028e-07,1.3788975539164028e-07,0
R02,19.600000000000001,19.700000000000003,-1.2805658489156713e-07,1.2805658489156713e-07,0
R02,19.700000000000003,19.800000000000001,-1.1892463169793643e-07,1.1892463169793643e-07,0
R02,19.800000000000001,19.900000000000002,-1.1044389736092342e-07,1.1044389736092342e-07,0
R02,19.900000000000002,20,-1.0256793880891735e-07,1.0256793880891735e-07,0
R03,0,0.10000000000000001,-0.0067918367095507158,0.0067918367095507089,0.17421120154970476
R03,0.10000000000000001,0.20000000000000001,-0.014356553015973852,0.014356553015973817,0.13516690017469535
R03,0.20000000000000001,0.30000000000000004,-0.017141307311667915,0.017141307311667901,0.10861583030981453
R03,0.30000000000000004,0.40000000000000002,-0.017667553699190146,0.017667553699190118,0.089579560953178317
R03,0.40000000000000002,0.5,-0.017074243473202501,0.017074243473202473,0.075359271051706811
R03,0.5,0.60000000000000009,-0.015949355328776296,0.015949355328776296,0.064383060509276113
R03,0.60000000000000009,0.70000000000000007,-0.014611534609083862,0.014611534609083862,0.05568373401534954
R03,0.70000000000000007,0.80000000000000004,-0.013234245879579498,0.013234245879579498,0.048638818518190075
R03,0.80000000000000004,0.90000000000000002,-0.011908978760759775,0.01190897876075972,0.042832019385268927
R03,0.90000000000000002,1,-0.010680226318481478,0.010680226318481478,0.037975415313294736
R03,1,1.1000000000000001,-0.0095656778584841673,0.0095656778584841673,0.033863864060943216
R03,1.1000000000000001,1.2000000000000002,-0.0085680897385734534,0.0085680897385735366,0.030347300140643352
R03,1.2000000000000002,1.3,-0.0076822904347865484,0.0076822904347865206,0.027313358536126819
R03,1.3,1.4000000000000001,-0.0068992866459611779,0.0068992866459611224,0.024676156992393339
R03,1.4000000000000001,1.5,-0.0062086288078867513,0.0062086288078866958,0.022368859930529839
R03,1.5,1.6000000000000001,-0.0055997311492185786,0.0055997311492185786,0.020338626713394814
R03,1.6000000000000001,1.7000000000000002,-0.0050625675297865103,0.0050625675297865658,0.01854310051032193
R03,1.7000000000000002,1.8,-0.0045879993571279754,0.0045879993571279754,0.016947915640364908
R03,1.8,1.9000000000000001,-0.0041678914492752905,0.004167891449275346,0.015524892896659814
R03,1.9000000000000001,2,-0.0037951101849076907,0.0037951101849076907,0.014250709152021424
R03,2,2.1000000000000001,-0.0034634604867311569,0.0034634604867311569,0.013105900254540614
R03,2.1000000000000001,2.2000000000000002,-0.003167594977393412,0.003167594977393523,0.012074102390392971
R03,2.2000000000000002,2.3000000000000003,-0.0029029144508280758,0.0029029144508280758,0.011141466963710212
R03,2.3000000000000003,2.4000000000000004,-0.0026654701822889648,0.0026654701822889648,0.010296203722411246
R03,2.4000000000000004,2.5,-0.0024518734315323587,0.0024518734315323587,0.0095282200486588309
R03,2.5,2.6000000000000001,-0.0022592144541632442,0.0022592144541632442,0.0088288333206267833
R03,2.6000000000000001,2.7000000000000002,-0.0020849916029795634,0.0020849916029796189,0.0081905394757084693
R03,2.7000000000000002,2.8000000000000003,-0.0019270501616326929,0.0019270501616326929,0.0076068252805863157
R03,2.8000000000000003,2.9000000000000004,-0.0017835300884578298,0.0017835300884578298,0.0070720149349297046
R03,2.9000000000000004,3,-0.0016528216618235669,0.0016528216618235669,0.0065811438932055211
R03,3,3.1000000000000001,-0.0015335279887631059,0.0015335279887631059,0.0061298544436978464
R03,3.1000000000000001,3.2000000000000002,-0.0014244333925684249,0.0014244333925684249,0.0057143088113282836
R03,3.2000000000000002,3.3000000000000003,-0.0013244767886385622,0.0013244767886386177,0.0053311164722404936
R03,3.3000000000000003,3.4000000000000004,-0.0012327292657169364,0.0012327292657169364,0.0049772730669284115
R03,3.4000000000000004,3.5,-0.0011483751976076317,0.0011483751976076317,0.0046501088341091013
R03,3.5,3.6000000000000001,-0.0010706963111026535,0.00107069631110282,0.0043472449015706793
R03,3.6000000000000001,3.7000000000000002,-0.00099905822591897508,0.00099905822591897508,0.0040665560930053246
R03,3.7000000000000002,3.8000000000000003,-0.00093289906091276187,0.00093289906091276187,0.0038061391635988429
R03,3.8000000000000003,3.9000000000000004,-0.00087171976801125872,0.00087171976801125872,0.0035642855779074445
R03,3.9000000000000004,4,-0.00081507591209661889,0.0008150759120966744,0.0033394581036341187
R03,4,4.1000000000000005,-0.00076257066267571005,0.00076257066267576556,0.0031302706232021471
R03,4.1000000000000005,4.2000000000000002,-0.00071384880285180197,0.00071384880285180197,0.0029354706684685539
R03,4.2000000000000002,4.2999999999999998,-0.00066859159402646307,0.00066859159402651858,0.0027539242677478981
R03,4.2999999999999998,4.4000000000000004,-0.00062651236201299865,0.00062651236201305416,0.0025846027627056678
R03,4.4000000000000004,4.5,-0.00058735269276868896,0.00058735269276885549,0.0024265713084701268
R03,4.5,4.6000000000000005,-0.00055087914454687859,0.00055087914454687859,0.0022789788163031233
R03,4.6000000000000005,4.7000000000000002,-0.00051688039864122848,0.00051688039864122848,0.0021410491360724926
R03,4.7000000000000002,4.8000000000000007,-0.00048516478359622583,0.00048516478359622583,0.0020120733071378183
R03,4.8000000000000007,4.9000000000000004,-0.00045555811825354064,0.00045555811825354064,0.0018914027323517768
R03,4.9000000000000004,5,-0.00042790182772314833,0.00042790182772314833,0.001778443151686071
R03,5,5.1000000000000005,-0.00040205129358228398,0.00040205129358228398,0.0016726493101579809
R03,5.1000000000000005,5.2000000000000002,-0.00037787440561529162,0.00037787440561529162,0.0015735202300291018
R03,5.2000000000000002,5.3000000000000007,-0.0003552502874142327,0.0003552502874142327,0.001480595010162844
R03,5.3000000000000007,5.4000000000000004,-0.00033406817233702646,0.00033406817233708197,0.0013934490862319571
R03,5.4000000000000004,5.5,-0.0003142264098192904,0.00031422640981934591,0.0013116908947097272
R03,5.5,5.6000000000000005,-0.00029563158496537234,0.00029563158496542785,0.0012349588913751486
R03,5.6000000000000005,5.7000000000000002,-0.00027819773682702387,0.00027819773682702387,0.0011629188817032787
R03,5.7000000000000002,5.8000000000000007,-0.00026184566283313226,0.00026184566283307675,0.0010952616261972192
R03,5.8000000000000007,5.9000000000000004,-0.00024650229862335782,0.00024650229862335782,0.0010317006885303126
R03,5.9000000000000004,6,-0.00023210016399738409,0.00023210016399732858,0.00097197049858088747
R03,6,6.1000000000000005,-0.00021857686697940304,0.00021857686697934753,0.00091582460593864212
R03,6.1000000000000005,6.2000000000000002,-0.00020587465906524161,0.00020587465906524161,0.00086303410260191171
R03,6.2000000000000002,6.3000000000000007,-0.000193940035632445,0.00019394003563238948,0.00081338619617787877
R03,6.3000000000000007,6.4000000000000004,-0.00018272337629327007,0.00018272337629327007,0.00076668291722836734
R03,6.4000000000000004,6.5,-0.00017217862063251266,0.00017217862063245715,0.00072273994635674299
R03,6.5,6.6000000000000005,-0.00016226297535118506,0.00016226297535118506,0.00068138554839314303
R03,6.6000000000000005,6.7000000000000002,-0.00015293664934748485,0.00015293664934742934,0.00064245960247233391
R03,6.7000000000000002,6.8000000000000007,-0.00014416261367761196,0.00014416261367761196,0.00060581271814963422
R03,6.8000000000000007,6.9000000000000004,-0.00013590638372878994,0.00013590638372873443,0.00057130542882988244
R03,6.9000000000000004,7,-0.00012813582124271417,0.00012813582124271417,0.00053880745474654823
R03,7,7.1000000000000005,-0.00012082095412316307,0.00012082095412310756,0.00050819702863735827
R03,7.1000000000000005,7.2000000000000002,-0.0001139338121868283,0.00011393381218671728,0.00047936027799999614
R03,7.2000000000000002,7.3000000000000007,-0.00010744827724781802,0.00010744827724781802,0.00045219065848556284
R03,7.3000000000000007,7.4000000000000004,-0.00010133994609193286,0.00010133994609187735,0.00042658843358100995
R03,7.4000000000000004,7.5,-9.5586005071895963e-05,9.5586005071895963e-05,0.00040246019624667895
R03,7.5,7.6000000000000005,-9.0165115192997192e-05,9.0165115192997192e-05,0.00037971842863937511
R03,7.6000000000000005,7.7000000000000002,-8.5057306678459899e-05,8.5057306678459899e-05,0.00035828109643931683
R03,7.7000000000000002,7.8000000000000007,-8.0243882118441467e-05,8.024388211855249e-05,0.00033807127467833098
R03,7.8000000000000007,7.9000000000000004,-7.5707327400670321e-05,7.5707327400670321e-05,0.00031901680226331663
R03,7.9000000000000004,8,-7.143122970368343e-05,7.143122970368343e-05,0.00030104996268986994
R03,8,8.0999999999999996,-6.7400201914230573e-05,6.7400201914230573e-05,0.00028410718867499796
R03,8.0999999999999996,8.2000000000000011,-6.3599812887504825e-05,6.3599812887560336e-05,0.00026812878866500078
R03,8.2000000000000011,8.3000000000000007,-6.0016523036693359e-05,6.0016523036693359e-05,0.00025305869337599596
R03,8.3000000000000007,8.4000000000000004,-5.6637624785277341e-05,5.6637624785277341e-05,0.00023884422071085432
R03,8.4000000000000004,8.5,-5.3451187461472927e-05,5.3451187461583949e-05,0.00022543585750778306
R03,8.5,8.5999999999999996,-5.0446006259474707e-05,5.0446006259585729e-05,0.00021278705680360943
R03,8.5999999999999996,8.7000000000000011,-4.7611554922083466e-05,4.7611554922083466e-05,0.00020085404931857731
R03,8.7000000000000011,8.8000000000000007,-4.493794184018407e-05,4.493794184018407e-05,0.00018959566806220352
R03,8.8000000000000007,8.9000000000000004,-4.2415869285800101e-05,4.2415869285883367e-05,0.00017897318503456994
R03,8.9000000000000004,9,-4.0036595527370711e-05,4.0036595527453978e-05,0.00016895015907025801
R03,9,9.0999999999999996,-3.7791899595185363e-05,3.7791899595185363e-05,0.00015949229397982378
R03,9.0999999999999996,9.2000000000000011,-3.5674048489475751e-05,3.5674048489531263e-05,0.00015056730621787473
R03,9.2000000000000011,9.3000000000000007,-3.3675766640151039e-05,3.3675766640151039e-05,0.00014214480135099627
R03,9.3000000000000007,9.4000000000000004,-3.1790207443260776e-05,3.1790207443260776e-05,0.00013419615868537349
R03,9.4000000000000004,9.5,-3.0010926716894648e-05,3.0010926716894648e-05,0.00012669442344925841
R03,9.5,9.6000000000000014,-2.8331857934327243e-05,2.8331857934354998e-05,0.00011961420598094463
R03,9.6000000000000014,9.7000000000000011,-2.6747289095685467e-05,2.6747289095713223e-05,0.00011293158743974629
R03,9.7000000000000011,9.8000000000000007,-2.525184112495138e-05,2.525184112495138e-05,0.00010662403153638422
R03,9.8000000000000007,9.9000000000000004,-2.3840447674672305e-05,2.3840447674672305e-05,0.00010067030190907822
R03,9.9000000000000004,10,-2.2508336241205962e-05,2.2508336241205962e-05,9.5050384714578939e-05
R03,10,10.100000000000001,-2.1251010494577338e-05,2.1251010494521827e-05,8.9745416085085239e-05
R03,10.100000000000001,10.200000000000001,-2.0064233737543402e-05,2.0064233737543402e-05,8.4737614129082317e-05
R03,10.200000000000001,10.300000000000001,-1.8944013414790017e-05,1.8944013414790017e-05,8.0010215144366015e-05
R03,10.300000000000001,10.4,-1.7886586600124321e-05,1.7886586600096566e-05,7.5547413797893981e-05
R03,10.4,10.5,-1.6888406392384647e-05,1.6888406392356892e-05,7.133430695405174e-05
R03,10.5,10.600000000000001,-1.5946129161836797e-05,1.5946129161836797e-05,6.7356840969035048e-05
R03,10.600000000000001,10.700000000000001,-1.5056602584440082e-05,1.5056602584440082e-05,6.3601762174236853e-05
R03,10.700000000000001,10.800000000000001,-1.4216854416326807e-05,1.421685441643783e-05,6.0056570374777962e-05
R03,10.800000000000001,10.9,-1.342408195603717e-05,1.3424081956203704e-05,5.6709475154015365e-05
R03,10.9,11,-1.2675642150350441e-05,1.2675642150405952e-05,5.35493547881849e-05
R03,11,11.100000000000001,-1.1969042300580268e-05,1.1969042300580268e-05,5.056571764860962e-05
R03,11.100000000000001,11.200000000000001,-1.1301931333668191e-05,1.1301931333723703e-05,4.7748665879643326e-05
R03,11.200000000000001,11.300000000000001,-1.0672091594998712e-05,1.0672091595054223e-05,4.5088861255537793e-05
R03,11.300000000000001,11.4,-1.0077431138955095e-05,1.0077431138955095e-05,4.2577493050144355e-05
R03,11.4,11.5,-9.5159764740559982e-06,9.5159764740559982e-06,4.0206247802876405e-05
R03,11.5,11.600000000000001,-8.9858657462693614e-06,8.9858657462138503e-06,3.7967280865469633e-05
R03,11.600000000000001,11.700000000000001,-8.4853423219510837e-06,8.4853423219510837e-06,3.5853189620738135e-05
R03,11.700000000000001,11.800000000000001,-8.0127487537273723e-06,8.0127487537273723e-06,3.3856988269853616e-05
R03,11.800000000000001,11.9,-7.5665210988729026e-06,7.5665210988729026e-06,3.1972084080678087e-05
R03,11.9,12,-7.1451835746694226e-06,7.1451835746694226e-06,3.019225503364531e-05
R03,12,12.100000000000001,-6.7473435249321145e-06,6.7473435249321145e-06,2.8511628751060059e-05
R03,12.100000000000001,12.200000000000001,-6.3716866814111928e-06,6.3716866814111928e-06,2.6924662661631515e-05
R03,12.200000000000001,12.300000000000001,-6.0169727019443453e-06,6.0169727019443453e-06,2.542612529143895e-05
R03,12.300000000000001,12.4,-5.6820309661254065e-06,5.6820309661254065e-06,2.4011078669783359e-05
R03,12.4,12.5,-5.3657566168596738e-06,5.3657566168596738e-06,2.2674861697602466e-05
R03,12.5,12.600000000000001,-5.0671068305974121e-06,5.0671068305974121e-06,2.1413074516196673e-05
R03,12.600000000000001,12.700000000000001,-4.7850973020069354e-06,4.7850973020069354e-06,2.0221563760136618e-05
R03,12.700000000000001,12.800000000000001,-4.5187989316797239e-06,4.5187989316797239e-06,1.909640863106965e-05
R03,12.800000000000001,12.9,-4.2673347051269683e-06,4.2673347051269683e-06,1.8033907803527427e-05
R03,12.9,13,-4.0298767499946653e-06,4.0298767499391541e-06,1.7030567055931201e-05
R03,13,13.100000000000001,-3.8056435622269014e-06,3.8056435622269014e-06,1.6083087613916192e-05
R03,13.100000000000001,13.200000000000001,-3.593897391962475e-06,3.5938973920179862e-06,1.518835515401662e-05
R03,13.200000000000001,13.300000000000001,-3.3939417763417801e-06,3.3939417763417801e-06,1.4343429440621946e-05
R03,13.300000000000001,13.4,-3.2051192164206377e-06,3.2051192164761488e-06,1.354553453669638e-05
R03,13.4,13.5,-3.0268089826201994e-06,3.0268089826201994e-06,1.2792049582266429e-05
R03,13.5,13.600000000000001,-2.8584250487406759e-06,2.8584250487961871e-06,1.2080500098043956e-05
R03,13.600000000000001,13.700000000000001,-2.6994141414660167e-06,2.6994141414660167e-06,1.1408549765112852e-05
R03,13.700000000000001,13.800000000000001,-2.5492538998639347e-06,2.5492538999194458e-06,1.077399268134549e-05
R03,13.800000000000001,13.9,-2.4074511410510091e-06,2.4074511410510091e-06,1.0174746063462692e-05
R03,13.9,14,-2.2735402226692347e-06,2.2735402226692347e-06,9.6088433387819805e-06
R03,14,14.100000000000001,-2.1470814990098841e-06,2.1470814990098841e-06,9.0744276417531466e-06
R03,14.100000000000001,14.200000000000001,-2.027659863429454e-06,2.027659863429454e-06,8.5697456786437698e-06
R03,14.200000000000001,14.300000000000001,-1.9148833743931615e-06,1.9148833742821392e-06,8.0931419279561823e-06
R03,14.300000000000001,14.4,-1.8083819567082937e-06,1.8083819566527826e-06,7.643053177019965e-06
R03,14.4,14.5,-1.707806179446214e-06,1.7078061793907029e-06,7.2180033543478572e-06
R03,14.5,14.600000000000001,-1.6128260995618149e-06,1.6128260993952814e-06,6.8165986681911761e-06
R03,14.600000000000001,14.700000000000001,-1.5231301712659295e-06,1.5231301711549072e-06,6.4375230011126661e-06
R03,14.700000000000001,14.800000000000001,-1.4384242189580121e-06,1.4384242189025009e-06,6.0795335727892308e-06
R03,14.800000000000001,14.9,-1.3584304651148571e-06,1.3584304650593459e-06,5.7414568503943997e-06
R03,14.9,15,-1.2828866143288487e-06,1.2828866143288487e-06,5.4221846779167748e-06
R03,15,15.100000000000001,-1.2115449876670681e-06,1.2115449875560458e-06,5.1206706244144584e-06
R03,15.100000000000001,15.200000000000001,-1.1441717072679936e-06,1.1441717072124824e-06,4.8359265427677656e-06
R03,15.200000000000001,15.300000000000001,-1.0805459250973204e-06,1.0805459249030314e-06,4.5670193191682529e-06
R03,15.300000000000001,15.4,-1.0204590957241244e-06,1.0204590956963688e-06,4.3130678013536539e-06
R03,15.4,15.5,-9.6371429050834401e-07,9.6371429050834401e-07,4.073239898483294e-06
R03,15.5,15.600000000000001,-9.1012554753744368e-07,9.1012554748193253e-07,3.8467498506555842e-06
R03,15.600000000000001,15.700000000000001,-8.5951726125355066e-07,8.5951726125355066e-07,3.632855640312016e-06
R03,15.700000000000001,15.800000000000001,-8.1172360508197094e-07,8.1172360508197094e-07,3.4308565557417126e-06
R03,15.800000000000001,15.9,-7.6658798467410527e-07,7.6658798467410527e-07,3.2400908915874993e-06
R03,15.9,16,-7.2396252459583366e-07,7.2396252459583366e-07,3.0599337723646869e-06
R03,16,16.100000000000001,-6.8370758080082972e-07,6.8370758082858529e-07,2.8897950976602971e-06
R03,16.100000000000001,16.199999999999999,-6.4569128346847471e-07,6.4569128355174144e-07,2.7291176161181596e-06
R03,16.199999999999999,16.300000000000001,-6.0978910237929895e-07,6.0978910226827665e-07,2.5773750740309964e-06
R03,16.300000000000001,16.400000000000002,-5.7588343826964206e-07,5.758834382141309e-07,2.4340705129244355e-06
R03,16.400000000000002,16.5,-5.4386323722344088e-07,5.4386323722344088e-07,2.2987346262048902e-06
R03,16.5,16.600000000000001,-5.1362362529783212e-07,5.1362362518680982e-07,2.1709242126188855e-06
R03,16.600000000000001,16.699999999999999,-4.8506556485361507e-07,4.8506556490912622e-07,2.050220735849706e-06
R03,16.699999999999999,16.800000000000001,-4.5809552898234962e-07,4.5809552892683847e-07,1.936228945398355e-06
R03,16.800000000000001,16.900000000000002,-4.3262519477949013e-07,4.3262519472397898e-07,1.8285755742919463e-06
R03,16.900000000000002,17,-4.0857115371495389e-07,4.0857115371495389e-07,1.7269081307169643e-06
R03,17,17.100000000000001,-3.858546382684569e-07,3.858546382684569e-07,1.6308937218489916e-06
R03,17.100000000000001,17.199999999999999,-3.6440126202630374e-07,3.6440126208181489e-07,1.5402179798229554e-06
R03,17.199999999999999,17.300000000000001,-3.4414077834665768e-07,3.4414077834665768e-07,1.4545840205659744e-06
R03,17.300000000000001,17.400000000000002,-3.2500684737923891e-07,3.2500684749026121e-07,1.3737114736844802e-06
R03,17.400000000000002,17.5,-3.0693682007143508e-07,3.0693682007143508e-07,1.2973355669743114e-06
R03,17.5,17.600000000000001,-2.8987153211090799e-07,2.8987153211090799e-07,1.2252062504547467e-06
R03,17.600000000000001,17.699999999999999,-2.7375511044147594e-07,2.7375511044147594e-07,1.157087386127742e-06
R03,17.699999999999999,17.800000000000001,-2.5853478974324773e-07,2.5853478974324773e-07,1.0927559646045637e-06
R03,17.800000000000001,17.900000000000002,-2.4416073959865336e-07,2.4416073959865336e-07,1.0320013847930909e-06
R03,17.900000000000002,18,-2.3058590115088151e-07,2.3058590115088151e-07,9.7462475578957708e-07
R03,18,18.100000000000001,-2.1776583300492369e-07,2.1776583311594599e-07,9.2043824961862697e-07
R03,18.100000000000001,18.199999999999999,-2.0565856562182461e-07,2.0565856567733576e-07,8.6926447995239187e-07
R03,18.199999999999999,18.300000000000001,-1.9422446323469345e-07,1.9422446323469345e-07,8.2093592901344437e-07
R03,18.300000000000001,18.400000000000002,-1.8342609428567691e-07,1.8342609434118806e-07,7.752943953498459e-07
R03,18.400000000000002,18.5,-1.732281099953159e-07,1.732281099953159e-07,7.3219047225236977e-07
R03,18.5,18.600000000000001,-1.6359712620706013e-07,1.6359712620706013e-07,6.9148306325317321e-07
R03,18.600000000000001,18.699999999999999,-1.5450161600094603e-07,1.5450161605645718e-07,6.5303891783052848e-07
R03,18.699999999999999,18.800000000000001,-1.4591180558243266e-07,1.4591180558243266e-07,6.1673219842184324e-07
R03,18.800000000000001,18.900000000000002,-1.3779957669379783e-07,1.3779957669379783e-07,5.8244405609642058e-07
R03,18.900000000000002,19,-1.3013837504849413e-07,1.3013837504849413e-07,5.5006226218345944e-07
R03,19,19.100000000000001,-1.2290312276230786e-07,1.2290312270679671e-07,5.1948081813968372e-07
R03,19.100000000000001,19.200000000000003,-1.1607013639114427e-07,1.1607013639114427e-07,4.9059962714537164e-07
R03,19.200000000000003,19.300000000000001,-1.096170495762383e-07,1.096170495762383e-07,4.6332415393202098e-07
R03,19.300000000000001,19.400000000000002,-1.0352273990821281e-07,1.0352273985270166e-07,4.3756512391190938e-07
R03,19.400000000000002,19.5,-9.7767259066294798e-08,9.7767259066294798e-08,4.1323822252969933e-07
R03,19.5,19.600000000000001,-9.2331768397624359e-08,9.2331768397624359e-08,3.9026382236961865e-07
R03,19.600000000000001,19.700000000000003,-8.7198476605987452e-08,8.7198476605987452e-08,3.6856672958052172e-07
R03,19.700000000000003,19.800000000000001,-8.2350581076529039e-08,8.2350581076529039e-08,3.4807592474983551e-07
R03,19.800000000000001,19.900000000000002,-7.7772214585047905e-08,7.7772214585047905e-08,3.2872434174713305e-07
R03,19.900000000000002,20,-7.3448391285646508e-08,7.3448391285646508e-08,3.1044864057250265e-07
R04,0,0.10000000000000001,-0.00089271441726106637,0.00089271441726106616,0.17383984922565293
R04,0.10000000000000001,0.20000000000000001,-0.0023621517776602928,0.0023621517776602893,0.1334179447392973
R04,0.20000000000000001,0.30000000000000004,-0.0034830268344287572,0.0034830268344287554,0.10541630628845156
R04,0.30000000000000004,0.40000000000000002,-0.0043614620172938382,0.0043614620172938399,0.085262687681084082
R04,0.40000000000000002,0.5,-0.0050634966504547428,0.0050634966504547393,0.07031024198591912
R04,0.5,0.60000000000000009,-0.0056330790235380943,0.0056330790235380943,0.058940075790329893
R04,0.60000000000000009,0.70000000000000007,-0.0061007842983852624,0.0061007842983852624,0.05011665027115686
R04,0.70000000000000007,0.80000000000000004,-0.0064886083621925709,0.0064886083621925779,0.043152437419334611
R04,0.80000000000000004,0.90000000000000002,-0.0068128004952212676,0.0068128004952212676,0.037576369433398149
R04,0.90000000000000002,1,-0.0070856289233948572,0.0070856289233948572,0.033056870425269835
R04,1,1.1000000000000001,-0.0073165274240991965,0.0073165274240991965,0.029355038487624774
R04,1.1000000000000001,1.2000000000000002,-0.007512864821941953,0.007512864821941953,0.026295196526008424
R04,1.2000000000000002,1.3,-0.0076804756299885257,0.0076804756299885257,0.02374581865090164
R04,1.3,1.4000000000000001,-0.0078240345522430227,0.0078240345522430227,0.021606854373363849
R04,1.4000000000000001,1.5,-0.007947326176466582,0.007947326176466582,0.019801109751067192
R04,1.5,1.6000000000000001,-0.0080534426861915004,0.0080534426861914726,0.018268265894500035
R04,1.6000000000000001,1.7000000000000002,-0.0081449311343875647,0.0081449311343875647,0.016960650587630188
R04,1.7000000000000002,1.8,-0.008223904734289092,0.008223904734289092,0.015840198866498789
R04,1.8,1.9000000000000001,-0.0082921280612276715,0.0082921280612276438,0.014876234748739114
R04,1.9000000000000001,2,-0.008351083058559125,0.008351083058559125,0.014043829569592048
R04,2,2.1000000000000001,-0.0084020207281893522,0.0084020207281893522,0.013322571401934491
R04,2.1000000000000001,2.2000000000000002,-0.0084460020125342594,0.0084460020125342594,0.012695631676483687
R04,2.2000000000000002,2.3000000000000003,-0.0084839304221018264,0.0084839304221018264,0.01214904945951778
R04,2.3000000000000003,2.4000000000000004,-0.0085165782924738198,0.0085165782924738198,0.011671177054124904
R04,2.4000000000000004,2.5,-0.0085446080762694721,0.0085446080762695276,0.011252246510980779
R04,2.5,2.6000000000000001,-0.008568589730280185,0.008568589730280185,0.010884027706419275
R04,2.6000000000000001,2.7000000000000002,-0.008589015005570827,0.008589015005570827,0.010559556444553309
R04,2.7000000000000002,2.8000000000000003,-0.0086063092618843817,0.0086063092618843817,0.010272916599719295
R04,2.8000000000000003,2.9000000000000004,-0.0086208412885440122,0.0086208412885440122,0.010019064323252502
R04,2.9000000000000004,3,-0.0086329315091708825,0.0086329315091708825,0.0097936852576863132
R04,3,3.1000000000000001,-0.008642858867826092,0.008642858867826092,0.0095930778489996538
R04,3.1000000000000001,3.2000000000000002,-0.0086508666330231965,0.0086508666330231965,0.0094140574419294687
R04,3.2000000000000002,3.3000000000000003,-0.0086571673087982859,0.0086571673087982859,0.0092538770376833224
R04,3.3000000000000003,3.4000000000000004,-0.0086619468051883919,0.0086619468051883919,0.0091101614953776888
R04,3.4000000000000004,3.5,-0.00866536799156159,0.00866536799156159,0.0089808526452641591
R04,3.5,3.6000000000000001,-0.0086675737334155345,0.0086675737334155345,0.0088641633085480009
R04,3.6000000000000001,3.7000000000000002,-0.0086686894950800397,0.0086686894950800397,0.0087585386256046061
R04,3.7000000000000002,3.8000000000000003,-0.0086688255762227828,0.0086688255762227828,0.0086626234109818956
R04,3.8000000000000003,3.9000000000000004,-0.0086680790383541484,0.0086680790383541484,0.0085752345015159825
R04,3.9000000000000004,4,-0.0086665353680356327,0.0086665353680356327,0.0084953372593088439
R04,4,4.1000000000000005,-0.0086642699157877257,0.0086642699157877257,0.0084220255461382454
R04,4.1000000000000005,4.2000000000000002,-0.00866134914337785,0.00866134914337785,0.0083545046095128139
R04,4.2000000000000002,4.2999999999999998,-0.0086578317069720412,0.0086578317069720412,0.0082920764195315577
R04,4.2999999999999998,4.4000000000000004,-0.0086537693993530285,0.0086537693993530285,0.0082341270756267626
R04,4.4000000000000004,4.5,-0.0086492079708557768,0.0086492079708557768,0.0081801159669512291
R04,4.5,4.6000000000000005,-0.0086441878456960941,0.0086441878456960941,0.0081295664228140385
R04,4.6000000000000005,4.7000000000000002,-0.0086387447479129298,0.0086387447479129298,0.0080820576327136351
R04,4.7000000000000002,4.8000000000000007,-0.0086329102490547149,0.0086329102490547149,0.0080372176508567428
R04,4.8000000000000007,4.9000000000000004,-0.0086267122480018221,0.0086267122480018221,0.0079947173293200002
R04,4.9000000000000004,5,-0.0086201753918305202,0.0086201753918305202,0.0079542650481299049
R04,5,5.1000000000000005,-0.0086133214453952833,0.0086133214453952833,0.0079156021307080771
R04,5.1000000000000005,5.2000000000000002,-0.0086061696162202939,0.0086061696162202939,0.0078784988499078779
R04,5.2000000000000002,5.3000000000000007,-0.0085987368404073505,0.0085987368404073505,0.0078427509438765419
R04,5.3000000000000007,5.4000000000000004,-0.0085910380344881299,0.0085910380344881299,0.0078081765728366115
R04,5.4000000000000004,5.5,-0.0085830863174853889,0.0085830863174853889,0.0077746136578047409
R04,5.5,5.6000000000000005,-0.0085748932068978601,0.0085748932068978601,0.0077419175506510118
R04,5.6000000000000005,5.7000000000000002,-0.0085664687918153293,0.0085664687918153293,0.0077099589920675005
R04,5.7000000000000002,5.8000000000000007,-0.0085578218859724831,0.0085578218859724831,0.0076786223200042691
R04,5.8000000000000007,5.9000000000000004,-0.0085489601631763001,0.0085489601631763001,0.0076478038963443407
R04,5.9000000000000004,6,-0.0085398902772426122,0.0085398902772426122,0.0076174107239213029
R04,6,6.1000000000000005,-0.0085306179682878014,0.0085306179682878014,0.0075873592298112413
R04,6.1000000000000005,6.2000000000000002,-0.0085211481570168779,0.0085211481570168779,0.0075575741939579721
R04,6.2000000000000002,6.3000000000000007,-0.0085114850284209176,0.0085114850284209176,0.007527987805068026
R04,6.3000000000000007,6.4000000000000004,-0.0085016321061287536,0.0085016321061287536,0.0074985388279911191
R04,6.4000000000000004,6.5,-0.0084915923185235886,0.0084915923185235886,0.0074691718689057218
R04,6.5,6.6000000000000005,-0.0084813680575592798,0.0084813680575592798,0.0074398367263841525
R04,6.6000000000000005,6.7000000000000002,-0.0084709612311453242,0.0084709612311455462,0.0074104878179521716
R04,6.7000000000000002,6.8000000000000007,-0.0084603733098338463,0.0084603733098338463,0.0073810836730232587
R04,6.8000000000000007,6.9000000000000004,-0.0084496053684511852,0.0084496053684511852,0.0073515864843376466
R04,6.9000000000000004,7,-0.0084386581232753777,0.0084386581232753777,0.0073219617109334667
R04,7,7.1000000000000005,-0.0084275319652492575,0.0084275319652492575,0.0072921777265859689
R04,7.1000000000000005,7.2000000000000002,-0.0084162269896834729,0.0084162269896834729,0.0072622055083892967
R04,7.2000000000000002,7.3000000000000007,-0.008404743022849992,0.008404743022849992,0.0072320183608547417
R04,7.3000000000000007,7.4000000000000004,-0.0083930796458129286,0.0083930796458129286,0.0072015916713736861
R04,7.4000000000000004,7.5,-0.0083812362158126597,0.0083812362158126597,0.0071709026935009579
R04,7.5,7.6000000000000005,-0.0083692118854696851,0.0083692118854696851,0.0071399303548633775
R04,7.6000000000000005,7.7000000000000002,-0.008357005620065916,0.008357005620065916,0.0071086550869439158
R04,7.7000000000000002,7.8000000000000007,-0.0083446162131096679,0.0083446162131096679,0.0070770586742612274
R04,7.8000000000000007,7.9000000000000004,-0.0083320423003753197,0.0083320423003753197,0.0070451241208244753
R04,7.9000000000000004,8,-0.008319282372608372,0.008319282372608372,0.0070128355319269975
R04,8,8.0999999999999996,-0.0083063347870185877,0.0083063347870185877,0.0069801780096445665
R04,8.0999999999999996,8.2000000000000011,-0.0082931977777181975,0.0082931977777181975,0.0069471375605048014
R04,8.2000000000000011,8.3000000000000007,-0.0082798694652335136,0.0082798694652335136,0.0069137010140900568
R04,8.3000000000000007,8.4000000000000004,-0.0082663478651654465,0.0082663478651654465,0.0068798559513627566
R04,8.4000000000000004,8.5,-0.0082526308961258232,0.0082526308961258232,0.0068455906416993173
R04,8.5,8.5999999999999996,-0.0082387163870382141,0.0082387163870382141,0.0068108939877731256
R04,8.5999999999999996,8.7000000000000011,-0.0082246020838413481,0.0082246020838413481,0.0067757554774390272
R04,8.7000000000000011,8.8000000000000007,-0.0082102856557230153,0.0082102856557230153,0.0067401651419325415
R04,8.8000000000000007,8.9000000000000004,-0.0081957647008967793,0.0081957647008967793,0.0067041135197474233
R04,8.9000000000000004,9,-0.0081810367520026572,0.0081810367520026572,0.0066675916256517809
R04,9,9.0999999999999996,-0.008166099281177841,0.008166099281177841,0.0066305909243218331
R04,9.0999999999999996,9.2000000000000011,-0.0081509497048443125,0.0081509497048443125,0.0065931033081740864
R04,9.2000000000000011,9.3000000000000007,-0.0081355853882487672,0.0081355853882487672,0.0065551210790104619
R04,9.3000000000000007,9.4000000000000004,-0.0081200036497968142,0.0081200036497968142,0.0065166369330880158
R04,9.4000000000000004,9.5,-0.00810420176521498,0.00810420176521498,0.0064776439493523519
R04,9.5,9.6000000000000014,-0.0080881769715730467,0.0080881769715730467,0.0064381355805287477
R04,9.6000000000000014,9.7000000000000011,-0.0080719264711860417,0.0080719264711860417,0.0063981056468320752
R04,9.7000000000000011,9.8000000000000007,-0.0080554474354294081,0.0080554474354294081,0.0063575483320543746
R04,9.8000000000000007,9.9000000000000004,-0.0080387370084901155,0.0080387370084901155,0.0063164581818617727
R04,9.9000000000000004,10,-0.008021792311066811,0.008021792311066811,0.006274830104097795
R04,10,10.100000000000001,-0.0080046104440456567,0.0080046104440456567,0.0062326593709169931
R04,10.100000000000001,10.200000000000001,-0.0079871884921701719,0.0079871884921701719,0.0061899416226425252
R04,10.200000000000001,10.300000000000001,-0.0079695235277151832,0.0079695235277151832,0.0061466728731660591
R04,10.300000000000001,10.4,-0.0079516126141740973,0.0079516126141740973,0.0061028495167836372
R04,10.4,10.5,-0.0079334528099903601,0.0079334528099903601,0.0060584683363653635
R04,10.5,10.600000000000001,-0.0079150411723287739,0.0079150411723287739,0.0060135265127236881
R04,10.600000000000001,10.700000000000001,-0.0078963747609130941,0.0078963747609130941,0.0059680216351050142
R04,10.700000000000001,10.800000000000001,-0.0078774506419051482,0.0078774506419051482,0.0059219517126833932
R04,10.800000000000001,10.9,-0.0078582658918898707,0.0078582658918898707,0.005875315187001684
R04,10.9,11,-0.0078388176019241751,0.0078388176019241751,0.0058281109452236191
R04,11,11.100000000000001,-0.007819102881672535,0.007819102881672535,0.0057803383341665793
R04,11.100000000000001,11.200000000000001,-0.0077991188636565845,0.0077991188636565845,0.0057319971749849596
R04,11.200000000000001,11.300000000000001,-0.0077788627075869865,0.0077788627075869865,0.0056830877784628253
R04,11.300000000000001,11.4,-0.0077583316048056572,0.0077583316048056572,0.0056336109607948437
R04,11.4,11.5,-0.0077375227828503368,0.0077375227828503368,0.005583568059817523
R04,11.5,11.600000000000001,-0.0077164335101053139,0.0077164335101053139,0.0055329609515708533
R04,11.600000000000001,11.700000000000001,-0.0076950611005880409,0.0076950611005880409,0.0054817920671395015
R04,11.700000000000001,11.800000000000001,-0.0076734029188449959,0.0076734029188449959,0.0054300644096727524
R04,11.800000000000001,11.9,-0.0076514563849534589,0.0076514563849534589,0.0053777815715072563
R04,11.9,12,-0.0076292189796507426,0.0076292189796507426,0.0053249477512888888
R04,12,12.100000000000001,-0.0076066882495733346,0.0076066882495733346,0.0052715677710422071
R04,12.100000000000001,12.200000000000001,-0.0075838618125988466,0.0075838618125988466,0.005217647093056943
R04,12.200000000000001,12.300000000000001,-0.0075607373633098662,0.0075607373633098662,0.0051631918365249163
R04,12.300000000000001,12.4,-0.0075373126785618361,0.0075373126785618361,0.0051082087938194576
R04,12.4,12.5,-0.0075135856231356435,0.0075135856231356435,0.0050527054463322951
R04,12.5,12.600000000000001,-0.0074895541555071166,0.0074895541555068945,0.0049966899797435627
R04,12.600000000000001,12.700000000000001,-0.0074652163336881294,0.0074652163336881294,0.0049401712986587576
R04,12.700000000000001,12.800000000000001,-0.0074405703211593011,0.0074405703211593011,0.0048831590404807557
R04,12.800000000000001,12.9,-0.0074156143928705287,0.0074156143928705287,0.0048256635884129651
R04,12.9,13,-0.0073903469413054701,0.0073903469413054701,0.0047676960835048021
R04,13,13.100000000000001,-0.007364766482607088,0.007364766482607088,0.0047092684356084824
R04,13.100000000000001,13.200000000000001,-0.0073388716627325046,0.0073388716627325046,0.0046503933331480951
R04,13.200000000000001,13.300000000000001,-0.0073126612636547073,0.0073126612636547073,0.0045910842515861638
R04,13.300000000000001,13.4,-0.0072861342095624781,0.0072861342095624781,0.0045313554604831108
R04,13.4,13.5,-0.0072592895730958507,0.0072592895730958507,0.0044712220290221705
R04,13.5,13.600000000000001,-0.007232126581526277,0.007232126581526277,0.0044106998299147104
R04,13.600000000000001,13.700000000000001,-0.0072046446229512284,0.0072046446229512284,0.0043498055415549519
R04,13.700000000000001,13.800000000000001,-0.0071768432524281778,0.0071768432524281778,0.0042885566483148452
R04,13.800000000000001,13.9,-0.0071487221980433002,0.0071487221980433002,0.0042269714389169266
R04,13.9,14,-0.0071202813669188902,0.0071202813669188902,0.0041650690027141835
R04,14,14.100000000000001,-0.0070915208510933248,0.0070915208510933248,0.0041028692238511688
R04,14.100000000000001,14.200000000000001,-0.007062440933325087,0.007062440933325087,0.0040403927731651468
R04,14.200000000000001,14.300000000000001,-0.0070330420927213755,0.0070330420927213755,0.0039776610977679816
R04,14.300000000000001,14.4,-0.007003325010231265,0.007003325010231265,0.0039146964082259483
R04,14.4,14.5,-0.0069732905739490203,0.0069732905739490203,0.0038515216632548643
R04,14.5,14.600000000000001,-0.0069429398842140166,0.0069429398842140166,0.0037881605518765848
R04,14.600000000000001,14.700000000000001,-0.0069122742584972752,0.0069122742584972752,0.0037246374729960063
R04,14.700000000000001,14.800000000000001,-0.0068812952360233215,0.0068812952360233215,0.003660977512325303
R04,14.800000000000001,14.9,-0.0068500045821446864,0.0068500045821446864,0.0035972064166576168
R04,14.9,15,-0.0068184042924017696,0.0068184042924017696,0.0035333505654340236
R04,15,15.100000000000001,-0.0067864965962782797,0.0067864965962782797,0.0034694369396399694
R04,15.100000000000001,15.200000000000001,-0.0067542839606242744,0.0067542839606242744,0.003405493087980771
R04,15.200000000000001,15.300000000000001,-0.0067217690927083851,0.0067217690927083851,0.0033415470904254452
R04,15.300000000000001,15.4,-0.006688954942890124,0.006688954942890124,0.0032776275190764537
R04,15.4,15.5,-0.0066558447068909565,0.0066558447068909565,0.0032137633964830492
R04,15.5,15.600000000000001,-0.0066224418276494834,0.0066224418276494834,0.0031499841514177618
R04,15.600000000000001,15.700000000000001,-0.0065887499967132168,0.0065887499967132168,0.003086319572219054
R04,15.700000000000001,15.800000000000001,-0.0065547731551864885,0.0065547731551864885,0.0030227997577867427
R04,15.800000000000001,15.9,-0.00652051549418875,0.00652051549418875,0.0029594550663527563
R04,15.9,16,-0.006485981454817269,0.006485981454817269,0.002896316062148685
R04,16,16.100000000000001,-0.0064511757276017878,0.0064511757276017878,0.0028334134601133432
R04,16.100000000000001,16.199999999999999,-0.006416103251436045,0.006416103251436045,0.0027707780688144279
R04,16.199999999999999,16.300000000000001,-0.0063807692119661752,0.0063807692119661752,0.0027084407317512493
R04,16.300000000000001,16.400000000000002,-0.0063451790394262186,0.0063451790394262186,0.0026464322672223872
R04,16.400000000000002,16.5,-0.0063093384059478286,0.0063093384059478286,0.0025847834069849807
R04,16.5,16.600000000000001,-0.0062732532222784521,0.0062732532222784521,0.0025235247339012723
R04,16.600000000000001,16.699999999999999,-0.0062369296339441771,0.0062369296339441771,0.0024626866188111052
R04,16.699999999999999,16.800000000000001,-0.0062003740168690147,0.0062003740168690147,0.0024022991568879437
R04,16.800000000000001,16.900000000000002,-0.0061635929723897753,0.0061635929723897753,0.0023423921036935802
R04,16.900000000000002,17,-0.0061265933217420354,0.0061265933217420354,0.0022829948112217391
R04,17,17.100000000000001,-0.0060893820999874393,0.0060893820999869952,0.0022241361641950341
R04,17.100000000000001,17.199999999999999,-0.0060519665493647956,0.0060519665493647956,0.0021658445168506457
R04,17.199999999999999,17.300000000000001,-0.0060143541121406852,0.0060143541121406852,0.0021081476305473412
R04,17.300000000000001,17.400000000000002,-0.0059765524229218325,0.0059765524229218325,0.002051072612406335
R04,17.400000000000002,17.5,-0.0059385693004436746,0.0059385693004436746,0.0019946458553139479
R04,17.5,17.600000000000001,-0.0059004127388955219,0.0059004127388955219,0.0019388929795185472
R04,17.600000000000001,17.699999999999999,-0.0058620908987605524,0.0058620908987605524,0.0018838387761206388
R04,17.699999999999999,17.800000000000001,-0.0058236120972070538,0.0058236120972070538,0.0018295071526961415
R04,17.800000000000001,17.900000000000002,-0.0057849847980655511,0.0057849847980655511,0.0017759210813141912
R04,17.900000000000002,18,-0.005746217601415804,0.005746217601415804,0.0017231025491954988
R04,18,18.100000000000001,-0.0057073192327896649,0.0057073192327896649,0.0016710725122395242
R04,18.100000000000001,18.199999999999999,-0.0056682985320526402,0.0056682985320526402,0.0016198508516411803
R04,18.199999999999999,18.300000000000001,-0.0056291644420005671,0.0056291644420005671,0.0015694563337811385
R04,18.300000000000001,18.400000000000002,-0.0055899259966518677,0.0055899259966518677,0.0015199065736102302
R04,18.400000000000002,18.5,-0.0055505923093306375,0.0055505923093306375,0.0014712180016580589
R04,18.5,18.600000000000001,-0.005511172560580091,0.005511172560580091,0.0014234058348323586
R04,18.600000000000001,18.699999999999999,-0.0054716759858632891,0.0054716759858632891,0.0013764840511196752
R04,18.699999999999999,18.800000000000001,-0.0054321118631968091,0.0054321118631968091,0.0013304653683112733
R04,18.800000000000001,18.900000000000002,-0.0053924895006904894,0.0053924895006904894,0.0012853612268208803
R04,18.900000000000002,19,-0.0053528182240414335,0.0053528182240414335,0.0012411817766373456
R04,19,19.100000000000001,-0.0053131073640395599,0.0053131073640395599,0.0011979358684888197
R04,19.100000000000001,19.200000000000003,-0.0052733662441226681,0.0052733662441226681,0.0011556310491749322
R04,19.200000000000003,19.300000000000001,-0.0052336041679910128,0.0052336041679910128,0.0011142735610953913
R04,19.300000000000001,19.400000000000002,-0.0051938304073644304,0.0051938304073644304,0.0010738683459132758
R04,19.400000000000002,19.5,-0.0051540541898889014,0.0051540541898889014,0.0010344190523026153
R04,19.5,19.600000000000001,-0.0051142846872413994,0.0051142846872413994,0.00099592804769454979
R04,19.600000000000001,19.700000000000003,-0.0050745310034574498,0.0050745310034574498,0.00095839643392126028
R04,19.700000000000003,19.800000000000001,-0.0050348021635466811,0.0050348021635466811,0.00092182406661334149
R04,19.800000000000001,19.900000000000002,-0.0049951071023848215,0.0049951071023848215,0.00088620957824891988
R04,19.900000000000002,20,-0.0049554546539547495,0.0049554546539547495,0.00085155040463780196
W01,0,0.10000000000000001,-0.00030057598989683949,0.0003005759898968486,0.0076431572899316545
W01,0.10000000000000001,0.20000000000000001,-0.00091989983126341136,0.00091989983126341093,0.0095619114940509679
W01,0.20000000000000001,0.30000000000000004,-0.0016217302070395626,0.0016217302070395813,0.011709364114177948
W01,0.30000000000000004,0.40000000000000002,-0.0024326581862236895,0.0024326581862237039,0.014042364079776666
W01,0.40000000000000002,0.5,-0.0033625594931994416,0.003362559493199452,0.016497251464333451
W01,0.5,0.60000000000000009,-0.0044118795316493431,0.0044118795316493674,0.018991452387424793
W01,0.60000000000000009,0.70000000000000007,-0.0055729877413348283,0.0055729877413348353,0.021427662574469375
W01,0.70000000000000007,0.80000000000000004,-0.0068305924455851104,0.0068305924455851104,0.023700436774614558
W01,0.80000000000000004,0.90000000000000002,-0.0081622054412063584,0.0081622054412063584,0.025704470865553941
W01,0.90000000000000002,1,-0.0095390420748514837,0.0095390420748514837,0.027343414748813161
W01,1,1.1000000000000001,-0.010927447218127904,0.010927447218127918,0.028537868265939847
W01,1.1000000000000001,1.2000000000000002,-0.0122907606078854,0.012290760607885413,0.029231365217091326
W01,1.2000000000000002,1.3,-0.013591428674363401,0.013591428674363401,0.029393622417114879
W01,1.3,1.4000000000000001,-0.014793133987513293,0.014793133987513293,0.029020959945058655
W01,1.4000000000000001,1.5,-0.015862733048989469,0.015862733048989469,0.028134391417973192
W01,1.5,1.6000000000000001,-0.016771857565679393,0.016771857565679366,0.026776242593692712
W01,1.6000000000000001,1.7000000000000002,-0.017498110458855798,0.01749811045885577,0.025006227984457341
W01,1.7000000000000002,1.8,-0.018025859837474068,0.018025859837474012,0.022897691584536639
W01,1.8,1.9000000000000001,-0.018346677211817292,0.018346677211817292,0.020534323534966537
W01,1.9000000000000001,2,-0.018459474589190311,0.018459474589190256,0.018007233736014594
W01,2,2.1000000000000001,-0.018329692418078747,0.018329692418078691,0.014784286883185782
W01,2.1000000000000001,2.2000000000000002,-0.017912062307297721,0.017912062307297666,0.011528978363570752
W01,2.2000000000000002,2.3000000000000003,-0.017307259555983251,0.017307259555983195,0.0089995324806803056
W01,2.3000000000000003,2.4000000000000004,-0.016584344836319875,0.016584344836319875,0.0070199283252758704
W01,2.4000000000000004,2.5,-0.015788853194155128,0.015788853194155128,0.0054650576093875358
W01,2.5,2.6000000000000001,-0.014953555805410745,0.014953555805410634,0.0042426431658545427
W01,2.6000000000000001,2.7000000000000002,-0.014102652195811805,0.014102652195811805,0.0032825575797483797
W01,2.7000000000000002,2.8000000000000003,-0.013254048603744462,0.013254048603744351,0.0025302897439570815
W01,2.8000000000000003,2.9000000000000004,-0.012420853227776807,0.012420853227776918,0.0019428018101206312
W01,2.9000000000000004,3,-0.011612460355880427,0.011612460355880427,0.0014857910322616519
W01,3,3.1000000000000001,-0.01083537682889385,0.01083537682889385,0.0011317931143595139
W01,3.1000000000000001,3.2000000000000002,-0.010093868802367456,0.010093868802367456,0.00085880228507834167
W01,3.2000000000000002,3.3000000000000003,-0.009390474800603954,0.009390474800603954,0.00064922050372878681
W01,3.3000000000000003,3.4000000000000004,-0.0087264150640176119,0.0087264150640176119,0.00048902732168537577
W01,3.4000000000000004,3.5,-0.0081019182830912029,0.0081019182830913139,0.00036710717321547515
W01,3.5,3.6000000000000001,-0.0075164814829888904,0.0075164814829888904,0.00027469629542586915
W01,3.6000000000000001,3.7000000000000002,-0.0069690754228154961,0.0069690754228154961,0.00020492543527739215
W01,3.7000000000000002,3.8000000000000003,-0.006458305542458076,0.006458305542458298,0.00015244199760683363
W01,3.8000000000000003,3.9000000000000004,-0.0059825367637856841,0.0059825367637856841,0.00011309928863617591
W01,3.9000000000000004,4,-0.0055399890833808252,0.0055399890833809362,8.3702725815426593e-05
W01,4,4.1000000000000005,-0.0051288097523484177,0.0051288097523484177,6.1804260892472929e-05
W01,4.1000000000000005,4.2000000000000002,-0.0047471268610528861,0.0047471268610529971,4.5537284755425844e-05
W01,4.2000000000000002,4.2999999999999998,-0.0043930883016955469,0.0043930883016955469,3.3485174271985496e-05
W01,4.2999999999999998,4.4000000000000004,-0.0040648893532347907,0.0040648893532349017,2.4577487241328466e-05
W01,4.4000000000000004,4.5,-0.0037607915109603152,0.0037607915109603152,1.8008627954479994e-05
W01,4.5,4.6000000000000005,-0.0034791346578308957,0.0034791346578308957,1.3174581677655173e-05
W01,4.6000000000000005,4.7000000000000002,-0.0032183442373551197,0.0032183442373551197,9.6240343953057916e-06
W01,4.7000000000000002,4.8000000000000007,-0.0029769347282471159,0.002976934728247338,7.0208402641602774e-06
W01,4.8000000000000007,4.9000000000000004,-0.0027535104293327506,0.0027535104293327506,5.1153656304148143e-06
W01,4.9000000000000004,5,-0.0025467643291626207,0.0025467643291626207,3.7227236897585669e-06
W01,5,5.1000000000000005,-0.0023554756491800388,0.0023554756491800388,2.7063211268107956e-06
W01,5.1000000000000005,5.2000000000000002,-0.0021785065035684337,0.0021785065035684337,1.9654740969765605e-06
W01,5.2000000000000002,5.3000000000000007,-0.0020147980055814085,0.0020147980055814085,1.4261238791002384e-06
W01,5.3000000000000007,5.4000000000000004,-0.0018633660628483151,0.0018633660628484261,1.0339014401283819e-06
W01,5.4000000000000004,5.5,-0.0017232970374280732,0.0017232970374280732,7.4896369706145549e-07
W01,5.5,5.6000000000000005,-0.0015937433958402858,0.0015937433958402858,5.4216043487986809e-07
W01,5.6000000000000005,5.7000000000000002,-0.0014739194363263541,0.0014739194363263541,3.9219680575408589e-07
W01,5.7000000000000002,5.8000000000000007,-0.0013630971523120872,0.0013630971523120872,2.8353809694570131e-07
W01,5.8000000000000007,5.9000000000000004,-0.0012606022701737718,0.0012606022701738828,2.0486615792680851e-07
W01,5.9000000000000004,6,-0.0011658104841439365,0.0011658104841439365,1.4794463742973107e-07
W01,6,6.1000000000000005,-0.0010781439001976145,0.0010781439001976145,1.0678635897765076e-07
W01,6.1000000000000005,6.2000000000000002,-0.00099706769293256281,0.00099706769293256281,7.7043483759364761e-08
W01,6.2000000000000002,6.3000000000000007,-0.0009220869739586246,0.0009220869739586246,5.5561561851380503e-08
W01,6.3000000000000007,6.4000000000000004,-0.00085274386661643442,0.00085274386661643442,4.0053925620675557e-08
W01,6.4000000000000004,6.5,-0.00078861477936614799,0.00078861477936603697,2.8864264534078643e-08
W01,6.5,6.6000000000000005,-0.00072930786867986264,0.00072930786867986264,2.079372918295519e-08
W01,6.6000000000000005,6.7000000000000002,-0.00067446068140880611,0.00067446068140880611,1.4975163109554046e-08
W01,6.7000000000000002,6.8000000000000007,-0.00062373796620907029,0.00062373796620907029,1.0781720072294831e-08
W01,6.8000000000000007,6.9000000000000004,-0.00057682964357330668,0.00057682964357330668,7.7605247783552045e-09
W01,6.9000000000000004,7,-0.00053344892417100942,0.00053344892417100942,5.5845633673001771e-09
W01,7,7.1000000000000005,-0.00049333056554895505,0.00049333056554895505,4.0178188553952054e-09
W01,7.1000000000000005,7.2000000000000002,-0.00045622925764660094,0.00045622925764660094,2.8900267734499607e-09
W01,7.2000000000000002,7.3000000000000007,-0.00042191812807612639,0.00042191812807612639,2.0784056142808538e-09
W01,7.3000000000000007,7.4000000000000004,-0.00039018735861101606,0.00039018735861101606,1.4944528392568657e-09
W01,7.4000000000000004,7.5,-0.00036084290486132486,0.00036084290486132486,1.0743929079737313e-09
W01,7.5,7.6000000000000005,-0.00033370531160548111,0.00033370531160548111,7.722867900739061e-10
W01,7.6000000000000005,7.7000000000000002,-0.00030860861676612616,0.00030860861676612616,5.5505144924694605e-10
W01,7.7000000000000002,7.8000000000000007,-0.00028539933748389368,0.00028539933748389368,3.9887015912398738e-10
W01,7.8000000000000007,7.9000000000000004,-0.00026393553221382149,0.00026393553221382149,2.8660174233863245e-10
W01,7.9000000000000004,8,-0.00024408593318370198,0.00024408593318370198,2.059100667750613e-10
W01,8,8.0999999999999996,-0.00022572914397339661,0.00022572914397339661,1.4792178593125982e-10
W01,8.0999999999999996,8.2000000000000011,-0.00020875289735711178,0.00020875289735711178,1.0625422763865799e-10
W01,8.2000000000000011,8.3000000000000007,-0.0001930533688919156,0.0001930533688919156,7.6316619690430798e-11
W01,8.3000000000000007,8.4000000000000004,-0.00017853454208632824,0.00017853454208632824,5.4810267435811966e-11
W01,8.4000000000000004,8.5,-0.00016510762127885936,0.00016510762127897038,3.936140302585045e-11
W01,8.5,8.5999999999999996,-0.00015269048864585688,0.0001526904886459679,2.826516798393186e-11
W01,8.5999999999999996,8.7000000000000011,-0.00014120720202898118,0.00014120720202898118,2.0295209957055249e-11
W01,8.7000000000000011,8.8000000000000007,-0.00013058753051914396,0.00013058753051925498,1.4572398843171186e-11
W01,8.8000000000000007,8.9000000000000004,-0.00012076652495868201,0.00012076652495879303,1.0462131161403931e-11
W01,8.9000000000000004,9,-0.00011168412073186973,0.00011168412073186973,7.5112138731014966e-12
W01,9,9.0999999999999996,-0.00010328477043441975,0.00010328477043441975,5.3920201636969978e-12
W01,9.0999999999999996,9.2000000000000011,-9.5517104153730603e-05,9.5517104153730603e-05,3.8712366645654583e-12
W01,9.2000000000000011,9.3000000000000007,-8.8333615303748392e-05,8.8333615303970436e-05,2.7781110745195292e-12
W01,9.3000000000000007,9.4000000000000004,-8.1690370083375985e-05,8.1690370083375985e-05,1.9951262864026376e-12
W01,9.4000000000000004,9.5,-7.5546738781961942e-05,7.5546738781961942e-05,1.4314105456492143e-12
W01,9.5,9.6000000000000014,-6.986514729362403e-05,6.986514729362403e-05,1.0270673200807323e-12
W01,9.6000000000000014,9.7000000000000011,-6.4610847319124254e-05,6.4610847319124254e-05,7.3779871101464778e-13
W01,9.7000000000000011,9.8000000000000007,-5.9751703847255033e-05,5.9751703847255033e-05,5.2985393850235596e-13
W01,9.8000000000000007,9.9000000000000004,-5.5257998619717696e-05,5.5257998619717696e-05,3.8063996399273492e-13
W01,9.9000000000000004,10,-5.1102248378620541e-05,5.1102248378620541e-05,2.7283730830163222e-13
W01,10,10.100000000000001,-4.7259036777602681e-05,4.7259036777602681e-05,1.9584334154387761e-13
W01,10.100000000000001,10.200000000000001,-4.370485894128473e-05,4.370485894128473e-05,1.4066525722000733e-13
W01,10.200000000000001,10.300000000000001,-4.0417977707818409e-05,4.0417977707818409e-05,1.0080825063596421e-13
W01,10.300000000000001,10.4,-3.737829068600762e-05,3.737829068600762e-05,7.2386541205560206e-14
W01,10.4,10.5,-3.4567207311653192e-05,3.4567207311653192e-05,5.184741524999481e-14
W01,10.5,10.600000000000001,-3.1967535148946791e-05,3.1967535148835768e-05,3.7192471324942744e-14
W01,10.600000000000001,10.700000000000001,-2.9563374739527415e-05,2.9563374739527415e-05,2.6700863742235015e-14
W01,10.700000000000001,10.800000000000001,-2.734002236687294e-05,2.734002236687294e-05,1.915134717478395e-14
W01,10.800000000000001,10.9,-2.528388012457139e-05,2.528388012457139e-05,1.3655743202889425e-14
W01,10.9,11,-2.3382372756508563e-05,2.3382372756619585e-05,9.8809849191638932e-15
W01,11,11.100000000000001,-2.1623870744502671e-05,2.1623870744502671e-05,7.7715611723760958e-15
W01,11.100000000000001,11.200000000000001,-1.9997619181977289e-05,1.9997619181977289e-05,4.1078251911130792e-15
W01,11.200000000000001,11.300000000000001,-1.8493672001629324e-05,1.8493672001629324e-05,3.8857805861880479e-15
W01,11.300000000000001,11.4,-1.7102831141313501e-05,1.7102831141424524e-05,3.8857805861880479e-15
W01,11.4,11.5,-1.5816590291872767e-05,1.5816590292094812e-05,1.4988010832439613e-15
W01,11.5,11.600000000000001,-1.4627082873086561e-05,1.4627082873308606e-05,0
W01,11.600000000000001,11.700000000000001,-1.3527033919547016e-05,1.352703391976906e-05,0
W01,11.700000000000001,11.800000000000001,-1.2509715590525161e-05,1.2509715591191295e-05,0
W01,11.800000000000001,11.9,-1.1568906020886782e-05,1.1568906021330871e-05,0
W01,11.9,12,-1.0698851269197451e-05,1.0698851269808074e-05,0
W01,12,12.100000000000001,-9.8942301262061605e-06,9.8942301267057609e-06,0
W01,12.100000000000001,12.200000000000001,-9.1501215716549567e-06,9.1501215718770013e-06,0
W01,12.200000000000001,12.300000000000001,-8.4619746773539894e-06,8.4619746776315452e-06,0
W01,12.300000000000001,12.4,-7.8255807718363712e-06,7.8255807723359716e-06,0
W01,12.4,12.5,-7.2370477057215332e-06,7.2370477057215332e-06,0
W01,12.5,12.600000000000001,-6.6927760404844605e-06,6.6927760407065051e-06,0
W01,12.600000000000001,12.700000000000001,-6.1894370392279185e-06,6.1894370394499632e-06,0
W01,12.700000000000001,12.800000000000001,-5.7239523083008059e-06,5.7239523085228505e-06,0
W01,12.800000000000001,12.9,-5.2934749672495229e-06,5.2934749675825898e-06,0
W01,12.9,13,-4.8953722387445886e-06,4.8953722390776555e-06,0
W01,13,13.100000000000001,-4.5272093485149156e-06,4.5272093485149156e-06,0
W01,13.100000000000001,13.200000000000001,-4.1867346317614462e-06,4.1867346318724685e-06,0
W01,13.200000000000001,13.300000000000001,-3.8718657618397323e-06,3.8718657620617769e-06,0
W01,13.300000000000001,13.4,-3.580677018555356e-06,3.5806770187774006e-06,0
W01,13.4,13.5,-3.3113875071433263e-06,3.3113875073653709e-06,0
W01,13.5,13.600000000000001,-3.0623502656479396e-06,3.0623502658699842e-06,0
W01,13.600000000000001,13.700000000000001,-2.8320421976979482e-06,2.8320421979199928e-06,0
W01,13.700000000000001,13.800000000000001,-2.6190547494087113e-06,2.6190547495197336e-06,0
W01,13.800000000000001,13.9,-2.4220853012679733e-06,2.4220853012679733e-06,0
W01,13.9,14,-2.2399291996211268e-06,2.2399291997321491e-06,0
W01,14,14.100000000000001,-2.0714723859560635e-06,2.0714723859560635e-06,0
W01,14.100000000000001,14.200000000000001,-1.9156845879608753e-06,1.9156845880718976e-06,0
W01,14.200000000000001,14.300000000000001,-1.7716130157330312e-06,1.7716130157330312e-06,0
W01,14.300000000000001,14.4,-1.6383765351069002e-06,1.6383765352179225e-06,0
W01,14.4,14.5,-1.5151602789087448e-06,1.5151602789087448e-06,0
W01,14.5,14.600000000000001,-1.4012106625549414e-06,1.4012106625549414e-06,0
W01,14.600000000000001,14.700000000000001,-1.2958307769594946e-06,1.2958307769594946e-06,0
W01,14.700000000000001,14.800000000000001,-1.1983761236677992e-06,1.1983761237788215e-06,0
W01,14.800000000000001,14.9,-1.1082506753967714e-06,1.108250675618816e-06,0
W01,14.9,15,-1.0249032296738569e-06,1.0249032296738569e-06,0
W01,15,15.100000000000001,-9.4782403781135116e-07,9.4782403792237346e-07,0
W01,15.100000000000001,15.200000000000001,-8.7654168784423447e-07,8.7654168784423447e-07,0
W01,15.200000000000001,15.300000000000001,-8.1062022061484384e-07,8.1062022061484384e-07,0
W01,15.300000000000001,15.4,-7.4965646351676796e-07,7.4965646351676796e-07,0
W01,15.4,15.5,-6.932775662993329e-07,6.9327756635484405e-07,0
W01,15.5,15.600000000000001,-6.4113871739435169e-07,6.4113871744986284e-07,0
W01,15.600000000000001,15.700000000000001,-5.9292103893326953e-07,5.9292103915531413e-07,0
W01,15.700000000000001,15.800000000000001,-5.4832963480855312e-07,5.4832963480855312e-07,0
W01,15.800000000000001,15.9,-5.0709178500696339e-07,5.0709178500696339e-07,0
W01,15.9,16,-4.6895528249546459e-07,4.6895528249546459e-07,0
W01,16,16.100000000000001,-4.3368688551481682e-07,4.3368688551481682e-07,0
W01,16.100000000000001,16.199999999999999,-4.0107089471774771e-07,4.0107089471774771e-07,0
W01,16.199999999999999,16.300000000000001,-3.7090783172599728e-07,3.7090783172599728e-07,0
W01,16.300000000000001,16.400000000000002,-3.4301322127117118e-07,3.4301322127117118e-07,0
W01,16.400000000000002,16.5,-3.1721646254201374e-07,3.1721646254201374e-07,0
W01,16.5,16.600000000000001,-2.9335978241062932e-07,2.9335978241062932e-07,0
W01,16.600000000000001,16.699999999999999,-2.7129727492303246e-07,2.7129727492303246e-07,0
W01,16.699999999999999,16.800000000000001,-2.5089400718103505e-07,2.5089400718103505e-07,0
W01,16.800000000000001,16.900000000000002,-2.3202519483511708e-07,2.3202519483511708e-07,0
W01,16.900000000000002,17,-2.1457543541991697e-07,2.1457543541991697e-07,0
W01,17,17.100000000000001,-1.9843800824759228e-07,1.9843800824759228e-07,0
W01,17.100000000000001,17.199999999999999,-1.835142177109006e-07,1.835142177109006e-07,0
W01,17.199999999999999,17.300000000000001,-1.6971279048760834e-07,1.6971279048760834e-07,0
W01,17.300000000000001,17.400000000000002,-1.569493175423986e-07,1.569493175423986e-07,0
W01,17.400000000000002,17.5,-1.4514573765112004e-07,1.4514573765112004e-07,0
W01,17.5,17.600000000000001,-1.3422986266942161e-07,1.3422986266942161e-07,0
W01,17.600000000000001,17.699999999999999,-1.2413492944673976e-07,1.2413492944673976e-07,0
W01,17.699999999999999,17.800000000000001,-1.1479919942436467e-07,1.1479919942436467e-07,0
W01,17.800000000000001,17.900000000000002,-1.0616557483134059e-07,1.0616557483134059e-07,0
W01,17.900000000000002,18,-9.8181253904705557e-08,9.8181253904705557e-08,0
W01,18,18.100000000000001,-9.0797403928810638e-08,9.0797403928810638e-08,0
W01,18.100000000000001,18.199999999999999,-8.3968866082528848e-08,8.3968866082528848e-08,0
W01,18.199999999999999,18.300000000000001,-7.7653877217365164e-08,7.7653877217365164e-08,0
W01,18.300000000000001,18.400000000000002,-7.1813815449850438e-08,7.1813815449850438e-08,0
W01,18.400000000000002,18.5,-6.6412963128925639e-08,6.6412963128925639e-08,0
W01,18.5,18.600000000000001,-6.1418289676318238e-08,6.1418289676318238e-08,0
W01,18.600000000000001,18.699999999999999,-5.6799246361816103e-08,5.6799246361816103e-08,0
W01,18.699999999999999,18.800000000000001,-5.2527584337713762e-08,5.2527584337713762e-08,0
W01,18.800000000000001,18.900000000000002,-4.8577178834996459e-08,4.8577178834996459e-08,0
W01,18.900000000000002,19,-4.4923867792423522e-08,4.4923867792423522e-08,0
W01,19,19.100000000000001,-4.1545309581447754e-08,4.1545309581447754e-08,0
W01,19.100000000000001,19.200000000000003,-3.8420839953978714e-08,3.8420839953978714e-08,0
W01,19.200000000000003,19.300000000000001,-3.5531350750517277e-08,3.5531350750517277e-08,0
W01,19.300000000000001,19.400000000000002,-3.285916860829019e-08,3.285916860829019e-08,0
W01,19.400000000000002,19.5,-3.0387951932553392e-08,3.0387951932553392e-08,0
W01,19.5,19.600000000000001,-2.810258592500503e-08,2.810258592500503e-08,0
W01,19.600000000000001,19.700000000000003,-2.5989094432077309e-08,2.5989094432077309e-08,0
W01,19.700000000000003,19.800000000000001,-2.4034550238916097e-08,2.4034550238916097e-08,0
W01,19.800000000000001,19.900000000000002,-2.2227000462393676e-08,2.2227000462393676e-08,0
W01,19.900000000000002,20,-2.0555389668164281e-08,2.0555389779186584e-08,0
W02,0,0.10000000000000001,-0.0002790273456118718,0.0002790273456118776,0.0068785658963921468
W02,0.10000000000000001,0.20000000000000001,-0.00077123990626374,0.00077123990626375009,0.0071018692609647336
W02,0.20000000000000001,0.30000000000000004,-0.0012178747344824511,0.0012178747344824569,0.0073239860679405883
W02,0.30000000000000004,0.40000000000000002,-0.0016408529832676604,0.0016408529832676543,0.0075440785867010689
W02,0.40000000000000002,0.5,-0.0020478240769274897,0.0020478240769274863,0.0077613647653390003
W02,0.5,0.60000000000000009,-0.0024420020826235993,0.0024420020826235872,0.0079750722006433142
W02,0.60000000000000009,0.70000000000000007,-0.0028248387218558491,0.0028248387218558456,0.0081844236617100996
W02,0.70000000000000007,0.80000000000000004,-0.0031970477010457195,0.0031970477010457195,0.0083886334590623501
W02,0.80000000000000004,0.90000000000000002,-0.00355901255539166,0.0035590125553916843,0.0085869083518294587
W02,0.90000000000000002,1,-0.0039109501011727645,0.0039109501011727783,0.0087784504325798401
W02,1,1.1000000000000001,-0.0042529769068531745,0.0042529769068531884,0.0089624609075929229
W02,1.1000000000000001,1.2000000000000002,-0.0045851375655913927,0.0045851375655913996,0.0091381442946811275
W02,1.2000000000000002,1.3,-0.0049074179197030297,0.0049074179197030783,0.0093047128312903904
W02,1.3,1.4000000000000001,-0.0052197525472084325,0.0052197525472084394,0.0094613909835363497
W02,1.4000000000000001,1.5,-0.0055220300841053033,0.0055220300841053171,0.0096074199890319317
W02,1.5,1.6000000000000001,-0.0058140977694558574,0.0058140977694558921,0.0097420623889405283
W02,1.6000000000000001,1.7000000000000002,-0.0060957657150052663,0.0060957657150052733,0.0098646065275773964
W02,1.7000000000000002,1.8,-0.0063668111362886956,0.0063668111362886956,0.0099743709849539897
W02,1.8,1.9000000000000001,-0.0066269826611897314,0.0066269826611897592,0.010070708889912516
W02,1.9000000000000001,2,-0.0068760045982511203,0.0068760045982512313,0.01015301215094655
W02,2,2.1000000000000001,-0.0071135812701407786,0.0071135812701408063,0.010220715546482351
W02,2.1000000000000001,2.2000000000000002,-0.00733940137610542,0.0073394013761055032,0.010273300669691871
W02,2.2000000000000002,2.3000000000000003,-0.0075531423810483583,0.0075531423810484138,0.010310299706124848
W02,2.3000000000000003,2.4000000000000004,-0.0077544748514460776,0.0077544748514460776,0.010331299085261286
W02,2.4000000000000004,2.5,-0.007943066790998099,0.0079430667909981267,0.010335942961855499
W02,2.5,2.6000000000000001,-0.0081185879914004444,0.0081185879914005554,0.010323936488819657
W02,2.6000000000000001,2.7000000000000002,-0.0082807142748227147,0.0082807142748227147,0.010295048970906745
W02,2.7000000000000002,2.8000000000000003,-0.0084291316984372866,0.0084291316984372866,0.010249116833753874
W02,2.8000000000000003,2.9000000000000004,-0.0085635406952267734,0.0085635406952268289,0.010186046412332284
W02,2.9000000000000004,3,-0.0086836601680240766,0.0086836601680241321,0.010105816512210153
W02,3,3.1000000000000001,-0.0087892314239294833,0.0087892314239295388,0.010008480845927759
W02,3.1000000000000001,3.2000000000000002,-0.0088800220384237238,0.0088800220384237238,0.0098941702264825349
W02,3.2000000000000002,3.3000000000000003,-0.0089558296389718184,0.0089558296389718184,0.0097630944742070902
W02,3.3000000000000003,3.4000000000000004,-0.0090164855165081048,0.0090164855165081048,0.0096155441043206391
W02,3.4000000000000004,3.5,-0.0090618580984773156,0.0090618580984773156,0.0094518917076074072
W02,3.5,3.6000000000000001,-0.0090918562702359262,0.0090918562702359262,0.0092725929718420197
W02,3.6000000000000001,3.7000000000000002,-0.0091064325671534607,0.0091064325671534607,0.0090781872102513317
W02,3.7000000000000002,3.8000000000000003,-0.009105586085585371,0.009105586085585371,0.0088692975415444186
W02,3.8000000000000003,3.9000000000000004,-0.0090893652175151329,0.0090893652175150774,0.0086466304652173531
W02,3.9000000000000004,4,-0.0090578701540439122,0.0090578701540439677,0.0084109747734255058
W02,4,4.1000000000000005,-0.0090112550868581831,0.0090112550868581831,0.008163199786725639
W02,4.1000000000000005,4.2000000000000002,-0.0089497300820796655,0.0089497300820796655,0.0079042528319170358
W02,4.2000000000000002,4.2999999999999998,-0.0088735626111960952,0.0088735626111960952,0.007635155842546093
W02,4.2999999999999998,4.4000000000000004,-0.008783078740990824,0.008783078740990824,0.0073570008827267275
W02,4.4000000000000004,4.5,-0.0086786638014996198,0.0086786638014996198,0.0070709448370430694
W02,4.5,4.6000000000000005,-0.0085607626257120373,0.0085607626257119263,0.0067782029346423189
W02,4.6000000000000005,4.7000000000000002,-0.0084298792690065127,0.0084298792690065127,0.0064800411450556816
W02,4.7000000000000002,4.8000000000000007,-0.0082865761598198695,0.0082865761598198695,0.006177767443944826
W02,4.8000000000000007,4.9000000000000004,-0.0081314726207489807,0.0081314726207489807,0.0058727220445823347
W02,4.9000000000000004,5,-0.00796524276662397,0.00796524276662397,0.0055662665448734105
W02,5,5.1000000000000005,-0.007788612765617875,0.0077886127656177639,0.0052597719794770792
W02,5.1000000000000005,5.2000000000000002,-0.0076023573598231753,0.0076023573598231753,0.0049546061967518096
W02,5.2000000000000002,5.3000000000000007,-0.0074072957249372573,0.0074072957249372573,0.0046521204771057811
W02,5.3000000000000007,5.4000000000000004,-0.0072042866445183318,0.0072042866445183318,0.0043536356686616484
W02,5.4000000000000004,5.5,-0.0069942230246204939,0.0069942230246204939,0.0040604280521415737
W02,5.5,5.6000000000000005,-0.006778025761611628,0.006778025761611628,0.003773715364997543
W02,5.6000000000000005,5.7000000000000002,-0.0065566370611866431,0.0065566370611866431,0.0034946431293165769
W02,5.7000000000000002,5.8000000000000007,-0.0063310132718769063,0.0063310132718767953,0.0032242715789072562
W02,5.8000000000000007,5.9000000000000004,-0.0061021172989105255,0.0061021172989105255,0.0029635637065252851
W02,5.9000000000000004,6,-0.0058709107403794869,0.0058709107403794869,0.0027133746097674494
W02,6,6.1000000000000005,-0.0056383458609442494,0.0056383458609441384,0.0024744424623335814
W02,6.1000000000000005,6.2000000000000002,-0.0054053575366133089,0.0054053575366133089,0.0022473813309017432
W02,6.2000000000000002,6.3000000000000007,-0.0051728553094594343,0.0051728553094594343,0.0020326762382130159
W02,6.3000000000000007,6.4000000000000004,-0.004941715720098605,0.004941715720098494,0.0018306804539698907
W02,6.4000000000000004,6.5,-0.0047127750508606514,0.0047127750508605404,0.0016416151346241858
W02,6.5,6.6000000000000005,-0.0044868226248282461,0.0044868226248282461,0.0014655714224882099
W02,6.6000000000000005,6.7000000000000002,-0.0042645948006598822,0.0042645948006598822,0.0013025148930711494
W02,6.7000000000000002,6.8000000000000007,-0.0040467697775903311,0.0040467697775903311,0.0011522922021050541
W02,6.8000000000000007,6.9000000000000004,-0.0038339632941580826,0.0038339632941580826,0.0010146396817473646
W02,6.9000000000000004,7,-0.0036267253165430668,0.0036267253165430668,0.00088919376302776243
W02,7,7.1000000000000005,-0.0034255377516819729,0.0034255377516819729,0.00077550274845883393
W02,7.1000000000000005,7.2000000000000002,-0.0032308131998707856,0.0032308131998707856,0.00067303961790265987
W02,7.2000000000000002,7.3000000000000007,-0.0030428947449398502,0.0030428947449397392,0.00058121550931083954
W02,7.3000000000000007,7.4000000000000004,-0.0028620567523225393,0.0028620567523225393,0.00049939348438815534
W02,7.4000000000000004,7.5,-0.0026885066083768283,0.0026885066083767173,0.00042690217784890905
W02,7.5,7.6000000000000005,-0.0025223872993086482,0.0025223872993086482,0.00036304895788086267
W02,7.6000000000000005,7.7000000000000002,-0.0023637807689955714,0.0023637807689954604,0.00030713237935409143
W02,7.7000000000000002,7.8000000000000007,-0.0022127119075195933,0.0022127119075194823,0.00025845357666354207
W02,7.8000000000000007,7.9000000000000004,-0.0020691530528682556,0.0020691530528682556,0.0002163264278774446
W02,7.9000000000000004,8,-0.0019330288765415649,0.0019330288765414538,0.00018008634545546576
W02,8,8.0999999999999996,-0.0018042215358884395,0.0018042215358883285,0.00014909762063819443
W02,8.0999999999999996,8.2000000000000011,-0.0016825759549949915,0.0016825759549949915,0.00012275927285632093
W02,8.2000000000000011,8.3000000000000007,-0.0015679051086336937,0.0015679051086336937,0.0001005094292351183
W02,8.3000000000000007,8.4000000000000004,-0.001459995232452882,0.001459995232452882,8.1828331164213175e-05
W02,8.4000000000000004,8.5,-0.0013586108443306433,0.0013586108443306433,6.6240046876164804e-05
W02,8.5,8.5999999999999996,-0.0012634995048036446,0.0012634995048036446,5.3313033514523767e-05
W02,8.5999999999999996,8.7000000000000011,-0.0011743962520268658,0.0011743962520267548,4.2659700259684019e-05
W02,8.7000000000000011,8.8000000000000007,-0.0010910276799482865,0.0010910276799482865,3.393514204191872e-05
W02,8.8000000000000007,8.9000000000000004,-0.0010131156135034791,0.0010131156135034791,2.6835197995678239e-05
W02,8.9000000000000004,9,-0.00094038036299431971,0.00094038036299431971,2.1093997637000594e-05
W02,9,9.0999999999999996,-0.00087254356796867549,0.00087254356796867549,1.6481150212244167e-05
W02,9.0999999999999996,9.2000000000000011,-0.00080933062678306689,0.00080933062678306689,1.2798707638539408e-05
W02,9.2000000000000011,9.3000000000000007,-0.00075047272871520132,0.00075047272871497928,9.8780217485661126e-06
W02,9.3000000000000007,9.4000000000000004,-0.00069570850814965057,0.00069570850814931751,7.5765966559560027e-06
W02,9.4000000000000004,9.5,-0.00064478536167167366,0.00064478536167167366,5.7750210480933539e-06
W02,9.5,9.6000000000000014,-0.00059746044695102585,0.00059746044695091483,4.3740412516424243e-06
W02,9.6000000000000014,9.7000000000000011,-0.00055350139917881291,0.00055350139917881291,3.2918234537659963e-06
W02,9.7000000000000011,9.8000000000000007,-0.00051268680505567321,0.00051268680505567321,2.4614373548281776e-06
W02,9.8000000000000007,9.9000000000000004,-0.00047480646525516201,0.00047480646525516201,1.8285786940741566e-06
W02,9.9000000000000004,10,-0.00043966147696788971,0.00043966147696777869,1.349537524508726e-06
W02,10,10.100000000000001,-0.00040696491846714533,0.00040696491846714533,9.8144099780483884e-07
W02,10.100000000000001,10.200000000000001,-0.00037648365064857359,0.00037648365064846256,7.056253202852858e-07
W02,10.200000000000001,10.300000000000001,-0.00034822878503459886,0.00034822878503459886,5.0724359490494919e-07
W02,10.300000000000001,10.4,-0.00032207520824689695,0.00032207520824678593,3.6458304453201862e-07
W02,10.4,10.5,-0.00029787687655447037,0.00029787687655447037,2.6201038760831352e-07
W02,10.5,10.600000000000001,-0.00027549131506171554,0.00027549131506160451,1.8827255798825604e-07
W02,10.600000000000001,10.700000000000001,-0.00025478450051680257,0.00025478450051669155,1.3527141029534562e-07
W02,10.700000000000001,10.800000000000001,-0.00023563160313266884,0.00023563160313266884,9.7180517633077557e-08
W02,10.800000000000001,10.9,-0.00021791672381354932,0.00021791672381354932,6.9808777203306249e-08
W02,10.9,11,-0.00020153239452680438,0.00020153239452680438,5.0142000773689688e-08
W02,11,11.100000000000001,-0.00018637903492807473,0.00018637903492807473,3.6012813509067598e-08
W02,11.100000000000001,11.200000000000001,-0.00017236441638773803,0.00017236441638773803,2.5863001351655868e-08
W02,11.200000000000001,11.300000000000001,-0.00015940314832008085,0.00015940314832008085,1.8572475612987915e-08
W02,11.300000000000001,11.4,-0.00014741619165731246,0.00014741619165720143,1.3336196647006915e-08
W02,11.4,11.5,-0.00013633040101285188,0.00013633040101274085,9.5756370055433138e-09
W02,11.5,11.600000000000001,-0.00012607809566883565,0.00012607809566878014,6.8750970472208905e-09
W02,11.600000000000001,11.700000000000001,-0.00011659665882729486,0.00011659665882723935,4.9359110132485284e-09
W02,11.700000000000001,11.800000000000001,-0.00010782816411397667,0.00010782816411386564,3.5435194778443702e-09
W02,11.800000000000001,11.9,-9.9719028114175767e-05,9.9719028114064745e-05,2.5438000039734732e-09
W02,11.9,12,-9.2219687547578921e-05,9.2219687547578921e-05,1.8260520318058582e-09
W02,12,12.100000000000001,-8.5284299654597717e-05,8.5284299654597717e-05,1.3107707141912783e-09
W02,12.100000000000001,12.200000000000001,-7.8870464347735592e-05,7.8870464347624569e-05,9.4086005653082339e-10
W02,12.200000000000001,12.300000000000001,-7.2938966708291364e-05,7.2938966708291364e-05,6.7531924496933016e-10
W02,12.300000000000001,12.4,-6.7453538454109729e-05,6.7453538454109729e-05,4.8470794045130106e-10
W02,12.4,12.5,-6.2380637057546373e-05,6.2380637057546373e-05,3.4788760761017556e-10
W02,12.5,12.600000000000001,-5.7689241271918767e-05,5.7689241271918767e-05,2.4968171974393272e-10
W02,12.600000000000001,12.700000000000001,-5.335066189282589e-05,5.335066189282589e-05,1.7919399297738892e-10
W02,12.700000000000001,12.800000000000001,-4.9338366640394593e-05,4.9338366640394593e-05,1.2860279507975747e-10
W02,12.800000000000001,12.9,-4.5627818137938814e-05,4.5627818138049836e-05,9.2292951059391726e-11
W02,12.9,13,-4.21963240221368e-05,4.21963240221368e-05,6.6234129292297439e-11
W02,13,13.100000000000001,-3.9022898286056318e-05,3.902289828616734e-05,4.7531978353276827e-11
W02,13.100000000000001,13.200000000000001,-3.6088133020473201e-05,3.6088133020584223e-05,3.4109826074768534e-11
W02,13.200000000000001,13.300000000000001,-3.3374079783432542e-05,3.3374079783432542e-05,2.4477642135423139e-11
W02,13.300000000000001,13.4,-3.0864139874575702e-05,3.0864139874575702e-05,1.7565116028350758e-11
W02,13.4,13.5,-2.8542962854705145e-05,2.8542962854816167e-05,1.2604528532023096e-11
W02,13.5,13.600000000000001,-2.6396352686031133e-05,2.6396352686031133e-05,9.0448759593186878e-12
W02,13.600000000000001,13.700000000000001,-2.4411180927108589e-05,2.4411180927108589e-05,6.4903638019586651e-12
W02,13.700000000000001,13.800000000000001,-2.2575306453720412e-05,2.2575306453720412e-05,4.6572745660000692e-12
W02,13.800000000000001,13.9,-2.0877501212879235e-05,2.0877501212879235e-05,3.3417713041217212e-12
W02,13.9,14,-1.930738155969669e-05,1.930738155969669e-05,2.3983037777952632e-12
W02,14,14.100000000000001,-1.7855344755235425e-05,1.7855344755235425e-05,1.7207901770177614e-12
W02,14.100000000000001,14.200000000000001,-1.6512510240707101e-05,1.6512510240818123e-05,1.234123914173324e-12
W02,14.200000000000001,14.300000000000001,-1.5270665326583277e-05,1.5270665326583277e-05,8.8601348480210618e-13
W02,14.300000000000001,14.4,-1.412221496643884e-05,1.412221496643884e-05,6.3610228195898344e-13
W02,14.4,14.5,-1.3060135306053322e-05,1.3060135306053322e-05,4.5691228578448317e-13
W02,14.5,14.600000000000001,-1.2077930728604525e-05,1.2077930728715547e-05,3.2784885917180873e-13
W02,14.600000000000001,14.700000000000001,-1.1169594126447802e-05,1.1169594126558824e-05,2.3525625891807067e-13
W02,14.700000000000001,14.800000000000001,-1.0329570164391289e-05,1.0329570164502311e-05,1.6858736628933002e-13
W02,14.800000000000001,14.9,-9.5527213015422774e-06,9.5527213015422774e-06,1.2095879853291081e-13
W02,14.9,15,-8.8342963736609548e-06,8.8342963736609548e-06,8.6930462828149757e-14
W02,15,15.100000000000001,-8.1699015328506874e-06,8.1699015328506874e-06,6.2394533983933798e-14
W02,15.100000000000001,15.200000000000001,-7.5554733756089121e-06,7.5554733756089121e-06,4.4686476741162551e-14
W02,15.200000000000001,15.300000000000001,-6.9872540929827309e-06,6.9872540929827309e-06,3.1918911957973251e-14
W02,15.300000000000001,15.4,-6.4617684861767444e-06,6.4617684861767444e-06,2.3037127760971998e-14
W02,15.4,15.5,-5.9758027126655122e-06,5.9758027126655122e-06,1.6764367671839864e-14
W02,15.5,15.600000000000001,-5.5263846326925048e-06,5.5263846325814825e-06,1.1879386363489175e-14
W02,15.600000000000001,15.700000000000001,-5.1107656282578517e-06,5.1107656282578517e-06,8.1046280797636427e-15
W02,15.700000000000001,15.800000000000001,-4.7264037960070837e-06,4.7264037960070837e-06,6.2172489379008766e-15
W02,15.800000000000001,15.9,-4.3709483998899401e-06,4.3709483995568732e-06,3.8857805861880479e-15
W02,15.9,16,-4.0422254923289103e-06,4.042225492217888e-06,3.8857805861880479e-15
W02,16,16.100000000000001,-3.7382246217965154e-06,3.7382246219075377e-06,3.6082248300317588e-15
W02,16.100000000000001,16.199999999999999,-3.4570865361516212e-06,3.4570865362071324e-06,0
W02,16.199999999999999,16.300000000000001,-3.1970918083490396e-06,3.1970918089596623e-06,0
W02,16.300000000000001,16.400000000000002,-2.9566503253475318e-06,2.9566503259581545e-06,0
W02,16.400000000000002,16.5,-2.7342915595029993e-06,2.7342915602246443e-06,0
W02,16.5,16.600000000000001,-2.5286555762060736e-06,2.5286555768166963e-06,0
W02,16.600000000000001,16.699999999999999,-2.3384847171459278e-06,2.3384847173124612e-06,0
W02,16.699999999999999,16.800000000000001,-2.1626159064647155e-06,2.1626159069088047e-06,0
W02,16.800000000000001,16.900000000000002,-1.9999735405562546e-06,1.9999735411113662e-06,0
W02,16.900000000000002,17,-1.8495629070525155e-06,1.8495629074966047e-06,0
W02,17,17.100000000000001,-1.7104641029108691e-06,1.7104641030218914e-06,0
W02,17.100000000000001,17.199999999999999,-1.5818264065270426e-06,1.5818264068601096e-06,0
W02,17.199999999999999,17.300000000000001,-1.4628630767288264e-06,1.4628630770063822e-06,0
W02,17.300000000000001,17.400000000000002,-1.3528465400702849e-06,1.3528465403478407e-06,0
W02,17.400000000000002,17.5,-1.2511039415019631e-06,1.2511039418905412e-06,0
W02,17.5,17.600000000000001,-1.1570130285520897e-06,1.15701302905169e-06,0
W02,17.600000000000001,17.699999999999999,-1.0699983462592044e-06,1.0699983465922713e-06,0
W02,17.699999999999999,17.800000000000001,-9.8952771687699226e-07,9.8952771732108147e-07,0
W02,17.800000000000001,17.900000000000002,-9.1510898725388756e-07,9.1510898753144332e-07,0
W02,17.900000000000002,18,-8.4628701524369632e-07,8.4628701585431898e-07,0
W02,18,18.100000000000001,-7.8264089042878737e-07,7.8264089053980967e-07,0
W02,18.100000000000001,18.199999999999999,-7.2378135551609546e-07,7.2378135573814006e-07,0
W02,18.199999999999999,18.300000000000001,-6.6934842946064776e-07,6.6934842968269237e-07,0
W02,18.300000000000001,18.400000000000002,-6.1900920289570394e-07,6.1900920300672624e-07,0
W02,18.400000000000002,18.5,-5.7245580353804115e-07,5.7245580387110806e-07,0
W02,18.5,18.600000000000001,-5.2940351386032702e-07,5.2940351419339393e-07,0
W02,18.600000000000001,18.699999999999999,-4.8958902859608244e-07,4.8958902870710475e-07,0
W02,18.699999999999999,18.800000000000001,-4.527688435285171e-07,4.527688435285171e-07,0
W02,18.800000000000001,18.900000000000002,-4.1871776890189949e-07,4.1871776912394409e-07,0
W02,18.900000000000002,19,-3.872275493588262e-07,3.872275496918931e-07,0
W02,19,19.100000000000001,-3.5810559390059282e-07,3.5810559401161512e-07,0
W02,19.100000000000001,19.200000000000003,-3.3117379322211704e-07,3.3117379322211704e-07,0
W02,19.200000000000003,19.300000000000001,-3.0626743374728704e-07,3.0626743396933165e-07,0
W02,19.300000000000001,19.400000000000002,-2.8323418943543288e-07,2.8323418954645518e-07,0
W02,19.400000000000002,19.5,-2.6193319080380917e-07,2.6193319091483147e-07,0
W02,19.5,19.600000000000001,-2.4223416134061537e-07,2.4223416134061537e-07,0
W02,19.600000000000001,19.700000000000003,-2.2401662380655551e-07,2.2401662391757782e-07,0
W02,19.700000000000003,19.800000000000001,-2.0716915977159189e-07,2.071691598826142e-07,0
W02,19.800000000000001,19.900000000000002,-1.9158873121316589e-07,1.9158873121316589e-07,0
W02,19.900000000000002,20,-1.771800494099196e-07,1.7718004952094191e-07,0
W03,0,0.10000000000000001,-0.0011938402355061808,0.0011938402355061791,0.030235343260214341
W03,0.10000000000000001,0.20000000000000001,-0.003614200662298716,0.0036142006622987056,0.036939599905441885
W03,0.20000000000000001,0.30000000000000004,-0.0062829538142681442,0.006282953814268139,0.044013859361698202
W03,0.30000000000000004,0.40000000000000002,-0.009269686962486064,0.0092696869624860536,0.051167659887656855
W03,0.40000000000000002,0.5,-0.012571204507444995,0.012571204507444995,0.058072756068766329
W03,0.5,0.60000000000000009,-0.016145925543947434,0.016145925543947448,0.064399959829680165
W03,0.60000000000000009,0.70000000000000007,-0.019925924790713798,0.019925924790713756,0.069860286811176842
W03,0.70000000000000007,0.80000000000000004,-0.023826032614623932,0.023826032614623932,0.074241328480064039
W03,0.80000000000000004,0.90000000000000002,-0.027752740215223837,0.027752740215223837,0.077430539411242894
W03,0.90000000000000002,1,-0.031612973623403873,0.031612973623403873,0.079420703135963722
W03,1,1.1000000000000001,-0.035321872013398814,0.035321872013398814,0.080297849757689166
W03,1.1000000000000001,1.2000000000000002,-0.038808627679647378,0.038808627679647378,0.080216365039799231
W03,1.2000000000000002,1.3,-0.042019832111746092,0.042019832111746036,0.079368319376236118
W03,1.3,1.4000000000000001,-0.044920300314796269,0.044920300314796269,0.077953878512852848
W03,1.4000000000000001,1.5,-0.047491794296115664,0.047491794296115664,0.076157657242523102
W03,1.5,1.6000000000000001,-0.049730318003480323,0.049730318003480323,0.074133242873234417
W03,1.6000000000000001,1.7000000000000002,-0.05164269473833899,0.05164269473833899,0.071995844893240513
W03,1.7000000000000002,1.8,-0.053243039513162838,0.053243039513162949,0.069821531233239753
W03,1.8,1.9000000000000001,-0.054549551555976517,0.054549551555976517,0.067650949465765109
W03,1.9000000000000001,2,-0.055581871956636886,0.055581871956636886,0.065495441932507781
W03,2,2.1000000000000001,-0.056209825131456448,0.056209825131456448,0.060716063621964356
W03,2.1000000000000001,2.2000000000000002,-0.05618237490278255,0.05618237490278255,0.05473307156525542
W03,2.2000000000000002,2.3000000000000003,-0.05574110464718085,0.05574110464718085,0.050209854419181577
W03,2.3000000000000003,2.4000000000000004,-0.055032585768337694,0.055032585768337694,0.046558346242585813
W03,2.4000000000000004,2.5,-0.054134306281806377,0.054134306281806377,0.043434176895619681
W03,2.5,2.6000000000000001,-0.053093451987537676,0.053093451987537676,0.040630522966315086
W03,2.6000000000000001,2.7000000000000002,-0.05194054443910856,0.05194054443910856,0.038021508586994601
W03,2.7000000000000002,2.8000000000000003,-0.050696070765789303,0.050696070765789303,0.03553066639350777
W03,2.8000000000000003,2.9000000000000004,-0.049374284632751619,0.049374284632751619,0.033112748657267099
W03,2.9000000000000004,3,-0.047985572323013592,0.047985572323013592,0.0307429176234566
W03,3,3.1000000000000001,-0.046537993350039386,0.046537993350039386,0.028410119942166467
W03,3.1000000000000001,3.2000000000000002,-0.045038312773792999,0.045038312773792999,0.026112866782411093
W03,3.2000000000000002,3.3000000000000003,-0.043492704818021366,0.043492704818021366,0.023856398292330994
W03,3.3000000000000003,3.4000000000000004,-0.04190723291858145,0.04190723291858145,0.02165063434778447
W03,3.4000000000000004,3.5,-0.040288168327239138,0.040288168327239138,0.019508562092259263
W03,3.5,3.6000000000000001,-0.038642184181772787,0.038642184181772787,0.017444864753373146
W03,3.6000000000000001,3.7000000000000002,-0.036976447640348242,0.036976447640348242,0.015474696383105835
W03,3.7000000000000002,3.8000000000000003,-0.035298625396456229,0.035298625396456229,0.013612573776405457
W03,3.8000000000000003,3.9000000000000004,-0.033616815216120255,0.033616815216120255,0.011871399388814208
W03,3.9000000000000004,4,-0.031939416340191595,0.031939416340191595,0.010261651895901114
W03,4,4.1000000000000005,-0.030274953279264549,0.030274953279264549,0.0087907866187388883
W03,4.1000000000000005,4.2000000000000002,-0.028631869518817243,0.028631869518817243,0.0074628791582935783
W03,4.2000000000000002,4.2999999999999998,-0.02701830899229285,0.02701830899229285,0.0062785262491882321
W03,4.2999999999999998,4.4000000000000004,-0.025441903208170746,0.025441903208170746,0.0052349932689588208
W03,4.4000000000000004,4.5,-0.023909580332797331,0.023909580332797331,0.0043265736512796416
W03,4.5,4.6000000000000005,-0.022427409412022925,0.022427409412022925,0.0035451065722915676
W03,4.6000000000000005,4.7000000000000002,-0.02100048866296822,0.02100048866296822,0.0028805889238416871
W03,4.7000000000000002,4.8000000000000007,-0.019632881989760653,0.019632881989760653,0.0023218167532221834
W03,4.8000000000000007,4.9000000000000004,-0.018327603233781131,0.018327603233781131,0.0018569989293073519
W03,4.9000000000000004,5,-0.017086643730620965,0.017086643730620965,0.0014742992105087893
W03,5,5.1000000000000005,-0.015911035894020653,0.015911035894020653,0.0011622789642249387
W03,5.1000000000000005,5.2000000000000002,-0.014800943933668709,0.014800943933668709,0.00091022856733102842
W03,5.2000000000000002,5.3000000000000007,-0.013755772381114806,0.013755772381114806,0.00070838882911949952
W03,5.3000000000000007,5.4000000000000004,-0.012774283633545824,0.012774283633545824,0.00054807344597262997
W03,5.4000000000000004,5.5,-0.011854716936924081,0.011854716936923637,0.000421709271462678
W03,5.5,5.6000000000000005,-0.010994902812755392,0.010994902812755392,0.00032281349591678499
W03,5.6000000000000005,5.7000000000000002,-0.010192368620377756,0.010192368620377756,0.00024592648145427276
W03,5.7000000000000002,5.8000000000000007,-0.0094444325379916538,0.0094444325379916538,0.00018651690587634384
W03,5.8000000000000007,5.9000000000000004,-0.0087482846134709913,0.0087482846134709913,0.00014087286473563054
W03,5.9000000000000004,6,-0.0081010546190651844,0.0081010546190651844,0.00010598931837879633
W03,6,6.1000000000000005,-0.0074998672326960225,0.0074998672326960225,7.9459192704689485e-05
W03,6.1000000000000005,6.2000000000000002,-0.0069418855880079011,0.0069418855880079011,5.9372801549661958e-05
W03,6.2000000000000002,6.3000000000000007,-0.0064243445290146362,0.0064243445290146362,4.4228157701775572e-05
W03,6.3000000000000007,6.4000000000000004,-0.0059445750241342576,0.0059445750241342576,3.2853179624314777e-05
W03,6.4000000000000004,6.5,-0.0055000211878404315,0.0055000211878404315,2.4339722800803543e-05
W03,6.5,6.6000000000000005,-0.0050882512686036829,0.0050882512686036829,1.7988681571878828e-05
W03,6.6000000000000005,6.7000000000000002,-0.0047069638243888434,0.0047069638243888434,1.3265026854059059e-05
W03,6.7000000000000002,6.8000000000000007,-0.004353990147211606,0.004353990147211606,9.7614826508607422e-06
W03,6.8000000000000007,6.9000000000000004,-0.0040272938345964349,0.0040272938345964349,7.1695282790606996e-06
W03,6.9000000000000004,7,-0.0037249682499500558,0.0037249682499500558,5.2564882881966923e-06
W03,7,7.1000000000000005,-0.0034452324725520178,0.0034452324725520178,3.8475969490470163e-06
W03,7.1000000000000005,7.2000000000000002,-0.003186426214570881,0.003186426214570881,2.8120705057865791e-06
W03,7.2000000000000002,7.3000000000000007,-0.0029470040776848894,0.0029470040776848894,2.0523693438079249e-06
W03,7.3000000000000007,7.4000000000000004,-0.0027255294349601833,0.0027255294349601833,1.495972585363603e-06
W03,7.4000000000000004,7.5,-0.00252066815302876,0.00252066815302876,1.0891135566737375e-06
W03,7.5,7.6000000000000005,-0.0023311823129084086,0.0023311823129084086,7.9203335401345498e-07
W03,7.6000000000000005,7.7000000000000002,-0.0021559240434418925,0.0021559240434418925,5.7540140385725635e-07
W03,7.7000000000000002,7.8000000000000007,-0.0019938295465884437,0.0019938295465884437,4.1762750702112328e-07
W03,7.8000000000000007,7.9000000000000004,-0.0018439133674650332,0.0018439133674650332,3.0285101382254709e-07
W03,7.9000000000000004,8,-0.0017052629419505028,0.0017052629419505028,2.1944181716193611e-07
W03,8,8.0999999999999996,-0.00157703343976201,0.00157703343976201,1.5888637405758743e-07
W03,8.0999999999999996,8.2000000000000011,-0.0014584429101540675,0.0014584429101540675,1.1496225549301187e-07
W03,8.2000000000000011,8.3000000000000007,-0.0013487677293557709,0.0013487677293557709,8.3128105288210463e-08
W03,8.3000000000000007,8.4000000000000004,-0.0012473383436053531,0.0012473383436055752,6.0073829466489315e-08
W03,8.4000000000000004,8.5,-0.0011535352977285473,0.0011535352977283253,4.3389725146170122e-08
W03,8.5,8.5999999999999996,-0.0010667855369352885,0.0010667855369352885,3.1323512228453865e-08
W03,8.5999999999999996,8.7000000000000011,-0.00098655896803490073,0.00098655896803490073,2.2602289817541532e-08
W03,8.7000000000000011,8.8000000000000007,-0.00091236526552629371,0.00091236526552629371,1.6302271976798011e-08
W03,8.8000000000000007,8.9000000000000004,-0.00084375090783361806,0.00084375090783361806,1.1753617190635168e-08
W03,8.9000000000000004,9,-0.00078029642909727137,0.00078029642909727137,8.4710189973691286e-09
W03,9,9.0999999999999996,-0.00072161387225744278,0.00072161387225744278,6.1031304454672863e-09
W03,9.0999999999999996,9.2000000000000011,-0.0006673444297953246,0.0006673444297953246,4.3957544271222559e-09
W03,9.2000000000000011,9.3000000000000007,-0.0006171562590258084,0.0006171562590258084,3.1651061771498235e-09
W03,9.3000000000000007,9.4000000000000004,-0.00057074245965127446,0.00057074245965127446,2.2783830377903769e-09
W03,9.4000000000000004,9.5,-0.00052781920187983111,0.00052781920187983111,1.639675728526413e-09
W03,9.5,9.6000000000000014,-0.0004881239942633453,0.0004881239942633453,1.1797482990516528e-09
W03,9.6000000000000014,9.7000000000000011,-0.0004514140809694922,0.0004514140809694922,8.4865114935439578e-10
W03,9.7000000000000011,9.8000000000000007,-0.00041746495905936598,0.00041746495905981007,6.1035398957187681e-10
W03,9.8000000000000007,9.9000000000000004,-0.00038606900682069956,0.00038606900682069956,4.3889381018402673e-10
W03,9.9000000000000004,10,-0.00035703421498900489,0.00035703421498900489,3.1554558965751767e-10
W03,10,10.100000000000001,-0.00033018301314680087,0.00033018301314680087,2.2682855593814111e-10
W03,10.100000000000001,10.200000000000001,-0.00030535118424079855,0.00030535118424079855,1.6303136618489589e-10
W03,10.200000000000001,10.300000000000001,-0.00028238686062542762,0.00028238686062542762,1.1716227987790262e-10
W03,10.300000000000001,10.4,-0.00026114959551204464,0.00026114959551204464,8.4188434001930545e-11
W03,10.4,10.5,-0.00024150950420698258,0.00024150950420698258,6.0486948783022854e-11
W03,10.5,10.600000000000001,-0.00022334646988286799,0.00022334646988286799,4.3455017362248327e-11
W03,10.600000000000001,10.700000000000001,-0.00020654940904685226,0.00020654940904685226,3.1214586471151051e-11
W03,10.700000000000001,10.800000000000001,-0.00019101559225154219,0.00019101559225154219,2.2420953982305036e-11
W03,10.800000000000001,10.9,-0.00017665001583444528,0.00017665001583444528,1.610267474916327e-11
W03,10.9,11,-0.00016336482094447824,0.00016336482094447824,1.1564305069100556e-11
W03,11,11.100000000000001,-0.00015107875620623545,0.00015107875620667954,8.304912313406021e-12
W03,11.100000000000001,11.200000000000001,-0.00013971668083012645,0.00013971668083012645,5.9616755976321656e-12
W03,11.200000000000001,11.300000000000001,-0.00012920910505176408,0.00012920910505176408,4.2790215815102783e-12
W03,11.300000000000001,11.4,-0.00011949176516168336,0.00011949176516168336,3.0753177782116836e-12
W03,11.4,11.5,-0.00011050523046862715,0.00011050523046862715,2.2095658636089865e-12
W03,11.5,11.600000000000001,-0.00010219453983562055,0.00010219453983562055,1.5871748360041238e-12
W03,11.600000000000001,11.700000000000001,-9.450886554573934e-05,9.450886554573934e-05,1.1386447340555605e-12
W03,11.700000000000001,11.800000000000001,-8.7401202435888337e-05,8.7401202435888337e-05,8.1734619072904025e-13
W03,11.800000000000001,11.9,-8.0828080430750404e-05,8.0828080430750404e-05,5.8708593542178278e-13
W03,11.9,12,-7.474929866679858e-05,7.474929866679858e-05,4.2121861554278439e-13
W03,12,12.100000000000001,-6.9127679647618123e-05,6.9127679647618123e-05,3.0242475190789264e-13
W03,12.100000000000001,12.200000000000001,-6.3928841850913187e-05,6.3928841850913187e-05,2.1693757901175559e-13
W03,12.200000000000001,12.300000000000001,-5.9120989461591833e-05,5.9120989461591833e-05,1.5609735726229701e-13
W03,12.300000000000001,12.4,-5.4674717914204862e-05,5.4674717914204862e-05,1.1124434706744069e-13
W03,12.4,12.5,-5.0562834048584193e-05,5.0562834048584193e-05,8.0602191587786365e-14
W03,12.5,12.600000000000001,-4.6760189797101503e-05,4.6760189797101503e-05,5.6621374255882984e-14
W03,12.600000000000001,12.700000000000001,-4.3243528395242592e-05,4.3243528395242592e-05,4.1522341120980855e-14
W03,12.700000000000001,12.800000000000001,-3.9991342123846252e-05,3.9991342123846252e-05,3.1308289294429414e-14
W03,12.800000000000001,12.9,-3.6983740786755703e-05,3.6983740786755703e-05,1.865174681370263e-14
W03,12.9,13,-3.4202330052135466e-05,3.4202330052135466e-05,1.5543122344752192e-14
W03,13,13.100000000000001,-3.163009896023361e-05,3.163009896023361e-05,1.5543122344752192e-14
W03,13.100000000000001,13.200000000000001,-2.9251315879719186e-05,2.9251315879719186e-05,7.9936057773011271e-15
W03,13.200000000000001,13.300000000000001,-2.7051432301528067e-05,2.7051432301972156e-05,0
W03,13.300000000000001,13.4,-2.5016993853377301e-05,2.5016993853377301e-05,0
W03,13.4,13.5,-2.313555801780609e-05,2.3135558018028135e-05,0
W03,13.5,13.600000000000001,-2.1395618030162211e-05,2.1395618030384256e-05,0
W03,13.600000000000001,13.700000000000001,-1.9786532512000576e-05,1.9786532512000576e-05,0
W03,13.700000000000001,13.800000000000001,-1.8298460382037973e-05,1.8298460382037973e-05,0
W03,13.800000000000001,13.9,-1.6922300666966095e-05,1.6922300667410184e-05,0
W03,13.9,14,-1.5649636848635851e-05,1.5649636848635851e-05,0
W03,14,14.100000000000001,-1.447268538323776e-05,1.4472685383681849e-05,0
W03,14.100000000000001,14.200000000000001,-1.3384248094938656e-05,1.3384248095382745e-05,0
W03,14.200000000000001,14.300000000000001,-1.2377668160867827e-05,1.2377668161311917e-05,0
W03,14.300000000000001,14.4,-1.1446789391689194e-05,1.1446789392133283e-05,0
W03,14.4,14.5,-1.0585918579941733e-05,1.0585918580385822e-05,0
W03,14.5,14.600000000000001,-9.7897906892185915e-06,9.7897906901067699e-06,0
W03,14.600000000000001,14.700000000000001,-9.0535366399357997e-06,9.0535366403798889e-06,0
W03,14.700000000000001,14.800000000000001,-8.3726535420325376e-06,8.3726535420325376e-06,0
W03,14.800000000000001,14.9,-7.7429771498938038e-06,7.742977150337893e-06,0
W03,14.9,15,-7.1606563971648995e-06,7.1606563976089888e-06,0
W03,15,15.100000000000001,-6.6221298413715601e-06,6.6221298413715601e-06,0
W03,15.100000000000001,15.200000000000001,-6.1241038802339887e-06,6.1241038806780779e-06,0
W03,15.200000000000001,15.300000000000001,-5.6635326148857246e-06,5.6635326148857246e-06,0
W03,15.300000000000001,15.4,-5.2375992152242645e-06,5.2375992156683537e-06,0
W03,15.4,15.5,-4.8436986963551476e-06,4.8436986963551476e-06,0
W03,15.5,15.600000000000001,-4.4794219822286152e-06,4.4794219826727044e-06,0
W03,15.600000000000001,15.700000000000001,-4.1425411771989218e-06,4.1425411771989218e-06,0
W03,15.700000000000001,15.800000000000001,-3.8309959335958155e-06,3.8309959335958155e-06,0
W03,15.800000000000001,15.9,-3.5428808609072604e-06,3.5428808609072604e-06,0
W03,15.9,16,-3.2764338571134033e-06,3.2764338571134033e-06,0
W03,16,16.100000000000001,-3.0300253515136433e-06,3.0300253519577325e-06,0
W03,16.100000000000001,16.199999999999999,-2.8021483200468822e-06,2.8021483200468822e-06,0
W03,16.199999999999999,16.300000000000001,-2.5914090810985613e-06,2.5914090810985613e-06,0
W03,16.300000000000001,16.400000000000002,-2.3965187625485385e-06,2.3965187629926277e-06,0
W03,16.400000000000002,16.5,-2.2162854254048625e-06,2.2162854254048625e-06,0
W03,16.5,16.600000000000001,-2.049606771414858e-06,2.049606771414858e-06,0
W03,16.600000000000001,16.699999999999999,-1.8954634075640797e-06,1.8954634075640797e-06,0
W03,16.699999999999999,16.800000000000001,-1.7529125959647729e-06,1.7529125959647729e-06,0
W03,16.800000000000001,16.900000000000002,-1.6210825053430966e-06,1.6210825053430966e-06,0
W03,16.900000000000002,17,-1.4991668684238846e-06,1.4991668684238846e-06,0
W03,17,17.100000000000001,-1.3864200574253971e-06,1.3864200574253971e-06,0
W03,17.100000000000001,17.199999999999999,-1.2821525186001992e-06,1.2821525186001992e-06,0
W03,17.199999999999999,17.300000000000001,-1.18572655738447e-06,1.18572655738447e-06,0
W03,17.300000000000001,17.400000000000002,-1.0965524355199818e-06,1.0965524355199818e-06,0
W03,17.400000000000002,17.5,-1.0140847710449208e-06,1.0140847710449208e-06,0
W03,17.5,17.600000000000001,-9.3781919585644857e-07,9.3781919585644857e-07,0
W03,17.600000000000001,17.699999999999999,-8.6728927262136324e-07,8.6728927262136324e-07,0
W03,17.699999999999999,17.800000000000001,-8.0206364594381796e-07,8.0206364594381796e-07,0
W03,17.800000000000001,17.900000000000002,-7.4174339892429941e-07,7.4174339892429941e-07,0
W03,17.900000000000002,18,-6.8595961333350886e-07,6.8595961333350886e-07,0
W03,18,18.100000000000001,-6.3437111896824661e-07,6.3437111896824661e-07,0
W03,18.100000000000001,18.199999999999999,-5.8666240732030417e-07,5.8666240732030417e-07,0
W03,18.199999999999999,18.300000000000001,-5.4254169157275101e-07,5.4254169157275101e-07,0
W03,18.300000000000001,18.400000000000002,-5.0173913201945197e-07,5.0173913201945197e-07,0
W03,18.400000000000002,18.5,-4.6400518316502826e-07,4.6400518316502826e-07,0
W03,18.5,18.600000000000001,-4.2910906383752945e-07,4.2910906383752945e-07,0
W03,18.600000000000001,18.699999999999999,-3.9683735408857501e-07,3.9683735408857501e-07,0
W03,18.699999999999999,18.800000000000001,-3.6699268024520393e-07,3.6699268024520393e-07,0
W03,18.800000000000001,18.900000000000002,-3.3939251431469586e-07,3.3939251431469586e-07,0
W03,18.900000000000002,19,-3.1386805621202996e-07,3.1386805621202996e-07,0
W03,19,19.100000000000001,-2.9026319658953526e-07,2.9026319658953526e-07,0
W03,19.100000000000001,19.200000000000003,-2.6843357270323054e-07,2.6843357270323054e-07,0
W03,19.200000000000003,19.300000000000001,-2.4824567246284346e-07,2.4824567246284346e-07,0
W03,19.300000000000001,19.400000000000002,-2.2957603151851913e-07,2.2957603196260834e-07,0
W03,19.400000000000002,19.5,-2.123104652085317e-07,2.123104652085317e-07,0
W03,19.5,19.600000000000001,-1.9634337800056301e-07,1.9634337800056301e-07,0
W03,19.600000000000001,19.700000000000003,-1.8157711734190229e-07,1.8157711734190229e-07,0
W03,19.700000000000003,19.800000000000001,-1.6792137191856682e-07,1.6792137191856682e-07,0
W03,19.800000000000001,19.900000000000002,-1.5529262498148455e-07,1.5529262498148455e-07,0
W03,19.900000000000002,20,-1.4361363920301073e-07,1.4361363920301073e-07,0
W04,0,0.10000000000000001,-0.0011089156364895375,0.001108915636489538,0.027240814602707875
W04,0.10000000000000001,0.20000000000000001,-0.0030387553365242735,0.003038755336524273,0.027590211541310774
W04,0.20000000000000001,0.30000000000000004,-0.0047534304233526649,0.0047534304233526684,0.027938417885122774
W04,0.30000000000000004,0.40000000000000002,-0.0063434042624539236,0.0063434042624539271,0.028282803613637011
W04,0.40000000000000002,0.5,-0.0078411800766060094,0.0078411800766059955,0.028622002025941451
W04,0.5,0.60000000000000009,-0.0092614994080269727,0.0092614994080269519,0.02895509837191973
W04,0.60000000000000009,0.70000000000000007,-0.010612201128433758,0.010612201128433744,0.029281340373329745
W04,0.70000000000000007,0.80000000000000004,-0.011898307283990647,0.011898307283990661,0.029600024171142603
W04,0.80000000000000004,0.90000000000000002,-0.013123615241640935,0.013123615241640962,0.029910450871187877
W04,0.90000000000000002,1,-0.014291320671128996,0.014291320671129051,0.03021191166583781
W04,1,1.1000000000000001,-0.015404263651357233,0.015404263651357206,0.03050368443110052
W04,1.1000000000000001,1.2000000000000002,-0.016465029183760763,0.016465029183760763,0.03078503466945165
W04,1.2000000000000002,1.3,-0.017475991173533573,0.017475991173533656,0.031055218486458702
W04,1.3,1.4000000000000001,-0.018439335082443137,0.018439335082443192,0.031313485901223181
W04,1.4000000000000001,1.5,-0.019357072388142743,0.019357072388142743,0.031559084083384037
W04,1.5,1.6000000000000001,-0.020231051657491061,0.020231051657491061,0.031791260485759198
W04,1.6000000000000001,1.7000000000000002,-0.021062968202502058,0.021062968202502058,0.032009265697657052
W04,1.7000000000000002,1.8,-0.021854373094936708,0.021854373094936708,0.032212355894302158
W04,1.8,1.9000000000000001,-0.022606681932736988,0.022606681932737044,0.032399794688671935
W04,1.9000000000000001,2,-0.023321182944731123,0.023321182944731123,0.032570854887132961
W04,2,2.1000000000000001,-0.02399904491704391,0.02399904491704391,0.032724819669219585
W04,2.1000000000000001,2.2000000000000002,-0.024641324823621358,0.024641324823621358,0.032860983320935011
W04,2.2000000000000002,2.3000000000000003,-0.025248975065855273,0.025248975065855273,0.0329786516335
W04,2.3000000000000003,2.4000000000000004,-0.025822850291084887,0.025822850291084887,0.033077142036725959
W04,2.4000000000000004,2.5,-0.026363713875638628,0.026363713875638628,0.033155783408970851
W04,2.5,2.6000000000000001,-0.026872244203065832,0.026872244203065832,0.033213915422950713
W04,2.6000000000000001,2.7000000000000002,-0.027349040323745299,0.027349040323745299,0.033250888017599567
W04,2.7000000000000002,2.8000000000000003,-0.027794627390155258,0.027794627390155258,0.033266060569832612
W04,2.8000000000000003,2.9000000000000004,-0.028209461755236531,0.028209461755236531,0.033258800977611136
W04,2.9000000000000004,3,-0.028593935737534437,0.028593935737534437,0.03322848473015938
W04,3,3.1000000000000001,-0.02894838198871863,0.02894838198871863,0.033174494172319768
W04,3.1000000000000001,3.2000000000000002,-0.029273077605841635,0.029273077605841635,0.033096217876726897
W04,3.2000000000000002,3.3000000000000003,-0.029568248092153082,0.029568248092153082,0.032993050049695993
W04,3.3000000000000003,3.4000000000000004,-0.029834070902399978,0.029834070902399978,0.032864390525076281
W04,3.4000000000000004,3.5,-0.030070678874143275,0.030070678874143275,0.032709645027707568
W04,3.5,3.6000000000000001,-0.030278163503559608,0.030278163503559608,0.032528225900594343
W04,3.6000000000000001,3.7000000000000002,-0.030456578131231593,0.030456578131231593,0.032319553329932749
W04,3.7000000000000002,3.8000000000000003,-0.030605940951641042,0.030605940951641042,0.03208305741444728
W04,3.8000000000000003,3.9000000000000004,-0.030726238048776056,0.030726238048775834,0.031818180915524019
W04,3.9000000000000004,4,-0.030817426534698322,0.030817426534698322,0.031524382689422925
W04,4,4.1000000000000005,-0.030879437647880481,0.030879437647880481,0.031201142300624651
W04,4.1000000000000005,4.2000000000000002,-0.030912180034798009,0.030912180034797787,0.030847965624255735
W04,4.2000000000000002,4.2999999999999998,-0.030915543239528942,0.030915543239528942,0.030464391592762929
W04,4.2999999999999998,4.4000000000000004,-0.030889401514336612,0.030889401514336612,0.03005000005107239
W04,4.4000000000000004,4.5,-0.030833617835753557,0.030833617835753557,0.029604421246792967
W04,4.5,4.6000000000000005,-0.030748048388679061,0.030748048388679283,0.029127346636659723
W04,4.6000000000000005,4.7000000000000002,-0.030632547563250512,0.030632547563250512,0.02861854107153583
W04,4.7000000000000002,4.8000000000000007,-0.030486973415752239,0.030486973415752239,0.02807785670730345
W04,4.8000000000000007,4.9000000000000004,-0.030311193734914976,0.030311193734914976,0.027505248523554515
W04,4.9000000000000004,5,-0.030105092782670262,0.030105092782670262,0.026900791411050173
W04,5,5.1000000000000005,-0.029868578836843351,0.029868578836843351,0.026264698507058259
W04,5.1000000000000005,5.2000000000000002,-0.029601592349069783,0.029601592349069783,0.025597341333200685
W04,5.2000000000000002,5.3000000000000007,-0.029304114990472918,0.029304114990472918,0.024899270904645388
W04,5.3000000000000007,5.4000000000000004,-0.028976179527098189,0.028976179527098189,0.024171239631098018
W04,5.4000000000000004,5.5,-0.028617880476928592,0.028617880476928592,0.023414223716196725
W04,5.5,5.6000000000000005,-0.028229385497025028,0.028229385497025028,0.022629445607285525
W04,5.6000000000000005,5.7000000000000002,-0.027810947483484894,0.027810947483484894,0.021818395649787936
W04,5.7000000000000002,5.8000000000000007,-0.027362917332496739,0.027362917332496739,0.020982851777351597
W04,5.8000000000000007,5.9000000000000004,-0.026885756955983275,0.026885756955983275,0.020124897153663612
W04,5.9000000000000004,6,-0.026380052566386425,0.026380052566386425,0.019246933863394933
W04,6,6.1000000000000005,-0.025846527852463996,0.025846527852463996,0.018351691656971481
W04,6.1000000000000005,6.2000000000000002,-0.02528605671389883,0.02528605671389883,0.017442230323054142
W04,6.2000000000000002,6.3000000000000007,-0.024699675055011916,0.024699675055011916,0.016521934750938438
W04,6.3000000000000007,6.4000000000000004,-0.02408859127329821,0.02408859127329821,0.015594500930480759
W04,6.4000000000000004,6.5,-0.023454194904082959,0.023454194904082959,0.014663911577327271
W04,6.5,6.6000000000000005,-0.022798062731983704,0.022798062731983704,0.013734401067433177
W04,6.6000000000000005,6.7000000000000002,-0.022121961889798758,0.022121961889798758,0.012810408651248384
W04,6.7000000000000002,6.8000000000000007,-0.021427849334661797,0.021427849334661797,0.011896519941575923
W04,6.8000000000000007,6.9000000000000004,-0.020717867178002392,0.020717867178002392,0.010997396952978189
W04,6.9000000000000004,7,-0.0199943333199748,0.0199943333199748,0.010117698599873881
W04,7,7.1000000000000005,-0.019259727168865037,0.019259727168865037,0.0092619929145230095
W04,7.1000000000000005,7.2000000000000002,-0.018516670224036469,0.018516670224036469,0.0084346637818297765
W04,7.2000000000000002,7.3000000000000007,-0.01776790152597707,0.01776790152597707,0.0076398158507420266
W04,7.3000000000000007,7.4000000000000004,-0.017016248270357082,0.017016248270357082,0.0068811814379683423
W04,7.4000000000000004,7.5,-0.016264592114654253,0.016264592114654253,0.0061620335726235709
W04,7.5,7.6000000000000005,-0.01551583193151318,0.01551583193151318,0.0054851092210013164
W04,7.6000000000000005,7.7000000000000002,-0.014772844012891806,0.014772844012891806,0.0048525475054108647
W04,7.7000000000000002,7.8000000000000007,-0.014038440984490697,0.014038440984490697,0.0042658456201296602
W04,7.8000000000000007,7.9000000000000004,-0.013315330757499799,0.013315330757499799,0.0037258352515237014
W04,7.9000000000000004,8,-0.012606076953430634,0.012606076953431078,0.0032326809614435792
W04,8,8.0999999999999996,-0.011913062253517515,0.011913062253517515,0.0027859007949495584
W04,8.0999999999999996,8.2000000000000011,-0.011238455991645857,0.011238455991645857,0.0023844077160006805
W04,8.2000000000000011,8.3000000000000007,-0.010584187086445818,0.010584187086445818,0.0020265693803236395
W04,8.3000000000000007,8.4000000000000004,-0.0099519232754272657,0.0099519232754272657,0.0017102831882753744
W04,8.4000000000000004,8.5,-0.0093430571879524749,0.0093430571879524749,0.001433062016723774
W04,8.5,8.5999999999999996,-0.0087586995011139646,0.0087586995011139646,0.0011921261386982351
W04,8.5999999999999996,8.7000000000000011,-0.0081996790672478337,0.0081996790672478337,0.00098449665356437066
W04,8.7000000000000011,8.8000000000000007,-0.0076665496610537343,0.0076665496610537343,0.00080708620496294792
W04,8.8000000000000007,8.9000000000000004,-0.0071596026089444376,0.0071596026089444376,0.00065678305307392826
W04,8.9000000000000004,9,-0.0066788843828158306,0.0066788843828158306,0.00053052557010557777
W04,9,9.0999999999999996,-0.0062242181927760765,0.0062242181927760765,0.00042536521642588809
W04,9.0999999999999996,9.2000000000000011,-0.0057952284297677625,0.0057952284297677625,0.00033851676146801069
W04,9.2000000000000011,9.3000000000000007,-0.0053913668576957008,0.0053913668576957008,0.00026739551546905993
W04,9.3000000000000007,9.4000000000000004,-0.0050119394923733296,0.0050119394923733296,0.0002096420543606925
W04,9.4000000000000004,9.5,-0.0046561333126482474,0.0046561333126482474,0.00016313557496183684
W04,9.5,9.6000000000000014,-0.0043230419452837676,0.0043230419452837676,0.00012599729477402732
W04,9.6000000000000014,9.7000000000000011,-0.0040116897044506494,0.0040116897044506494,9.6585650872338391e-05
W04,9.7000000000000011,9.8000000000000007,-0.0037210535628768859,0.003721053562877108,7.3485122408012415e-05
W04,9.8000000000000007,9.9000000000000004,-0.0034500827383860955,0.0034500827383863175,5.5490416874803827e-05
W04,9.9000000000000004,10,-0.0031977157348386243,0.0031977157348386243,4.1587632715778255e-05
W04,10,10.100000000000001,-0.0029621681035696401,0.0029621681035696401,3.0683048167334803e-05
W04,10.100000000000001,10.200000000000001,-0.0027419736941411976,0.0027419736941411976,2.235763387070655e-05
W04,10.200000000000001,10.300000000000001,-0.0025374139155616149,0.0025374139155616149,1.6272392812322067e-05
W04,10.300000000000001,10.4,-0.002347737061023869,0.002347737061023869,1.1830736969864475e-05
W04,10.4,10.5,-0.002171998340132042,0.002171998340132042,8.5929259241446232e-06
W04,10.5,10.600000000000001,-0.0020092474582424913,0.0020092474582424913,6.2354961978261514e-06
W04,10.600000000000001,10.700000000000001,-0.0018585720862760446,0.0018585720862760446,4.5209661574396875e-06
W04,10.700000000000001,10.800000000000001,-0.0017191094028867759,0.0017191094028867759,3.2752865810614651e-06
W04,10.800000000000001,10.9,-0.0015900487974636057,0.0015900487974636057,2.3711046788221779e-06
W04,10.9,11,-0.0014706316617869586,0.0014706316617869586,1.7153756053378544e-06
W04,11,11.100000000000001,-0.00136014996723266,0.00136014996723266,1.240214453579469e-06
W04,11.100000000000001,11.200000000000001,-0.0012579442273707997,0.0012579442273707997,8.9615628562356164e-07
W04,11.200000000000001,11.300000000000001,-0.001163401127042718,0.001163401127042718,6.4720069881119002e-07
W04,11.300000000000001,11.4,-0.0010759509825701841,0.0010759509825701841,4.6717532486972857e-07
W04,11.4,11.5,-0.00099506514061475926,0.00099506514061475926,3.3707197366616981e-07
W04,11.5,11.600000000000001,-0.00092025338838586102,0.00092025338838586102,2.4309843027481293e-07
W04,11.600000000000001,11.700000000000001,-0.00085106142384572259,0.00085106142384572259,1.7525572992838079e-07
W04,11.700000000000001,11.800000000000001,-0.0007870684177802012,0.00078706841778064529,1.2630066459351497e-07
W04,11.800000000000001,11.9,-0.00072788468742279733,0.00072788468742279733,9.0990108780886203e-08
W04,11.9,12,-0.00067314949269192681,0.00067314949269192681,6.5531299942023225e-08
W04,12,12.100000000000001,-0.00062252896013470504,0.00062252896013470504,4.7182346030183453e-08
W04,12.100000000000001,12.200000000000001,-0.00057571413527246484,0.00057571413527246484,3.3962195722381239e-08
W04,12.200000000000001,12.300000000000001,-0.00053241916135382539,0.00053241916135382539,2.4440276025217145e-08
W04,12.300000000000001,12.4,-0.00049237958046899344,0.00049237958046899344,1.7584034450734976e-08
W04,12.4,12.5,-0.00045535075185987317,0.00045535075185987317,1.2648541769522126e-08
W04,12.5,12.600000000000001,-0.00042110638151693358,0.00042110638151693358,9.0965885934934931e-09
W04,12.600000000000001,12.700000000000001,-0.00038943715683470437,0.00038943715683470437,6.5409280214367982e-09
W04,12.700000000000001,12.800000000000001,-0.00036014947990259394,0.00036014947990259394,4.7024986127297552e-09
W04,12.800000000000001,12.9,-0.00033306429319468478,0.00033306429319468478,3.3802729504373019e-09
W04,12.9,13,-0.00030801599146190739,0.00030801599146190739,2.4294797285051573e-09
W04,13,13.100000000000001,-0.00028485141393885804,0.00028485141393885804,1.7458954282290051e-09
W04,13.100000000000001,13.200000000000001,-0.0002634289112690702,0.0002634289112690702,1.2545022798349237e-09
W04,13.200000000000001,13.300000000000001,-0.00024361748180878884,0.00024361748180878884,9.0131524466130486e-10
W04,13.300000000000001,13.4,-0.00022529597229969944,0.00022529597229969944,6.4749317019163755e-10
W04,13.4,13.5,-0.00020835233827498634,0.00020835233827498634,4.651072860184513e-10
W04,13.5,13.600000000000001,-0.00019268295977070693,0.00019268295977070693,3.3406810651115393e-10
W04,13.600000000000001,13.700000000000001,-0.00017819200830793136,0.00017819200830793136,2.399269671826687e-10
W04,13.700000000000001,13.800000000000001,-0.0001647908613018334,0.0001647908613018334,1.7230128435130609e-10
W04,13.800000000000001,13.9,-0.0001523975604269534,0.0001523975604269534,1.237299152023752e-10
W04,13.9,14,-0.00014093631061573575,0.00014093631061573575,8.8843821188788752e-11
W04,14,14.100000000000001,-0.00013033701670162046,0.00013033701670206455,6.3789640236677769e-11
W04,14.100000000000001,14.200000000000001,-0.00012053485484564419,0.00012053485484564419,4.5799808390256658e-11
W04,14.200000000000001,14.300000000000001,-0.00011146987617394188,0.00011146987617394188,3.2880365097298636e-11
W04,14.300000000000001,14.4,-0.00010308664021474456,0.00010308664021474456,2.3605117860370228e-11
W04,14.4,14.5,-9.5333875864023199e-05,9.5333875864023199e-05,1.6944667891038989e-11
W04,14.5,14.600000000000001,-8.8164167863613585e-05,8.8164167864057674e-05,1.2162271190163665e-11
W04,14.600000000000001,14.700000000000001,-8.1533666826727469e-05,8.1533666826727469e-05,8.7339024901211815e-12
W04,14.700000000000001,14.800000000000001,-7.5401821074461139e-05,7.5401821074461139e-05,6.2652105725646834e-12
W04,14.800000000000001,14.9,-6.9731128654826335e-05,6.9731128654826335e-05,4.4950709821023338e-12
W04,14.9,15,-6.448690797467016e-05,6.448690797467016e-05,3.2289726448198053e-12
W04,15,15.100000000000001,-5.9637085699115744e-05,5.9637085699115744e-05,2.318811809232102e-12
W04,15.100000000000001,15.200000000000001,-5.5152000606240037e-05,5.5152000606240037e-05,1.66644475996236e-12
W04,15.200000000000001,15.300000000000001,-5.1004222175965452e-05,5.1004222175965452e-05,1.1939338406818933e-12
W04,15.300000000000001,15.4,-4.716838282980973e-05,4.716838282980973e-05,8.5687013040569582e-13
W04,15.4,15.5,-4.3621022788986608e-05,4.3621022788986608e-05,6.1572968945711182e-13
W04,15.5,15.600000000000001,-4.0340446596953683e-05,4.0340446596953683e-05,4.4142467459096224e-13
W04,15.600000000000001,15.700000000000001,-3.7306590427998998e-05,3.7306590427998998e-05,3.1663560662309465e-13
W04,15.700000000000001,15.800000000000001,-3.4500899384726225e-05,3.4500899384726225e-05,2.2759572004815709e-13
W04,15.800000000000001,15.9,-3.1906214008392553e-05,3.1906214008392553e-05,1.6342482922482304e-13
W04,15.9,16,-2.9506665342182714e-05,2.9506665342182714e-05,1.1768364061026659e-13
W04,16,16.100000000000001,-2.7287577881729419e-05,2.7287577881729419e-05,8.4598994476436928e-14
W04,16.100000000000001,16.199999999999999,-2.5235379801369362e-05,2.5235379801369362e-05,5.9285909514983359e-14
W04,16.199999999999999,16.300000000000001,-2.3337519967636666e-05,2.3337519967636666e-05,4.3742787170231168e-14
W04,16.300000000000001,16.400000000000002,-2.1582391170005266e-05,2.1582391170005266e-05,3.1308289294429414e-14
W04,16.400000000000002,16.5,-1.9959259135449159e-05,1.9959259135449159e-05,2.0872192862952943e-14
W04,16.5,16.600000000000001,-1.8458196873183397e-05,1.8458196873183397e-05,1.5543122344752192e-14
W04,16.600000000000001,16.699999999999999,-1.7070023966780923e-05,1.7070023966780923e-05,1.5543122344752192e-14
W04,16.699999999999999,16.800000000000001,-1.5786250425531279e-05,1.5786250425531279e-05,1.021405182655144e-14
W04,16.800000000000001,16.900000000000002,-1.4599024757533385e-05,1.4599024757533385e-05,0
W04,16.900000000000002,17,-1.3501085950329283e-05,1.3501085950329283e-05,0
W04,17,17.100000000000001,-1.2485719073085377e-05,1.2485719073085377e-05,0
W04,17.100000000000001,17.199999999999999,-1.1546714194121677e-05,1.1546714194565766e-05,0
W04,17.199999999999999,17.300000000000001,-1.0678328407509596e-05,1.0678328407509596e-05,0
W04,17.300000000000001,17.400000000000002,-9.8752507124988398e-06,9.8752507124988398e-06,0
W04,17.400000000000002,17.5,-9.1325695301680554e-06,9.1325695306121446e-06,0
W04,17.5,17.600000000000001,-8.4457426596795671e-06,8.4457426601236563e-06,0
W04,17.600000000000001,17.699999999999999,-7.8105695058283686e-06,7.8105695058283686e-06,0
W04,17.699999999999999,17.800000000000001,-7.2231653804877283e-06,7.2231653804877283e-06,0
W04,17.800000000000001,17.900000000000002,-6.6799377520521119e-06,6.6799377529402904e-06,0
W04,17.900000000000002,18,-6.1775642719030799e-06,6.1775642723471691e-06,0
W04,18,18.100000000000001,-5.7129724488902411e-06,5.7129724493343303e-06,0
W04,18.100000000000001,18.199999999999999,-5.2833208630254092e-06,5.2833208630254092e-06,0
W04,18.199999999999999,18.300000000000001,-4.8859817860513743e-06,4.8859817864954636e-06,0
W04,18.300000000000001,18.400000000000002,-4.5185251185131392e-06,4.5185251185131392e-06,0
W04,18.400000000000002,18.5,-4.1787035096607639e-06,4.1787035101048531e-06,0
W04,18.5,18.600000000000001,-3.8644386317621127e-06,3.8644386322062019e-06,0
W04,18.600000000000001,18.699999999999999,-3.5738084556147243e-06,3.5738084556147243e-06,0
W04,18.699999999999999,18.800000000000001,-3.3050355026098543e-06,3.3050355030539436e-06,0
W04,18.800000000000001,18.900000000000002,-3.0564759734286184e-06,3.0564759734286184e-06,0
W04,18.900000000000002,19,-2.8266096865348089e-06,2.8266096865348089e-06,0
W04,19,19.100000000000001,-2.6140307984867661e-06,2.6140307989308553e-06,0
W04,19.100000000000001,19.200000000000003,-2.4174391846099041e-06,2.4174391846099041e-06,0
W04,19.200000000000003,19.300000000000001,-2.2356324995698174e-06,2.2356325004579958e-06,0
W04,19.300000000000001,19.400000000000002,-2.067498825031322e-06,2.067498825031322e-06,0
W04,19.400000000000002,19.5,-1.912009863547226e-06,1.912009863547226e-06,0
W04,19.5,19.600000000000001,-1.768214654029876e-06,1.768214654029876e-06,0
W04,19.600000000000001,19.700000000000003,-1.6352337510738835e-06,1.6352337510738835e-06,0
W04,19.700000000000003,19.800000000000001,-1.5122538516987305e-06,1.5122538516987305e-06,0
W04,19.800000000000001,19.900000000000002,-1.398522817774861e-06,1.398522817774861e-06,0
W04,19.900000000000002,20,-1.2933450754815112e-06,1.2933450754815112e-06,0
W05,0,0.10000000000000001,-0.0046435624089100711,0.0046435624089100781,0.11574083443199559
W05,0.10000000000000001,0.20000000000000001,-0.013474294599837044,0.013474294599837058,0.12867047990785044
W05,0.20000000000000001,0.30000000000000004,-0.022204976754910691,0.022204976754910712,0.13758290835212045
W05,0.30000000000000004,0.40000000000000002,-0.030807877669603356,0.03080787766960337,0.14162909013973213
W05,0.40000000000000002,0.5,-0.039018753768144787,0.039018753768144732,0.14070944306574273
W05,0.5,0.60000000000000009,-0.046546003939379466,0.046546003939379466,0.13551113911012658
W05,0.60000000000000009,0.70000000000000007,-0.053162738011229116,0.053162738011229116,0.12734160689818386
W05,0.70000000000000007,0.80000000000000004,-0.058752085652533925,0.058752085652533814,0.11780399854015799
W05,0.80000000000000004,0.90000000000000002,-0.063315228136902768,0.063315228136902768,0.10841848393309284
W05,0.90000000000000002,1,-0.066950173911053401,0.066950173911053401,0.10030958260371547
W05,1,1.1000000000000001,-0.069813200658455643,0.069813200658455643,0.094051734088627992
W05,1.1000000000000001,1.2000000000000002,-0.072077229472544913,0.072077229472545024,0.089699842571248745
W05,1.2000000000000002,1.3,-0.073899268910340599,0.073899268910340599,0.086957020044990063
W05,1.3,1.4000000000000001,-0.075403098368111432,0.075403098368111432,0.085384808001150336
W05,1.4000000000000001,1.5,-0.076676367041289439,0.076676367041289439,0.084568216748443392
W05,1.5,1.6000000000000001,-0.077776733090783923,0.077776733090783923,0.084196295551494549
W05,1.6000000000000001,1.7000000000000002,-0.078740948529283816,0.078740948529283816,0.08407053317087243
W05,1.7000000000000002,1.8,-0.079592840982591451,0.079592840982591451,0.084077187622256355
W05,1.8,1.9000000000000001,-0.080348756836628565,0.080348756836628565,0.084154359882023799
W05,1.9000000000000001,2,-0.081020717370497097,0.081020717370497097,0.084267990599628639
W05,2,2.1000000000000001,-0.081381566525800864,0.081381566525800864,0.081995935088670979
W05,2.1000000000000001,2.2000000000000002,-0.081207980901208732,0.081207980901208732,0.080257644179457355
W05,2.2000000000000002,2.3000000000000003,-0.080940868158981161,0.080940868158981161,0.079757916345062796
W05,2.3000000000000003,2.4000000000000004,-0.080659824913932532,0.080659824913932532,0.079418089398536562
W05,2.4000000000000004,2.5,-0.080373305302547049,0.080373305302547049,0.079095446866172647
W05,2.5,2.6000000000000001,-0.080082446069618562,0.080082446069618562,0.078771133144632355
W05,2.6000000000000001,2.7000000000000002,-0.079787466691620068,0.079787466691620068,0.078442677926087612
W05,2.7000000000000002,2.8000000000000003,-0.079488468800326118,0.079488468800326118,0.078109829266454156
W05,2.8000000000000003,2.9000000000000004,-0.079185544786227968,0.079185544786227968,0.077772651265298975
W05,2.9000000000000004,3,-0.078878793186980545,0.078878793186980545,0.077431261829241649
W05,3,3.1000000000000001,-0.078568320855045393,0.078568320855046281,0.077085795265833479
W05,3.1000000000000001,3.2000000000000002,-0.078254243136994361,0.078254243136994361,0.07673639651087294
W05,3.2000000000000002,3.3000000000000003,-0.077936683695724263,0.077936683695724263,0.076383219856634099
W05,3.3000000000000003,3.4000000000000004,-0.077615774216947209,0.077615774216947209,0.07602642826950845
W05,3.4000000000000004,3.5,-0.07729165403614946,0.07729165403614946,0.075666192713170766
W05,3.5,3.6000000000000001,-0.076964469691240378,0.076964469691240378,0.075302691387125975
W05,3.6000000000000001,3.7000000000000002,-0.076634374401770788,0.076634374401770788,0.074936108867812212
W05,3.7000000000000002,3.8000000000000003,-0.076301527475725717,0.076301527475725717,0.074566635152672145
W05,3.8000000000000003,3.9000000000000004,-0.075966093645656319,0.075966093645656319,0.074194464610551236
W05,3.9000000000000004,4,-0.075628242336918561,0.075628242336918561,0.073819794843624109
W05,4,4.1000000000000005,-0.075288146871524297,0.075288146871524297,0.073442825467228801
W05,4.1000000000000005,4.2000000000000002,-0.074945983612272116,0.074945983612272116,0.073063756815261449
W05,4.2000000000000002,4.2999999999999998,-0.074601931052380444,0.074601931052380444,0.072682788579658819
W05,4.2999999999999998,4.4000000000000004,-0.074256168856848159,0.074256168856848159,0.072300118393575641
W05,4.4000000000000004,4.5,-0.073908876862350592,0.073908876862350592,0.071915940368403763
W05,4.5,4.6000000000000005,-0.073560234042889139,0.073560234042889139,0.071530443595127835
W05,4.6000000000000005,4.7000000000000002,-0.073210417449161014,0.073210417449161014,0.071143810621165926
W05,4.7000000000000002,4.8000000000000007,-0.072859601129442009,0.072859601129442009,0.070756215913051257
W05,4.8000000000000007,4.9000000000000004,-0.072507955040310268,0.072507955040310268,0.070367824315769489
W05,4.9000000000000004,5,-0.072155643955036819,0.072155643955036819,0.069978789518341245
W05,5,5.1000000000000005,-0.071802826377556972,0.071802826377556972,0.069589252534688839
W05,5.1000000000000005,5.2000000000000002,-0.071449653469301655,0.071449653469301655,0.069199340207677373
W05,5.2000000000000002,5.3000000000000007,-0.071096267995595319,0.071096267995595319,0.068809163742511004
W05,5.3000000000000007,5.4000000000000004,-0.070742803297684453,0.070742803297684453,0.068418817274673138
W05,5.4000000000000004,5.5,-0.070389382295409586,0.070389382295409586,0.068028376475099073
W05,5.5,5.6000000000000005,-0.070036116524547776,0.070036116524547776,0.067637897193935537
W05,5.6000000000000005,5.7000000000000002,-0.069683105211840068,0.069683105211840068,0.067247414141775153
W05,5.7000000000000002,5.8000000000000007,-0.069330434389218265,0.069330434389217377,0.066856939605293597
W05,5.8000000000000007,5.9000000000000004,-0.068978176047797213,0.068978176047797213,0.066466462192024345
W05,5.9000000000000004,6,-0.068626387330650296,0.068626387330650296,0.066075945596608676
W05,6,6.1000000000000005,-0.068275109761951391,0.068275109761951391,0.065685327378849578
W05,6.1000000000000005,6.2000000000000002,-0.067924368509103772,0.067924368509103772,0.065294517741593339
W05,6.2000000000000002,6.3000000000000007,-0.067574171672701411,0.067574171672701411,0.064903398294426928
W05,6.3000000000000007,6.4000000000000004,-0.067224509598148963,0.067224509598148963,0.064511820786893104
W05,6.4000000000000004,6.5,-0.066875354201464177,0.066875354201464177,0.064119605793393042
W05,6.5,6.6000000000000005,-0.066526658300483987,0.066526658300483987,0.063726541329445219
W05,6.6000000000000005,6.7000000000000002,-0.066178354941664352,0.066178354941664352,0.063332381377657399
W05,6.7000000000000002,6.8000000000000007,-0.065830356711670035,0.065830356711670035,0.062936844299800399
W05,6.8000000000000007,6.9000000000000004,-0.065482555021518785,0.065482555021518785,0.062539611109706073
W05,6.9000000000000004,7,-0.065134819350734396,0.065134819350734396,0.062140323580146983
W05,7,7.1000000000000005,-0.064786996437308453,0.064786996437308453,0.061738582155404842
W05,7.1000000000000005,7.2000000000000002,-0.064438909399096467,0.064438909399096467,0.061333943639745314
W05,7.2000000000000002,7.3000000000000007,-0.064090356770790002,0.064090356770790002,0.060925918630802656
W05,7.3000000000000007,7.4000000000000004,-0.063741111440223541,0.063741111440223541,0.06051396866548675
W05,7.4000000000000004,7.5,-0.063390919466895568,0.063390919466895568,0.060097503045462908
W05,7.5,7.6000000000000005,-0.063039498764540625,0.063039498764540625,0.059675875308226267
W05,7.6000000000000005,7.7000000000000002,-0.062686537629278227,0.062686537629278227,0.059248379309858379
W05,7.7000000000000002,7.8000000000000007,-0.062331693093832463,0.062331693093832463,0.058814244885782685
W05,7.8000000000000007,7.9000000000000004,-0.061974589087708587,0.061974589087708587,0.058372633057163448
W05,7.9000000000000004,8,-0.061614814383010419,0.061614814383010419,0.05792263075323234
W05,8,8.0999999999999996,-0.061251920304679963,0.061251920304679963,0.0574632450299708
W05,8.0999999999999996,8.2000000000000011,-0.060885418184994933,0.060885418184994933,0.056993396734576152
W05,8.2000000000000011,8.3000000000000007,-0.060514776540164128,0.060514776540164128,0.056511913665024949
W05,8.3000000000000007,8.4000000000000004,-0.060139417950381358,0.060139417950381358,0.056017523179630047
W05,8.4000000000000004,8.5,-0.059758715625261694,0.059758715625261694,0.055508844285265369
W05,8.5,8.5999999999999996,-0.059371989638489886,0.059371989638489886,0.05498437926471933
W05,8.5999999999999996,8.7000000000000011,-0.058978502820357548,0.058978502820357548,0.054442504916885959
W05,8.7000000000000011,8.8000000000000007,-0.058577456302439046,0.058577456302439046,0.053881463535349283
W05,8.8000000000000007,8.9000000000000004,-0.058167984717464094,0.058167984717464094,0.053299353809048711
W05,8.9000000000000004,9,-0.057749151068298588,0.057749151068298588,0.052694121903918756
W05,9,9.0999999999999996,-0.057319941296261945,0.057319941296261945,0.052063553080595959
W05,9.0999999999999996,9.2000000000000011,-0.056879258599177085,0.056879258599177085,0.051405264324713151
W05,9.2000000000000011,9.3000000000000007,-0.05642591757723725,0.05642591757723725,0.050716698617600642
W05,9.3000000000000007,9.4000000000000004,-0.055958638319976828,0.055958638319976828,0.049995121661215336
W05,9.4000000000000004,9.5,-0.055476040592763454,0.055476040592763454,0.04923762209531013
W05,9.5,9.6000000000000014,-0.054976638338197326,0.054976638338197326,0.048441116511550142
W05,9.6000000000000014,9.7000000000000011,-0.054458834778650989,0.054458834778650989,0.047602360876568106
W05,9.7000000000000011,9.8000000000000007,-0.053920918492757153,0.053920918492757153,0.046717970321242142
W05,9.8000000000000007,9.9000000000000004,-0.053361060942876293,0.053361060942876293,0.045784449624037826
W05,9.9000000000000004,10,-0.052777316053376211,0.052777316053376211,0.044798237089612059
W05,10,10.100000000000001,-0.052167622580171269,0.052167622580171269,0.043755764863178115
W05,10.100000000000001,10.200000000000001,-0.051529810168307932,0.051529810168307932,0.042653538968314919
W05,10.200000000000001,10.300000000000001,-0.050861610160208848,0.050861610160208848,0.041488242427671906
W05,10.300000000000001,10.4,-0.050160672380129334,0.050160672380129334,0.04025686462601108
W05,10.4,10.5,-0.049424589274591924,0.049424589274591924,0.038956859351421791
W05,10.5,10.600000000000001,-0.048650928875780153,0.048650928875780153,0.037586332890659158
W05,10.600000000000001,10.700000000000001,-0.047837278092959679,0.047837278092959679,0.036144261358559859
W05,10.700000000000001,10.800000000000001,-0.046981297740034123,0.046981297740034123,0.034630733553678184
W05,10.800000000000001,10.9,-0.046080790426678675,0.046080790426678675,0.033047211729948955
W05,10.9,11,-0.045133781937925832,0.045133781937925832,0.031396797679612121
W05,11,11.100000000000001,-0.044138615931149872,0.044138615931149872,0.0296844858894314
W05,11.100000000000001,11.200000000000001,-0.04309406065659438,0.04309406065659438,0.027917379732819825
W05,11.200000000000001,11.300000000000001,-0.041999424950101449,0.041999424950101449,0.026104841625570252
W05,11.300000000000001,11.4,-0.040854679005286165,0.040854679005286165,0.024258545057608494
W05,11.4,11.5,-0.039660573530705179,0.039660573530705179,0.022392396881798504
W05,11.5,11.600000000000001,-0.038418749048809708,0.038418749048809708,0.020522303593494939
W05,11.600000000000001,11.700000000000001,-0.037131825600499546,0.037131825600499546,0.018665766490281399
W05,11.700000000000001,11.800000000000001,-0.035803462340977532,0.035803462340977532,0.016841307511053394
W05,11.800000000000001,11.9,-0.034438376816930294,0.034438376816930294,0.015067748792854552
W05,11.9,12,-0.033042315382211918,0.033042315382211918,0.013363391615812681
W05,12,12.100000000000001,-0.031621969344186596,0.031621969344186596,0.011745160300777435
W05,12.100000000000001,12.200000000000001,-0.030184835875603611,0.030184835875603611,0.010227789285451649
W05,12.200000000000001,12.300000000000001,-0.028739028020738466,0.028739028020738466,0.008823133362646729
W05,12.300000000000001,12.4,-0.027293043552687912,0.027293043552687912,0.0075396702730721188
W05,12.4,12.5,-0.025855507148060397,0.025855507148060397,0.0063822426365982565
W05,12.5,12.600000000000001,-0.02443490352492006,0.02443490352492006,0.0053520564342308674
W05,12.600000000000001,12.700000000000001,-0.023039320267830732,0.023039320267830732,0.0044469215752149793
W05,12.700000000000001,12.800000000000001,-0.021676217844609269,0.021676217844609269,0.0036616924482890667
W05,12.800000000000001,12.9,-0.020352241041557306,0.020352241041557306,0.0029888474474297766
W05,12.9,13,-0.019073081304362027,0.019073081304362027,0.002419138621945649
W05,13,13.100000000000001,-0.017843394084860797,0.017843394084860797,0.0019422455555133666
W05,13.100000000000001,13.200000000000001,-0.016666770090242977,0.016666770090242977,0.0015473789312618891
W05,13.200000000000001,13.300000000000001,-0.015545754996318273,0.015545754996318273,0.0012237954464993095
W05,13.300000000000001,13.4,-0.01448190914342451,0.01448190914342451,0.00096120316046111043
W05,13.4,13.5,-0.013475897123402802,0.013475897123402802,0.00075005206150624559
W05,13.5,13.600000000000001,-0.012527596878726399,0.012527596878726399,0.00058171681300489553
W05,13.600000000000001,13.700000000000001,-0.011636218694815348,0.011636218694815348,0.00044858659917146326
W05,13.700000000000001,13.800000000000001,-0.010800425924277768,0.010800425924277768,0.00034408096195726046
W05,13.800000000000001,13.9,-0.010018451088387614,0.010018451088387614,0.00026261126198168228
W05,13.9,14,-0.0092882028681229301,0.0092882028681229301,0.00019950589337280888
W05,14,14.100000000000001,-0.0086073612145529665,0.0086073612145529665,0.00015091458652793932
W05,14.100000000000001,14.200000000000001,-0.0079734592541065297,0.0079734592541065297,0.00011370382245790012
W05,14.200000000000001,14.300000000000001,-0.0073839517854610293,0.0073839517854610293,8.5352112268566316e-05
W05,14.300000000000001,14.4,-0.0068362709649116837,0.0068362709649116837,6.3850997706893509e-05
W05,14.4,14.5,-0.0063278702900699813,0.0063278702900699813,4.7615264191946949e-05
W05,14.5,14.600000000000001,-0.0058562582720771417,0.0058562582720771417,3.5404057113552767e-05
W05,14.600000000000001,14.700000000000001,-0.005419023287992708,0.005419023287992708,2.625331221661753e-05
W05,14.700000000000001,14.800000000000001,-0.0050138510833805938,0.0050138510833805938,1.9419068413739637e-05
W05,14.800000000000001,14.9,-0.0046385362926200102,0.0046385362926200102,1.4330731169742705e-05
W05,14.9,15,-0.004290989197449413,0.004290989197449413,1.0553106081445662e-05
W05,15,15.100000000000001,-0.0039692387787830796,0.0039692387787830796,7.7559475624155994e-06
W05,15.100000000000001,15.200000000000001,-0.0036714329492646414,0.0036714329492646414,5.6898040661224059e-06
W05,15.200000000000001,15.300000000000001,-0.0033958366972051124,0.0033958366972051124,4.1670429329343506e-06
W05,15.300000000000001,15.4,-0.0031408287310501493,0.0031408287310501493,3.0470711287478025e-06
W05,15.4,15.5,-0.0029048970913603256,0.0029048970913603256,2.2249110234184855e-06
W05,15.5,15.600000000000001,-0.0026866340936830824,0.0026866340936830824,1.6224289662858382e-06
W05,15.600000000000001,15.700000000000001,-0.0024847308807833812,0.0024847308807833812,1.1816412115450703e-06
W05,15.700000000000001,15.800000000000001,-0.0022979717933280241,0.0022979717933280241,8.596328697763056e-07
W05,15.800000000000001,15.9,-0.0021252287132353942,0.0021252287132353942,6.2471981188139125e-07
W05,15.9,16,-0.0019654554908035138,0.0019654554908035138,4.5356237343696648e-07
W05,16,16.100000000000001,-0.0018176825329430102,0.0018176825329430102,3.2900322199935772e-07
W05,16.100000000000001,16.199999999999999,-0.0016810116046848123,0.0016810116046848123,2.3845376251330208e-07
W05,16.199999999999999,16.300000000000001,-0.0015546108766555378,0.0015546108766555378,1.7269363183913811e-07
W05,16.300000000000001,16.400000000000002,-0.0014377102366651684,0.0014377102366651684,1.2498035406593999e-07
W05,16.400000000000002,16.5,-0.0013295968736253272,0.0013295968736253272,9.0390689599928464e-08
W05,16.5,16.600000000000001,-0.001229611133780395,0.001229611133780395,6.5334658572169246e-08
W05,16.600000000000001,16.699999999999999,-0.0011371426446853405,0.0011371426446853405,4.7197759478478929e-08
W05,16.699999999999999,16.800000000000001,-0.0010516266979507805,0.0010516266979507805,3.4078095900724747e-08
W05,16.800000000000001,16.900000000000002,-0.00097254088026765828,0.00097254088026765828,2.4593608927148125e-08
W05,16.900000000000002,17,-0.00089940194014381802,0.00089940194014381802,1.7740992674930567e-08
W05,17,17.100000000000001,-0.0008317628773708563,0.0008317628773708563,1.2792540360351268e-08
W05,17.100000000000001,17.199999999999999,-0.00076921024203358002,0.00076921024203358002,9.2208765067880449e-09
W05,17.199999999999999,17.300000000000001,-0.00071136162970386607,0.00071136162970386607,6.6441057100519174e-09
W05,17.300000000000001,17.400000000000002,-0.00065786335998474499,0.00065786335998474499,4.7858739193884503e-09
W05,17.400000000000002,17.5,-0.0006083883260084022,0.0006083883260084022,3.4463285558672396e-09
W05,17.5,17.600000000000001,-0.00056263400296874266,0.00056263400296874266,2.4810269394492934e-09
W05,17.600000000000001,17.699999999999999,-0.00052032060450812878,0.00052032060450812878,1.7856489620271532e-09
W05,17.699999999999999,17.800000000000001,-0.00048118937632501968,0.00048118937632501968,1.2848708763613104e-09
W05,17.800000000000001,17.900000000000002,-0.00044500101713396134,0.00044500101713396134,9.2433438680927793e-10
W05,17.900000000000002,18,-0.00041153421758011177,0.00041153421758011177,6.6482730431971504e-10
W05,18,18.100000000000001,-0.0003805843085604721,0.0003805843085604721,4.7808956793460311e-10
W05,18.100000000000001,18.199999999999999,-0.00035196201073262046,0.00035196201073262046,3.4374725288444097e-10
W05,18.199999999999999,18.300000000000001,-0.00032549227792344482,0.00032549227792344482,2.4711521717790674e-10
W05,18.300000000000001,18.400000000000002,-0.00030101322712816625,0.00030101322712816625,1.7761969672847044e-10
W05,18.400000000000002,18.5,-0.00027837514901918325,0.00027837514901918325,1.276543315498202e-10
W05,18.5,18.600000000000001,-0.0002574395926355777,0.0002574395926355777,9.1729290829789534e-11
W05,18.600000000000001,18.699999999999999,-0.00023807851890289555,0.00023807851890289555,6.5904615098588692e-11
W05,18.699999999999999,18.800000000000001,-0.00022017351772163352,0.00022017351772163352,4.7347015197374276e-11
W05,18.800000000000001,18.900000000000002,-0.00020361508391886218,0.00020361508391886218,3.4019898009773897e-11
W05,18.900000000000002,19,-0.00018830194760877106,0.00018830194760877106,2.4426682898592844e-11
W05,19,19.100000000000001,-0.00017414045492003538,0.00017414045492003538,1.7540635610657773e-11
W05,19.100000000000001,19.200000000000003,-0.00016104399521932322,0.00016104399521932322,1.2605916310803877e-11
W05,19.200000000000003,19.300000000000001,-0.00014893247149139199,0.00014893247149139199,9.056755345682177e-12
W05,19.300000000000001,19.400000000000002,-0.00013773181045984018,0.00013773181045984018,6.5130123516610183e-12
W05,19.400000000000002,19.5,-0.00012737350959923788,0.00012737350959923788,4.666489417104458e-12
W05,19.5,19.600000000000001,-0.00011779421817781355,0.00011779421817781355,3.354649891207373e-12
W05,19.600000000000001,19.700000000000003,-0.00010893534979938835,0.00010893534979938835,2.4087398742267396e-12
W05,19.700000000000003,19.800000000000001,-0.00010074272415394603,0.00010074272415394603,1.7283952047364437e-12
W05,19.800000000000001,19.900000000000002,-9.3166235602737402e-05,9.3166235602737402e-05,1.2416734307407751e-12
W05,19.900000000000002,20,-8.6159546770936402e-05,8.6159546770936402e-05,8.9173113337892573e-13
W06,0,0.10000000000000001,-0.0043233672693613126,0.0043233672693613152,0.10473161886990934
W06,0.10000000000000001,0.20000000000000001,-0.011453751240302991,0.011453751240302991,0.09825409054344969
W06,0.20000000000000001,0.30000000000000004,-0.017276771850870377,0.017276771850870388,0.092563830641275324
W06,0.30000000000000004,0.40000000000000002,-0.022237714724794792,0.022237714724794778,0.087570275313600565
W06,0.40000000000000002,0.5,-0.026528971483197536,0.026528971483197536,0.083207386031633135
W06,0.5,0.60000000000000009,-0.030264580507597755,0.030264580507597755,0.079418829012200653
W06,0.60000000000000009,0.70000000000000007,-0.033526243778173703,0.033526243778173703,0.076152967855493858
W06,0.70000000000000007,0.80000000000000004,-0.036379713059801921,0.036379713059801921,0.07336105284827088
W06,0.80000000000000004,0.90000000000000002,-0.038880964700591825,0.038880964700591769,0.070996636355161624
W06,0.90000000000000002,1,-0.041078711035795357,0.041078711035795412,0.069015453542628613
W06,1,1.1000000000000001,-0.04301559550555123,0.04301559550555123,0.067375483260474822
W06,1.1000000000000001,1.2000000000000002,-0.044728911865997367,0.044728911865997367,0.066037076972223052
W06,1.2000000000000002,1.3,-0.046251148166168932,0.046251148166168876,0.064963098907965922
W06,1.3,1.4000000000000001,-0.047610460077106787,0.047610460077106842,0.064119050394496835
W06,1.4000000000000001,1.5,-0.048831108777741994,0.048831108777741994,0.063473163135127519
W06,1.5,1.6000000000000001,-0.049933872932554024,0.049933872932554024,0.062996456808143142
W06,1.6000000000000001,1.7000000000000002,-0.050936438815291085,0.050936438815291085,0.062662750533839962
W06,1.7000000000000002,1.8,-0.051853767537625828,0.051853767537625606,0.062448628139727624
W06,1.8,1.9000000000000001,-0.052698437200758175,0.052698437200758175,0.062333361797183739
W06,1.9000000000000001,2,-0.053480959404648143,0.053480959404648143,0.062298795320150147
W06,2,2.1000000000000001,-0.054210068911807463,0.054210068911807463,0.062329193574207853
W06,2.1000000000000001,2.2000000000000002,-0.054892985827105889,0.054892985827105889,0.062411065424811341
W06,2.2000000000000002,2.3000000000000003,-0.055535650031029116,0.055535650031029116,0.062532969090355994
W06,2.3000000000000003,2.4000000000000004,-0.056142928768957212,0.056142928768957212,0.0626853061801671
W06,2.4000000000000004,2.5,-0.056718798366154566,0.056718798366154344,0.06286011179224138
W06,2.5,2.6000000000000001,-0.057266501111716606,0.057266501111716606,0.063050848938260184
W06,2.6000000000000001,2.7000000000000002,-0.057788679492339234,0.057788679492339234,0.063252210938183673
W06,2.7000000000000002,2.8000000000000003,-0.058287489645368895,0.058287489645368895,0.063459936499326908
W06,2.8000000000000003,2.9000000000000004,-0.058764696121402338,0.058764696121402338,0.063670640669990952
W06,2.9000000000000004,3,-0.059221750123692241,0.059221750123692241,0.063881663607653127
W06,3,3.1000000000000001,-0.059659853479040681,0.059659853479040681,0.064090937447575325
W06,3.1000000000000001,3.2000000000000002,-0.060080010415680452,0.060080010415680896,0.06429687101112691
W06,3.2000000000000002,3.3000000000000003,-0.060483068861849176,0.060483068861849176,0.064498252619193064
W06,3.3000000000000003,3.4000000000000004,-0.060869753234162882,0.060869753234162882,0.064694168628413706
W06,3.4000000000000004,3.5,-0.061240690197574166,0.061240690197574166,0.064883936335183634
W06,3.5,3.6000000000000001,-0.061596428662557434,0.061596428662557434,0.065067049923557274
W06,3.6000000000000001,3.7000000000000002,-0.061937455232179861,0.061937455232179861,0.065243137375301963
W06,3.7000000000000002,3.8000000000000003,-0.062264206079319706,0.062264206079319706,0.065411926488290195
W06,3.8000000000000003,3.9000000000000004,-0.062577076039796786,0.062577076039796786,0.065573218396904664
W06,3.9000000000000004,4,-0.062876425478397557,0.062876425478397557,0.065726867650861998
W06,4,4.1000000000000005,-0.063162585555413431,0.063162585555413431,0.065872767020954903
W06,4.1000000000000005,4.2000000000000002,-0.0634358622907778,0.0634358622907778,0.066010835913837607
W06,4.2000000000000002,4.2999999999999998,-0.063696539614256587,0.063696539614256587,0.066141012223468021
W06,4.2999999999999998,4.4000000000000004,-0.063944881775720663,0.063944881775720663,0.066263246232809436
W06,4.4000000000000004,4.5,-0.064181135257390221,0.064181135257390221,0.066377496129678804
W06,4.5,4.6000000000000005,-0.064405530297848124,0.064405530297848124,0.06648372483826348
W06,4.6000000000000005,4.7000000000000002,-0.064618282120739501,0.064618282120739501,0.066581897907045828
W06,4.7000000000000002,4.8000000000000007,-0.064819591987948399,0.064819591987948399,0.066671981939350644
W06,4.8000000000000007,4.9000000000000004,-0.065009648130012643,0.065009648130012643,0.066753943308515584
W06,4.9000000000000004,5,-0.065188626495719326,0.065188626495719326,0.066827747600943788
W06,5,5.1000000000000005,-0.065356691468171135,0.065356691468171135,0.066893359075847147
W06,5.1000000000000005,5.2000000000000002,-0.065513996532203578,0.065513996532203578,0.066950740158359334
W06,5.2000000000000002,5.3000000000000007,-0.065660684848094064,0.065660684848094064,0.066999851289532231
W06,5.3000000000000007,5.4000000000000004,-0.065796889805608494,0.065796889805608494,0.067040650799071067
W06,5.4000000000000004,5.5,-0.065922735560560497,0.065922735560560497,0.067073094751335383
W06,5.5,5.6000000000000005,-0.066038337545532677,0.066038337545532677,0.067097136806804958
W06,5.6000000000000005,5.7000000000000002,-0.066143802928692708,0.066143802928692708,0.067112728313715397
W06,5.7000000000000002,5.8000000000000007,-0.066239231082604988,0.066239231082604988,0.067119818316784929
W06,5.8000000000000007,5.9000000000000004,-0.066324714065936874,0.066324714065936874,0.067118353369517436
W06,5.9000000000000004,6,-0.066400337023991174,0.066400337023991174,0.067108277760521418
W06,6,6.1000000000000005,-0.06646617863075388,0.06646617863075388,0.067089533529938628
W06,6.1000000000000005,6.2000000000000002,-0.066522311524418676,0.066522311524418676,0.06706206042437568
W06,6.2000000000000002,6.3000000000000007,-0.066568802710934349,0.066568802710934349,0.067025795987937897
W06,6.3000000000000007,6.4000000000000004,-0.066605713963527879,0.066605713963527879,0.066980675683802282
W06,6.4000000000000004,6.5,-0.066633102231086649,0.066633102231086649,0.06692663293103962
W06,6.5,6.6000000000000005,-0.066651020045414011,0.066651020045414011,0.066863599049607814
W06,6.6000000000000005,6.7000000000000002,-0.066659515882176557,0.066659515882176557,0.066791503447076295
W06,6.7000000000000002,6.8000000000000007,-0.066658634545059492,0.066658634545059492,0.066710273661480635
W06,6.8000000000000007,6.9000000000000004,-0.066648417556038009,0.066648417556038009,0.066619835201068511
W06,6.9000000000000004,7,-0.066628903479940771,0.066628903479940771,0.066520111677021987
W06,7,7.1000000000000005,-0.066600128269678205,0.066600128269678205,0.066411024747777603
W06,7.1000000000000005,7.2000000000000002,-0.066562125593829347,0.066562125593829347,0.0662924939471079
W06,7.2000000000000002,7.3000000000000007,-0.066514927127134804,0.066514927127134804,0.066164436495443013
W06,7.3000000000000007,7.4000000000000004,-0.06645856279981821,0.06645856279981821,0.066026767145697107
W06,7.4000000000000004,7.5,-0.066393061027925526,0.066393061027925526,0.065879397849936794
W06,7.5,7.6000000000000005,-0.066318448911053096,0.066318448911053096,0.065722237140471762
W06,7.6000000000000005,7.7000000000000002,-0.066234752326977286,0.066234752326977286,0.065555189720738483
W06,7.7000000000000002,7.8000000000000007,-0.066141996000942171,0.066141996000942171,0.065378155711887764
W06,7.8000000000000007,7.9000000000000004,-0.066040203501604111,0.066040203501604111,0.065191029590210725
W06,7.9000000000000004,8,-0.065929397116036625,0.065929397116036625,0.064993699102974034
W06,8,8.0999999999999996,-0.065809597632453531,0.065809597632453531,0.064786043900541657
W06,8.0999999999999996,8.2000000000000011,-0.06568082400786146,0.06568082400786146,0.064567933798840293
W06,8.2000000000000011,8.3000000000000007,-0.065543092895481436,0.065543092895481436,0.064339226606059619
W06,8.3000000000000007,8.4000000000000004,-0.0653964179791231,0.0653964179791231,0.064099765821020505
W06,8.4000000000000004,8.5,-0.065240809148797041,0.065240809148797041,0.063849377745343716
W06,8.5,8.5999999999999996,-0.065076271475524194,0.065076271475524194,0.063587867870462667
W06,8.5999999999999996,8.7000000000000011,-0.064902803904758777,0.064902803904758777,0.063315017027399279
W06,8.7000000000000011,8.8000000000000007,-0.06472039770883864,0.06472039770883864,0.063030576722045595
W06,8.8000000000000007,8.9000000000000004,-0.064529034636336746,0.064529034636336746,0.062734263667307388
W06,8.9000000000000004,9,-0.064328684719942686,0.064328684719942686,0.062425753415793039
W06,9,9.0999999999999996,-0.064119303685114204,0.064119303685114204,0.062104673268181365
W06,9.0999999999999996,9.2000000000000011,-0.063900829957673544,0.063900829957673544,0.061770593985275291
W06,9.2000000000000011,9.3000000000000007,-0.063673181214375596,0.063673181214375596,0.061423020029340414
W06,9.3000000000000007,9.4000000000000004,-0.063436250371792013,0.063436250371792013,0.06106137885863383
W06,9.4000000000000004,9.5,-0.063189901025601181,0.063189901025601181,0.060685008488705172
W06,9.5,9.6000000000000014,-0.062933962246117581,0.062933962246117581,0.060293143315053754
W06,9.6000000000000014,9.7000000000000011,-0.062668222665512197,0.062668222665512197,0.059884897885860155
W06,9.7000000000000011,9.8000000000000007,-0.062392423750522674,0.062392423750522674,0.059459248838718892
W06,9.8000000000000007,9.9000000000000004,-0.062106252220536007,0.062106252220536007,0.059015014234596208
W06,9.9000000000000004,10,-0.061809331497865827,0.061809331497865827,0.058550830011363075
W06,10,10.100000000000001,-0.061477435354420074,0.061477435354420074,0.057589918809000551
W06,10.100000000000001,10.200000000000001,-0.061062358395787442,0.061062358395787442,0.056374249876920857
W06,10.200000000000001,10.300000000000001,-0.060589911344837155,0.060589911344837155,0.055363240313178075
W06,10.300000000000001,10.4,-0.060080576931202501,0.060080576931202501,0.054450040367215458
W06,10.4,10.5,-0.059545502928649796,0.059545502928649796,0.053578125701072565
W06,10.5,10.600000000000001,-0.058990424996034463,0.058990424996034463,0.052715810667129048
W06,10.600000000000001,10.700000000000001,-0.058417999434455581,0.058417999434455581,0.051844337874351609
W06,10.700000000000001,10.800000000000001,-0.05782910920841644,0.05782910920841644,0.050951823918190087
W06,10.800000000000001,10.9,-0.05722358236126901,0.05722358236126901,0.050030075586320777
W06,10.9,11,-0.056600589286545322,0.056600589286545322,0.049072888267494008
W06,11,11.100000000000001,-0.055958865247952794,0.055958865247952794,0.048075132249360664
W06,11.100000000000001,11.200000000000001,-0.05529683752819281,0.05529683752819281,0.04703226873484212
W06,11.200000000000001,11.300000000000001,-0.05461270069165991,0.05461270069165991,0.045940107918886142
W06,11.300000000000001,11.4,-0.053904464274019404,0.053904464274019404,0.044794710086197398
W06,11.4,11.5,-0.053169986922466883,0.053169986922466883,0.04359237738646371
W06,11.5,11.600000000000001,-0.052407005435304299,0.052407005435304299,0.042329709054893527
W06,11.600000000000001,11.700000000000001,-0.051613164146559143,0.051613164146559143,0.041003705790410017
W06,11.700000000000001,11.800000000000001,-0.050786048442447829,0.050786048442447829,0.039611915764925065
W06,11.800000000000001,11.9,-0.049923225257938242,0.049923225257938242,0.038152617427963165
W06,11.9,12,-0.049022292806878198,0.049022292806878198,0.036625034356655206
W06,12,12.100000000000001,-0.048080941310246317,0.048080941310246317,0.035029575599031304
W06,12.100000000000001,12.200000000000001,-0.047097025948945159,0.047097025948945159,0.033368091613509065
W06,12.200000000000001,12.300000000000001,-0.046068652568610702,0.046068652568610702,0.031644131370942574
W06,12.300000000000001,12.4,-0.044994275720243948,0.044994275720243948,0.029863180917388377
W06,12.4,12.5,-0.043872807387934643,0.043872807387934643,0.028032858400121263
W06,12.5,12.600000000000001,-0.042703733229541463,0.042703733229541463,0.026163036242248694
W06,12.600000000000001,12.700000000000001,-0.041487231402430602,0.041487231402430602,0.024265859097200249
W06,12.700000000000001,12.800000000000001,-0.040224287202924813,0.040224287202924813,0.022355627841520231
W06,12.800000000000001,12.9,-0.038916795044361407,0.038916795044361407,0.02044852643139361
W06,12.9,13,-0.037567638039003093,0.037567638039003093,0.018562180643549198
W06,13,13.100000000000001,-0.036180734984568197,0.036180734984568197,0.016715055211635743
W06,13.100000000000001,13.200000000000001,-0.034761045218073328,0.034761045218073328,0.01492571696047662
W06,13.200000000000001,13.300000000000001,-0.033314523817375097,0.033314523817375097,0.013212013136186584
W06,13.300000000000001,13.4,-0.031848023037741591,0.031848023037741591,0.011590232138229517
W06,13.4,13.5,-0.030369140440508424,0.030369140440508424,0.010074324063720219
W06,13.5,13.600000000000001,-0.028886019392848183,0.028886019392848183,0.0086752576859066011
W06,13.600000000000001,13.700000000000001,-0.027407112761698826,0.027407112761698826,0.0074005776315857474
W06,13.700000000000001,13.800000000000001,-0.02594092486804378,0.02594092486804378,0.00625420220959505
W06,13.800000000000001,13.9,-0.024495749373807385,0.024495749373807385,0.0052364726754792201
W06,13.9,14,-0.023079421271974709,0.023079421271974709,0.004344434279762055
W06,14,14.100000000000001,-0.021699099450623649,0.021699099450623649,0.0035723038353054903
W06,14.100000000000001,14.200000000000001,-0.020361092719398677,0.020361092719398677,0.0029120619243947488
W06,14.200000000000001,14.300000000000001,-0.019070737358815926,0.019070737358815926,0.0023541020891002518
W06,14.300000000000001,14.4,-0.017832328979958234,0.017832328979958234,0.0018878737746454988
W06,14.4,14.5,-0.01664910654916163,0.01664910654916163,0.0015024678788027046
W06,14.5,14.600000000000001,-0.015523282452313936,0.015523282452313936,0.0011871100053220118
W06,14.600000000000001,14.700000000000001,-0.014456109800214278,0.014456109800214278,0.00093154346522883458
W06,14.700000000000001,14.800000000000001,-0.013447976892093649,0.013447976892093649,0.00072629901864385005
W06,14.800000000000001,14.9,-0.012498518713861984,0.012498518713861984,0.00056285969800295987
W06,14.9,15,-0.011606736263036765,0.011606736263036765,0.00043373627610954202
W06,15,15.100000000000001,-0.010771116018659654,0.010771116018659654,0.00033247233898059392
W06,15.100000000000001,15.200000000000001,-0.0099897436809239792,0.0099897436809239792,0.00025359828312065957
W06,15.200000000000001,15.300000000000001,-0.0092604081245113434,0.0092604081245113434,0.00019255184472655174
W06,15.300000000000001,15.4,-0.0085806931526555275,0.0085806931526555275,0.0001455798989464796
W06,15.4,15.5,-0.007948056001171544,0.007948056001171544,0.00010963297585142584
W06,15.5,15.600000000000001,-0.0073598925822562222,0.0073598925822562222,8.2260741216089173e-05
W06,15.600000000000001,15.700000000000001,-0.0068135901875612248,0.0068135901875612248,6.1513887978037474e-05
W06,15.700000000000001,15.800000000000001,-0.0063065688268757469,0.0063065688268757469,4.5855617626600065e-05
W06,15.800000000000001,15.9,-0.0058363126159299838,0.0058363126159299838,3.408417861550106e-05
W06,15.9,16,-0.0054003926996344376,0.0054003926996344376,2.5266722802896879e-05
W06,16,16.100000000000001,-0.0049964831561268852,0.0049964831561268852,1.8683955931741991e-05
W06,16.100000000000001,16.199999999999999,-0.0046223712142445805,0.0046223712142445805,1.3784600246147249e-05
W06,16.199999999999999,16.300000000000001,-0.004275962965971658,0.0042759629659698817,1.0148467803006156e-05
W06,16.300000000000001,16.400000000000002,-0.003955285589238855,0.003955285589238855,7.4568881016645605e-06
W06,16.400000000000002,16.5,-0.0036584869317470847,0.0036584869317470847,5.469281008529947e-06
W06,16.5,16.600000000000001,-0.0033838331530935406,0.0033838331530935406,4.0047742118076712e-06
W06,16.600000000000001,16.699999999999999,-0.0031297049854863701,0.0031297049854863701,2.9278997448756172e-06
W06,16.699999999999999,16.800000000000001,-0.0028945930556769639,0.0028945930556769639,2.1375472005757956e-06
W06,16.800000000000001,16.900000000000002,-0.0026770926113055538,0.0026770926113055538,1.5584886652320051e-06
W06,16.900000000000002,17,-0.0024758979134968939,0.0024758979134968939,1.1349153989925753e-06
W06,17,17.100000000000001,-0.0022897964917429903,0.0022897964917429903,8.2553480851288441e-07
W06,17.100000000000001,17.199999999999999,-0.0021176634049231424,0.0021176634049231424,5.998690149056074e-07
W06,17.199999999999999,17.300000000000001,-0.0019584556109757401,0.0019584556109757401,4.354726304001133e-07
W06,17.300000000000001,17.400000000000002,-0.001811206516773467,0.001811206516773467,3.1584958026797949e-07
W06,17.400000000000002,17.5,-0.0016750207549662832,0.0016750207549662832,2.2889905171297187e-07
W06,17.5,17.600000000000001,-0.0015490692169723985,0.0015490692169723985,1.6575966554910337e-07
W06,17.600000000000001,17.699999999999999,-0.0014325843575671016,0.0014325843575671016,1.1995265225550611e-07
W06,17.699999999999999,17.800000000000001,-0.0013248557768568148,0.0013248557768568148,8.6748103811373767e-08
W06,17.800000000000001,17.900000000000002,-0.0012252260783736091,0.0012252260783736091,6.2697543157241853e-08
W06,17.900000000000002,18,-0.0011330869972088209,0.0011330869972088209,4.5289874073262126e-08
W06,18,18.100000000000001,-0.0010478757887080192,0.0010478757887080192,3.2698658891661125e-08
W06,18.100000000000001,18.199999999999999,-0.00096907186630446063,0.00096907186630446063,2.3596834708428105e-08
W06,18.199999999999999,18.300000000000001,-0.00089619367569415687,0.00089619367569415687,1.70211098549089e-08
W06,18.300000000000001,18.400000000000002,-0.00082879579190997532,0.00082879579190997532,1.2272892035980476e-08
W06,18.400000000000002,18.5,-0.00076646622593834479,0.00076646622593834479,8.8459355396253159e-09
W06,18.5,18.600000000000001,-0.00070882392740667655,0.00070882392740667655,6.3736909083900173e-09
W06,18.600000000000001,18.699999999999999,-0.00065551647029238325,0.00065551647029238325,4.5909231971563713e-09
W06,18.699999999999999,18.800000000000001,-0.00060621790938064635,0.00060621790938064635,3.3058320525469753e-09
W06,18.800000000000001,18.900000000000002,-0.00056062679530022308,0.00056062679530022308,2.3798163439892051e-09
W06,18.900000000000002,19,-0.00051846433705815542,0.00051846433705815542,1.7127579354792033e-09
W06,19,19.100000000000001,-0.00047947270148451793,0.00047947270148451793,1.2323901898980694e-09
W06,19.100000000000001,19.200000000000003,-0.00044341343957476909,0.00044341343957476909,8.865574940841725e-10
W06,19.200000000000003,19.300000000000001,-0.00041006603047311074,0.00041006603047311074,6.3764638014163211e-10
W06,19.300000000000001,19.400000000000002,-0.00037922653449751209,0.00037922653449751209,4.5853276731122605e-10
W06,19.400000000000002,19.5,-0.00035070634705469672,0.00035070634705469672,3.2968205943006978e-10
W06,19.5,19.600000000000001,-0.00032433104606166552,0.00032433104606166552,2.3699531226384352e-10
W06,19.600000000000001,19.700000000000003,-0.00029993932578964433,0.00029993932578964433,1.7034196275744762e-10
W06,19.700000000000003,19.800000000000001,-0.00027738201079774427,0.00027738201079774427,1.2241940794410766e-10
W06,19.800000000000001,19.900000000000002,-0.00025652114393093228,0.00025652114393093228,8.7966967043939803e-11
W06,19.900000000000002,20,-0.00023722914279566965,0.00023722914279566965,6.3205440881120012e-11
W07,0,0.10000000000000001,-0.00014424397463854295,0.00014424397463854365,0.0038434236550688012
W07,0.10000000000000001,0.20000000000000001,-0.00043566108886346054,0.00043566108886346677,0.0048696802863001307
W07,0.20000000000000001,0.30000000000000004,-0.00076289309946664646,0.00076289309946664819,0.0060568677133320901
W07,0.30000000000000004,0.40000000000000002,-0.0011422287499695894,0.001142228749969592,0.0074015455114696746
W07,0.40000000000000002,0.5,-0.0015825311924572592,0.0015825311924572583,0.0088922297264206925
W07,0.5,0.60000000000000009,-0.0020893770785616241,0.0020893770785616189,0.010508476179228152
W07,0.60000000000000009,0.70000000000000007,-0.0026656189990276816,0.0026656189990276833,0.012220519757625656
W07,0.70000000000000007,0.80000000000000004,-0.0033113617350827729,0.003311361735082766,0.013989638650399178
W07,0.80000000000000004,0.90000000000000002,-0.0040238046434351738,0.0040238046434351461,0.015769352460317035
W07,0.90000000000000002,1,-0.0047971143075363175,0.0047971143075362967,0.017507462564043647
W07,1,1.1000000000000001,-0.0056224180382774408,0.0056224180382774304,0.019148817347674069
W07,1.1000000000000001,1.2000000000000002,-0.0064879694908342583,0.0064879694908342479,0.020638558701846832
W07,1.2000000000000002,1.3,-0.0073795054057753107,0.0073795054057752552,0.021925509645359165
W07,1.3,1.4000000000000001,-0.0082807829739270852,0.0082807829739270436,0.022965323181306979
W07,1.4000000000000001,1.5,-0.0091742618519074573,0.0091742618519074434,0.02372304372607556
W07,1.5,1.6000000000000001,-0.010041876314679787,0.010041876314679773,0.024174830075161413
W07,1.6000000000000001,1.7000000000000002,-0.010865833891998994,0.010865833891998994,0.024308729845666899
W07,1.7000000000000002,1.8,-0.011629377888257283,0.011629377888257283,0.024124545392956609
W07,1.8,1.9000000000000001,-0.012317461111404457,0.012317461111404457,0.023632955810839129
W07,1.9000000000000001,2,-0.012917293877217392,0.012917293877217392,0.0228541342106795
W07,2,2.1000000000000001,-0.013392148000217083,0.013392148000217055,0.020873464157031563
W07,2.1000000000000001,2.2000000000000002,-0.013663913329947153,0.013663913329947153,0.018195458821296973
W07,2.2000000000000002,2.3000000000000003,-0.013770229254431388,0.013770229254431388,0.015927408578945923
W07,2.3000000000000003,2.4000000000000004,-0.013753423762718819,0.013753423762718819,0.013986443979469354
W07,2.4000000000000004,2.5,-0.013641906160697076,0.013641906160697076,0.012311012062155013
W07,2.5,2.6000000000000001,-0.013456319876003625,0.013456319876003625,0.010854502612754169
W07,2.6000000000000001,2.7000000000000002,-0.013212402122891875,0.013212402122891875,0.0095810008128972557
W07,2.7000000000000002,2.8000000000000003,-0.012922566049811179,0.012922566049811179,0.008462379257947128
W07,2.8000000000000003,2.9000000000000004,-0.012596845359948927,0.012596845359948927,0.0074762646983133618
W07,2.9000000000000004,3,-0.01224349143043757,0.01224349143043757,0.0066045919441165002
W07,3,3.1000000000000001,-0.011869370913913435,0.011869370913913435,0.0058325609157303115
W07,3.1000000000000001,3.2000000000000002,-0.011480243366219223,0.011480243366219223,0.0051478757641557626
W07,3.2000000000000002,3.3000000000000003,-0.011080963345958872,0.011080963345958872,0.0045401844680516001
W07,3.3000000000000003,3.4000000000000004,-0.0106756328079749,0.0106756328079749,0.004000662764646612
W07,3.4000000000000004,3.5,-0.010267719423967647,0.010267719423967647,0.003521703076337479
W07,3.5,3.6000000000000001,-0.0098601506999075328,0.0098601506999075328,0.003096680432925325
W07,3.6000000000000001,3.7000000000000002,-0.0094553903758659574,0.0094553903758659574,0.0027197751911868795
W07,3.7000000000000002,3.8000000000000003,-0.0090555015260180283,0.0090555015260180283,0.0023858378194919205
W07,3.8000000000000003,3.9000000000000004,-0.0086621994606487784,0.0086621994606487784,0.0020902849083959119
W07,3.9000000000000004,4,-0.0082768966619040096,0.0082768966619040096,0.0018290183826804585
W07,4,4.1000000000000005,-0.0079007413898835588,0.0079007413898835588,0.0015983619516637404
W07,4.1000000000000005,4.2000000000000002,-0.0075346511771284264,0.0075346511771284264,0.0013950103607835995
W07,4.2000000000000002,4.2999999999999998,-0.0071793421289172432,0.0071793421289171322,0.0012159881468856715
W07,4.2999999999999998,4.4000000000000004,-0.0068353547274976334,0.0068353547274976334,0.001058615455121259
W07,4.4000000000000004,4.5,-0.0065030766769726966,0.0065030766769726966,0.0009204791193767603
W07,4.5,4.6000000000000005,-0.0061827632060313942,0.0061827632060313942,0.00079940769282871305
W07,4.6000000000000005,4.7000000000000002,-0.0058745551570775212,0.0058745551570775212,0.00069344947872052032
W07,4.7000000000000002,4.8000000000000007,-0.0055784951245662628,0.0055784951245662628,0.00060085288232569756
W07,4.8000000000000007,4.9000000000000004,-0.0052945418566106017,0.0052945418566104907,0.00052004860491511318
W07,4.9000000000000004,5,-0.0050225830978450903,0.0050225830978450903,0.00044963334608022487
W07,5,5.1000000000000005,-0.0047624470247612516,0.0047624470247612516,0.00038835478489318564
W07,5.1000000000000005,5.2000000000000002,-0.004513912404771947,0.004513912404771947,0.00033509768331074774
W07,5.2000000000000002,5.3000000000000007,-0.0042767175952169723,0.0042767175952169723,0.00028887100480978756
W07,5.3000000000000007,5.4000000000000004,-0.0040505684869668324,0.0040505684869669434,0.00024879597372584605
W07,5.4000000000000004,5.5,-0.0038351454881483393,0.0038351454881483393,0.00021409502098213018
W07,5.5,5.6000000000000005,-0.0036301096360308871,0.0036301096360308871,0.00018408157347071796
W07,5.6000000000000005,5.7000000000000002,-0.003435107918746183,0.003435107918746183,0.00015815065016494545
W07,5.7000000000000002,5.8000000000000007,-0.0032497778828416424,0.0032497778828416424,0.00013577023013783274
W07,5.8000000000000007,5.9000000000000004,-0.0030737515974738061,0.0030737515974738061,0.00011647335756204136
W07,5.9000000000000004,6,-0.0029066590411425119,0.0029066590411425119,9.985094757070101e-05
W07,6,6.1000000000000005,-0.0027481309721582026,0.0027481309721582026,8.5545255278374199e-05
W07,6.1000000000000005,6.2000000000000002,-0.0025978013394793997,0.0025978013394793997,7.3243968759850731e-05
W07,6.2000000000000002,6.3000000000000007,-0.0024553092861515635,0.0024553092861515635,6.2674885694224969e-05
W07,6.3000000000000007,6.4000000000000004,-0.0023203007932722786,0.0023203007932722786,5.3601132769198756e-05
W07,6.4000000000000004,6.5,-0.0021924300083029924,0.0021924300083029369,4.5816886938554457e-05
W07,6.5,6.6000000000000005,-0.0020713602975530043,0.0020713602975529488,3.9143558130338985e-05
W07,6.6000000000000005,6.7000000000000002,-0.0019567650589119578,0.0019567650589119578,3.3426394051294661e-05
W07,6.7000000000000002,6.8000000000000007,-0.0018483283273023066,0.0018483283273021955,2.8531469151438227e-05
W07,6.8000000000000007,6.9000000000000004,-0.0017457452019908892,0.0017457452019908892,2.4343021604367188e-05
W07,6.9000000000000004,7,-0.0016487221217474923,0.0016487221217474923,2.0761104173927514e-05
W07,7,7.1000000000000005,-0.0015569770109437053,0.0015569770109437053,1.7699517018798794e-05
W07,7.1000000000000005,7.2000000000000002,-0.0014702393170102357,0.0014702393170102357,1.5083992782549682e-05
W07,7.2000000000000002,7.3000000000000007,-0.0013882499572290818,0.0013882499572290818,1.2850606615821825e-05
W07,7.3000000000000007,7.4000000000000004,-0.0013107611906120753,0.0013107611906120753,1.094438608950643e-05
W07,7.4000000000000004,7.5,-0.0012375364286045798,0.0012375364286045798,9.3180981796670004e-06
W07,7.5,7.6000000000000005,-0.0011683499965503552,0.0011683499965503552,7.9311926749481287e-06
W07,7.6000000000000005,7.7000000000000002,-0.0011029868562253409,0.0011029868562255629,6.7488833751516708e-06
W07,7.7000000000000002,7.8000000000000007,-0.0010412422983109293,0.0010412422983109293,5.741350381782695e-06
W07,7.8000000000000007,7.9000000000000004,-0.00098292161239854625,0.00098292161239865727,4.8830485387396649e-06
W07,7.9000000000000004,8,-0.00092783974097976341,0.00092783974097987443,4.1521087431606318e-06
W07,8,8.0999999999999996,-0.00087582092288668312,0.00087582092288679414,3.5298203192590805e-06
W07,8.0999999999999996,8.2000000000000011,-0.00082669833077636534,0.00082669833077636534,3.0001840388704792e-06
W07,8.2000000000000011,8.3000000000000007,-0.0007803137064925636,0.0007803137064925636,2.5495265821851021e-06
W07,8.3000000000000007,8.4000000000000004,-0.00073651699747345756,0.00073651699747345756,2.1661683572427037e-06
W07,8.4000000000000004,8.5,-0.00069516599681274105,0.00069516599681274105,1.8401375788124064e-06
W07,8.5,8.5999999999999996,-0.00065612598907283104,0.00065612598907283104,1.5629244041748258e-06
W07,8.5999999999999996,8.7000000000000011,-0.00061926940354234405,0.00061926940354234405,1.3272696984811816e-06
W07,8.7000000000000011,8.8000000000000007,-0.00058447547625467555,0.00058447547625467555,1.1269837040250863e-06
W07,8.8000000000000007,8.9000000000000004,-0.00055162992178608983,0.00055162992178608983,9.5679050693409096e-07
W07,8.9000000000000004,9,-0.00052062461558094464,0.00052062461558094464,8.121947236983118e-07
W07,9,9.0999999999999996,-0.00049135728734250872,0.00049135728734250872,6.8936731878466162e-07
W07,9.0999999999999996,9.2000000000000011,-0.00046373122583087678,0.00046373122583087678,5.8504786626389915e-07
W07,9.2000000000000011,9.3000000000000007,-0.00043765499526604579,0.00043765499526604579,4.9646094268940288e-07
W07,9.3000000000000007,9.4000000000000004,-0.00041304216340171118,0.00041304216340171118,4.2124464649795357e-07
W07,9.4000000000000004,9.5,-0.0003898110412312028,0.0003898110412312028,3.5738952108843591e-07
W07,9.5,9.6000000000000014,-0.00036788443420021633,0.00036788443420021633,3.0318638927218089e-07
W07,9.6000000000000014,9.7000000000000011,-0.00034718940473948967,0.00034718940473948967,2.5718182594669514e-07
W07,9.7000000000000011,9.8000000000000007,-0.00032765704586407152,0.00032765704586407152,2.1814016487597954e-07
W07,9.8000000000000007,9.9000000000000004,-0.00030922226556351351,0.00030922226556351351,1.8501109200208532e-07
W07,9.9000000000000004,10,-0.00029182358164608901,0.00029182358164620004,1.5690201848883589e-07
W07,10,10.100000000000001,-0.00027540292671091038,0.00027540292671091038,1.330545394973015e-07
W07,10.100000000000001,10.200000000000001,-0.00025990546287629757,0.00025990546287629757,1.1282437251125543e-07
W07,10.200000000000001,10.300000000000001,-0.00024527940590091113,0.00024527940590091113,9.5664277277585086e-08
W07,10.300000000000001,10.4,-0.00023147585832083983,0.00023147585832083983,8.1109511496091358e-08
W07,10.4,10.5,-0.0002184486512236683,0.0002184486512236683,6.8765451666230604e-08
W07,10.5,10.600000000000001,-0.00020615419429242943,0.00020615419429242943,5.8297060179235416e-08
W07,10.600000000000001,10.700000000000001,-0.00019455133373741385,0.00019455133373752487,4.9419927206084679e-08
W07,10.700000000000001,10.800000000000001,-0.00018360121776805904,0.00018360121776805904,4.1892648239283403e-08
W07,10.800000000000001,10.9,-0.00017326716923737884,0.00017326716923737884,3.5510346108047486e-08
W07,10.9,11,-0.00016351456511864981,0.00016351456511864981,3.0099163494945458e-08
W07,11,11.100000000000001,-0.0001543107224845075,0.0001543107224845075,2.5511580292736369e-08
W07,11.100000000000001,11.200000000000001,-0.00014562479065749478,0.00014562479065749478,2.162243722958479e-08
W07,11.200000000000001,11.300000000000001,-0.00013742764922675121,0.00013742764922675121,1.832555612812925e-08
W07,11.300000000000001,11.4,-0.00012969181162969523,0.00012969181162969523,1.553086864669595e-08
W07,11.4,11.5,-0.00012239133401326097,0.00012239133401326097,1.3161978118514384e-08
W07,11.5,11.600000000000001,-0.00011550172909569056,0.00011550172909569056,1.1154091095200158e-08
W07,11.600000000000001,11.700000000000001,-0.00010899988477264255,0.00010899988477264255,9.4522564775267881e-09
W07,11.700000000000001,11.800000000000001,-0.00010286398721448542,0.00010286398721448542,8.0098750410151354e-09
W07,11.800000000000001,11.9,-9.707344821030528e-05,9.707344821030528e-05,6.7874330045292197e-09
W07,11.9,12,-9.160883654252272e-05,9.160883654252272e-05,5.7514260576319032e-09
W07,12,12.100000000000001,-8.6451813163468394e-05,8.6451813163468394e-05,4.8734466462363457e-09
W07,12.100000000000001,12.200000000000001,-8.1585069976297664e-05,8.1585069976297664e-05,4.1294114239143198e-09
W07,12.200000000000001,12.300000000000001,-7.6992272022347041e-05,7.6992272022347041e-05,3.4989021124864905e-09
W07,12.300000000000001,12.4,-7.265800288686064e-05,7.265800288686064e-05,2.9646103349989517e-09
W07,12.4,12.5,-6.8567713150557985e-05,6.8567713150557985e-05,2.511863828047467e-09
W07,12.5,12.600000000000001,-6.4707671717401105e-05,6.4707671717401105e-05,2.1282254847321269e-09
W07,12.600000000000001,12.700000000000001,-6.1064919863962341e-05,6.1064919863962341e-05,1.8031529602779983e-09
W07,12.700000000000001,12.800000000000001,-5.7627227854906149e-05,5.7627227854906149e-05,1.5277112908052004e-09
W07,12.800000000000001,12.9,-5.4383053986861718e-05,5.4383053986861718e-05,1.2943277005739162e-09
W07,12.9,13,-5.132150592579432e-05,5.132150592579432e-05,1.0965834351672754e-09
W07,13,13.100000000000001,-4.8432304210366262e-05,4.8432304210366262e-05,9.2903873483152211e-10
W07,13.100000000000001,13.200000000000001,-4.5705747798940877e-05,4.5705747798940877e-05,7.8708395356841265e-10
W07,13.200000000000001,13.300000000000001,-4.3132681550928087e-05,4.3132681550928087e-05,6.6681282717695467e-10
W07,13.300000000000001,13.4,-4.0704465530116973e-05,4.0704465530116973e-05,5.6491356037469131e-10
W07,13.4,13.5,-3.841294603063039e-05,3.841294603063039e-05,4.7858178531257067e-10
W07,13.5,13.600000000000001,-3.6250428231798804e-05,3.6250428231798804e-05,4.0544012591681167e-10
W07,13.600000000000001,13.700000000000001,-3.4209650385030876e-05,3.4209650385252921e-05,3.4347341637541717e-10
W07,13.700000000000001,13.800000000000001,-3.228375945257822e-05,3.2283759452689242e-05,2.9097546594414325e-10
W07,13.800000000000001,13.9,-3.0466288114372464e-05,3.0466288114372464e-05,2.4649959851075209e-10
W07,13.9,14,-2.8751133066717838e-05,2.8751133066717838e-05,2.0882040541181368e-10
W07,14,14.100000000000001,-2.713253454122988e-05,2.713253454122988e-05,1.7689949505239611e-10
W07,14.100000000000001,14.200000000000001,-2.5605056973798668e-05,2.5605056973798668e-05,1.4985734875239132e-10
W07,14.200000000000001,14.300000000000001,-2.4163570761515096e-05,2.4163570761515096e-05,1.2694800766155367e-10
W07,14.300000000000001,14.4,-2.2803235045498749e-05,2.2803235045498749e-05,1.075405320349887e-10
W07,14.4,14.5,-2.1519481459786327e-05,2.1519481459897349e-05,9.1099461307919682e-11
W07,14.5,14.600000000000001,-2.0307998797652882e-05,2.0307998797652882e-05,7.7171935508602019e-11
W07,14.600000000000001,14.700000000000001,-1.9164718536524017e-05,1.9164718536524017e-05,6.5373040314398168e-11
W07,14.700000000000001,14.800000000000001,-1.808580118145553e-05,1.8085801181677574e-05,5.5377702423697883e-11
W07,14.800000000000001,14.9,-1.7067623373057117e-05,1.7067623373168139e-05,4.6910308970637971e-11
W07,14.9,15,-1.6106765722112559e-05,1.6106765722112559e-05,3.9737602097744684e-11
W07,15,15.100000000000001,-1.5200001330428758e-05,1.5200001330539781e-05,3.3661795573181053e-11
W07,15.100000000000001,15.200000000000001,-1.4344284953948794e-05,1.4344284954059816e-05,2.8514579586413902e-11
W07,15.200000000000001,15.300000000000001,-1.3536742778708089e-05,1.3536742778708089e-05,2.4154456212954756e-11
W07,15.300000000000001,15.4,-1.277466277127548e-05,1.277466277127548e-05,2.0460633187724397e-11
W07,15.4,15.5,-1.2055485572370905e-05,1.2055485572370905e-05,1.7332135726633169e-11
W07,15.5,15.600000000000001,-1.1376795901851811e-05,1.1376795901851811e-05,1.468158927764307e-11
W07,15.600000000000001,15.700000000000001,-1.0736314447812312e-05,1.0736314447812312e-05,1.2436607299548541e-11
W07,15.700000000000001,15.800000000000001,-1.0131890215536732e-05,1.0131890215647754e-05,1.0534795258365648e-11
W07,15.800000000000001,15.9,-9.5614933003362879e-06,9.5614933004473102e-06,8.923695116180852e-12
W07,15.9,16,-9.023208073277722e-06,9.023208073277722e-06,7.5590089743116096e-12
W07,16,16.100000000000001,-8.5152267480514965e-06,8.5152267480514965e-06,6.4031002722231278e-12
W07,16.100000000000001,16.199999999999999,-8.0358433089955383e-06,8.0358433091065606e-06,5.4237725422012772e-12
W07,16.199999999999999,16.300000000000001,-7.583447784398345e-06,7.583447784398345e-06,4.5943249205038228e-12
W07,16.300000000000001,16.400000000000002,-7.1565208356605403e-06,7.1565208356605403e-06,3.8915537459160987e-12
W07,16.400000000000002,16.5,-6.7536286598168793e-06,6.7536286599279016e-06,3.2965297158682461e-12
W07,16.5,16.600000000000001,-6.3734181708907656e-06,6.3734181708907656e-06,2.7925994849908875e-12
W07,16.600000000000001,16.699999999999999,-6.014612457083679e-06,6.014612457083679e-06,2.3654411762663585e-12
W07,16.699999999999999,16.800000000000001,-5.6760064923722098e-06,5.6760064924277209e-06,2.0035084702385575e-12
W07,16.800000000000001,16.900000000000002,-5.3564630905222899e-06,5.356463090577801e-06,1.6972534488957081e-12
W07,16.900000000000002,17,-5.054909084811765e-06,5.054909084811765e-06,1.4374612611334214e-12
W07,17,17.100000000000001,-4.7703317239133902e-06,4.7703317239133902e-06,1.2180256803162592e-12
W07,17.100000000000001,17.199999999999999,-4.5017752720033499e-06,4.5017752720033499e-06,1.0313971898767704e-12
W07,17.199999999999999,17.300000000000001,-4.2483377975521819e-06,4.2483377975521819e-06,8.7341245347261065e-13
W07,17.300000000000001,17.400000000000002,-4.0091681454690331e-06,4.0091681454690331e-06,7.4018569051759187e-13
W07,17.400000000000002,17.5,-3.7834630779443046e-06,3.7834630779443046e-06,6.2705396430828841e-13
W07,17.5,17.600000000000001,-3.5704645772183241e-06,3.5704645772183241e-06,5.3107518382944363e-13
W07,17.600000000000001,17.699999999999999,-3.3694572993958616e-06,3.3694572993958616e-06,4.4986236957811343e-13
W07,17.699999999999999,17.800000000000001,-3.1797661724231041e-06,3.1797661725896376e-06,3.8086200859765995e-13
W07,17.800000000000001,17.900000000000002,-3.0007541293453066e-06,3.0007541292897955e-06,3.2263081095607049e-13
W07,17.900000000000002,18,-2.8318199671306665e-06,2.8318199671306665e-06,2.7344793096517606e-13
W07,18,18.100000000000001,-2.6723963295061104e-06,2.6723963295061104e-06,2.315370117855764e-13
W07,18.100000000000001,18.199999999999999,-2.5219478005933382e-06,2.5219478005933382e-06,1.9623191960249642e-13
W07,18.199999999999999,18.300000000000001,-2.3799691071246798e-06,2.3799691071246798e-06,1.6631140908884845e-13
W07,18.300000000000001,18.400000000000002,-2.2459834210231122e-06,2.2459834210231122e-06,1.4094281297616362e-13
W07,18.400000000000002,18.5,-2.1195407576835024e-06,2.1195407577945247e-06,1.1945999744966684e-13
W07,18.5,18.600000000000001,-2.000216466679916e-06,2.0002164667909383e-06,1.0091927293842673e-13
W07,18.600000000000001,18.699999999999999,-1.8876098029085853e-06,1.8876098030196076e-06,8.5542684047368311e-14
W07,18.699999999999999,18.800000000000001,-1.7813425829960039e-06,1.7813425831070262e-06,7.2497563508022722e-14
W07,18.800000000000001,18.900000000000002,-1.6810579137604975e-06,1.6810579137604975e-06,6.1450844413002415e-14
W07,18.900000000000002,19,-1.5864189940595352e-06,1.5864189940595352e-06,5.2013948703688584e-14
W07,19,19.100000000000001,-1.4971079841386015e-06,1.4971079841386015e-06,4.4131365228849972e-14
W07,19.100000000000001,19.200000000000003,-1.4128249370970458e-06,1.4128249370970458e-06,3.730349362740526e-14
W07,19.200000000000003,19.300000000000001,-1.3332867925819336e-06,1.3332867925819336e-06,3.1641356201816961e-14
W07,19.300000000000001,19.400000000000002,-1.2582264260485587e-06,1.2582264260485587e-06,2.681188604469753e-14
W07,19.400000000000002,19.5,-1.1873917508120613e-06,1.187391750701039e-06,2.2815083156046967e-14
W07,19.5,19.600000000000001,-1.1205448720019717e-06,1.1205448720019717e-06,1.9206858326015208e-14
W07,19.600000000000001,19.700000000000003,-1.0574612878677669e-06,1.0574612878677669e-06,1.6320278461989801e-14
W07,19.700000000000003,19.800000000000001,-9.9792913577090303e-07,9.9792913577090303e-07,1.3655743202889425e-14
W07,19.800000000000001,19.900000000000002,-9.4174847914407778e-07,9.4174847914407778e-07,1.1657341758564144e-14
W07,19.900000000000002,20,-8.8873063824879139e-07,8.887306383598137e-07,9.8809849191638932e-15
W08,0,0.10000000000000001,-0.00013404241375319275,0.00013404241375319435,0.0034569557429032899
W08,0.10000000000000001,0.20000000000000001,-0.00036596668474857003,0.00036596668474857513,0.0036060536523358547
W08,0.20000000000000001,0.30000000000000004,-0.00057412868489907639,0.00057412868489908051,0.0037578593863951898
W08,0.30000000000000004,0.40000000000000002,-0.0007711906830508322,0.00077119068305082916,0.003912110532043175
W08,0.40000000000000002,0.5,-0.00096200918854770631,0.00096200918854769677,0.0040685479741610752
W08,0.5,0.60000000000000009,-0.0011490042824958396,0.0011490042824958396,0.0042269035646300274
W08,0.60000000000000009,0.70000000000000007,-0.0013334749545350737,0.0013334749545350719,0.0043868956462024961
W08,0.70000000000000007,0.80000000000000004,-0.0015161469628683765,0.0015161469628683626,0.0045482270852618759
W08,0.80000000000000004,0.90000000000000002,-0.0016974402859784334,0.001697440285978416,0.0047105845309733801
W08,0.90000000000000002,1,-0.0018776053907398893,0.0018776053907398702,0.0048736383754088772
W08,1,1.1000000000000001,-0.0020567934849052682,0.0020567934849052439,0.0050370431498794055
W08,1.1000000000000001,1.2000000000000002,-0.0022350929531357224,0.0022350929531357172,0.0052004382154366563
W08,1.2000000000000002,1.3,-0.0024125484088128868,0.0024125484088129007,0.0053634486693041328
W08,1.3,1.4000000000000001,-0.0025891708123387432,0.0025891708123387362,0.0055256864227352237
W08,1.4000000000000001,1.5,-0.002764943009968282,0.0027649430099682751,0.0056867514234507643
W08,1.5,1.6000000000000001,-0.0029398229378189492,0.0029398229378189492,0.0058462330047858724
W08,1.6000000000000001,1.7000000000000002,-0.003113745648734189,0.0031137456487342029,0.0060037113479823601
W08,1.7000000000000002,1.8,-0.0032866247593846924,0.0032866247593846924,0.0061587590458943575
W08,1.8,1.9000000000000001,-0.0034583536260333336,0.0034583536260333336,0.0063109427569184862
W08,1.9000000000000001,2,-0.0036288064082105886,0.0036288064082105886,0.006459824937879069
W08,2,2.1000000000000001,-0.0037978391023666264,0.0037978391023666264,0.0066049656442606769
W08,2.1000000000000001,2.2000000000000002,-0.0039652905874631023,0.0039652905874631023,0.0067459243857777573
W08,2.2000000000000002,2.3000000000000003,-0.0041309837034734578,0.0041309837034734578,0.0068822620249330002
W08,2.3000000000000003,2.4000000000000004,-0.0042947263726116278,0.0042947263726116139,0.0070135427059958011
W08,2.4000000000000004,2.5,-0.0044563127670465552,0.0044563127670465552,0.0071393358017657893
W08,2.5,2.6000000000000001,-0.0046155245234413833,0.0046155245234413833,0.0072592178655979389
W08,2.6000000000000001,2.7000000000000002,-0.0047721320026254677,0.0047721320026254677,0.0073727745764477215
W08,2.7000000000000002,2.8000000000000003,-0.0049258955914140701,0.0049258955914140701,0.0074796026651542669
W08,2.8000000000000003,2.9000000000000004,-0.0050765670427208309,0.0050765670427208309,0.0075793118107947699
W08,2.9000000000000004,3,-0.0052238908494847691,0.0052238908494847414,0.0076715264967027186
W08,3,3.1000000000000001,-0.0053676056474741829,0.0053676056474741829,0.0077558878166260059
W08,3.1000000000000001,3.2000000000000002,-0.0055074456416931705,0.0055074456416931705,0.0078320552224651896
W08,3.2000000000000002,3.3000000000000003,-0.0056431420508871316,0.0056431420508871316,0.0078997082060880963
W08,3.3000000000000003,3.4000000000000004,-0.0057744245644829606,0.0057744245644829328,0.0079585479087653788
W08,3.4000000000000004,3.5,-0.0059010228062390396,0.0059010228062390396,0.0080082986528648703
W08,3.5,3.6000000000000001,-0.0060226677988720334,0.0060226677988719779,0.0080487093914615171
W08,3.6000000000000001,3.7000000000000002,-0.0061390934239877459,0.0061390934239877459,0.0080795550725033805
W08,3.7000000000000002,3.8000000000000003,-0.0062500378717608718,0.006250037871760844,0.0081006379150315166
W08,3.8000000000000003,3.9000000000000004,-0.006355245074963739,0.006355245074963739,0.0081117885957060487
W08,3.9000000000000004,4,-0.0064544661221340449,0.0064544661221340449,0.0081128673444624266
W08,4,4.1000000000000005,-0.0065474606448949202,0.0065474606448949202,0.0081037649485430352
W08,4.1000000000000005,4.2000000000000002,-0.0066339981746543764,0.0066339981746543764,0.0080844036643455963
W08,4.2000000000000002,4.2999999999999998,-0.0067138594641542593,0.0067138594641542593,0.0080547380365484922
W08,4.2999999999999998,4.4000000000000004,-0.0067868377695422255,0.0067868377695422255,0.0080147556237359363
W08,4.4000000000000004,4.5,-0.0068527400888411527,0.0068527400888411527,0.0079644776293339437
W08,4.5,4.6000000000000005,-0.0069113883528539866,0.0069113883528539866,0.0079039594360090781
W08,4.6000000000000005,4.7000000000000002,-0.0069626205646633188,0.0069626205646633188,0.0078332910408413503
W08,4.7000000000000002,4.8000000000000007,-0.0070062918839624566,0.0070062918839624566,0.0077525973875624543
W08,4.8000000000000007,4.9000000000000004,-0.0070422756524735342,0.0070422756524735342,0.0076620385909723643
W08,4.9000000000000004,5,-0.007070464356683126,0.007070464356683126,0.0075618100473515693
W08,5,5.1000000000000005,-0.0070907705240266794,0.0070907705240266794,0.0074521424233197076
W08,5.1000000000000005,5.2000000000000002,-0.0071031275485065326,0.0071031275485065326,0.0073333015141954228
W08,5.2000000000000002,5.3000000000000007,-0.0071074904415460993,0.0071074904415460993,0.0072055879615378626
W08,5.3000000000000007,5.4000000000000004,-0.0071038365036101281,0.0071038365036100726,0.0070693368182722094
W08,5.4000000000000004,5.5,-0.0070921659118782787,0.0070921659118782232,0.0069249169486824691
W08,5.5,5.6000000000000005,-0.0070725022189324083,0.0070725022189324083,0.0067727302496408681
W08,5.6000000000000005,5.7000000000000002,-0.0070448927571275521,0.0070448927571275521,0.0066132106788627798
W08,5.7000000000000002,5.8000000000000007,-0.0070094089430203788,0.0070094089430203788,0.0064468230757401823
W08,5.8000000000000007,5.9000000000000004,-0.0069661464759649405,0.0069661464759649405,0.0062740617605345772
W08,5.9000000000000004,6,-0.0069152254247906164,0.0069152254247906164,0.0060954488984552579
W08,6,6.1000000000000005,-0.0068567901963431099,0.0068567901963431099,0.0059115326164816961
W08,6.1000000000000005,6.2000000000000002,-0.0067910093796601512,0.0067910093796601512,0.0057228848627481343
W08,6.2000000000000002,6.3000000000000007,-0.0067180754596769532,0.0067180754596768422,0.0055300990009694018
W08,6.3000000000000007,6.4000000000000004,-0.0066382043946047187,0.0066382043946047187,0.0053337871357240219
W08,6.4000000000000004,6.5,-0.006551635051628979,0.006551635051628979,0.0051345771685020747
W08,6.5,6.6000000000000005,-0.0064586284961827833,0.0064586284961827833,0.0049331095891609333
W08,6.6000000000000005,6.7000000000000002,-0.0063594671309880058,0.0063594671309880058,0.0047300340128448304
W08,6.7000000000000002,6.8000000000000007,-0.0062544536821443897,0.0062544536821443897,0.0045260054783812231
W08,6.8000000000000007,6.9000000000000004,-0.0061439100309266248,0.0061439100309266248,0.0043216805305974493
W08,6.9000000000000004,7,-0.0060281758915692318,0.0060281758915691208,0.0041177131157180136
W08,7,7.1000000000000005,-0.0059076073371506221,0.0059076073371506221,0.0039147503258693539
W08,7.1000000000000005,7.2000000000000002,-0.0057825751777614287,0.0057825751777614287,0.0037134280354890747
W08,7.2000000000000002,7.3000000000000007,-0.0056534631974093918,0.0056534631974093918,0.0035143664789277218
W08,7.3000000000000007,7.4000000000000004,-0.0055206662585016164,0.0055206662585016164,0.0033181658244145762
W08,7.4000000000000004,7.5,-0.0053845882852854299,0.0053845882852853189,0.0031254018046619203
W08,7.5,7.6000000000000005,-0.0052456401401785868,0.0052456401401785868,0.0029366214683544944
W08,7.6000000000000005,7.7000000000000002,-0.0051042374094696363,0.0051042374094696363,0.0027523391194266278
W08,7.7000000000000002,7.8000000000000007,-0.004960798117321974,0.004960798117321974,0.0025730325121158248
W08,7.8000000000000007,7.9000000000000004,-0.0048157403892994388,0.0048157403892994388,0.002399139369098191
W08,7.9000000000000004,8,-0.004669480088660749,0.004669480088660749,0.0022310542874582895
W08,8,8.0999999999999996,-0.0045224284503696532,0.0045224284503696532,0.0020691260927376831
W08,8.0999999999999996,8.2000000000000011,-0.0043749897390529258,0.0043749897390529258,0.0019136556948300409
W08,8.2000000000000011,8.3000000000000007,-0.0042275589579694461,0.0042275589579694461,0.0017648944911818898
W08,8.3000000000000007,8.4000000000000004,-0.0040805196363075669,0.0040805196363075669,0.0016230433527242294
W08,8.4000000000000004,8.5,-0.0039342417218559134,0.0039342417218559134,0.0014882522165189926
W08,8.5,8.5999999999999996,-0.0037890796051758824,0.0037890796051758824,0.0013606202965264491
W08,8.5999999999999996,8.7000000000000011,-0.0036453702999053594,0.0036453702999053594,0.0012401969106166089
W08,8.7000000000000011,8.8000000000000007,-0.0035034318017110877,0.0035034318017110877,0.0011269829083730976
W08,8.8000000000000007,8.9000000000000004,-0.003363561645760127,0.0033635616457600159,0.0010209326708561228
W08,8.9000000000000004,9,-0.0032260356793968881,0.003226035679396777,0.00092195664075700456
W08,9,9.0999999999999996,-0.0030911070631596815,0.0030911070631597926,0.00082992432975526054
W08,9.0999999999999996,9.2000000000000011,-0.0029590055093313139,0.0029590055093313139,0.00074466773980852441
W08,9.2000000000000011,9.3000000000000007,-0.0028299367630947869,0.0028299367630947869,0.00066598512686588673
W08,9.3000000000000007,9.4000000000000004,-0.0027040823271290426,0.0027040823271290426,0.00059364502946851472
W08,9.4000000000000004,9.5,-0.0025815994262453623,0.0025815994262453623,0.00052739048093369822
W08,9.5,9.6000000000000014,-0.0024626212045839591,0.0024626212045839591,0.00046694332254548776
W08,9.6000000000000014,9.7000000000000011,-0.0023472571440463774,0.0023472571440463774,0.00041200853622669342
W08,9.7000000000000011,9.8000000000000007,-0.0022355936891533812,0.0022355936891533812,0.00036227851854775395
W08,9.8000000000000007,9.9000000000000004,-0.0021276950604769418,0.0021276950604769418,0.00031743722333626989
W08,9.9000000000000004,10,-0.0020236042362626883,0.0020236042362626883,0.00027716410736644548
W08,10,10.100000000000001,-0.0019232920810670628,0.0019232920810670628,0.00023901570539341943
W08,10.100000000000001,10.200000000000001,-0.0018266212605410614,0.0018266212605410614,0.00020391552049864314
W08,10.200000000000001,10.300000000000001,-0.0017336610335028091,0.0017336610335028091,0.00017391069594629993
W08,10.300000000000001,10.4,-0.0016444702293451074,0.0016444702293451074,0.00014827183862625715
W08,10.4,10.5,-0.0015590570260624603,0.0015590570260624603,0.00012637233031959072
W08,10.5,10.600000000000001,-0.0014773935105507618,0.0014773935105507618,0.000107674059651508
W08,10.600000000000001,10.700000000000001,-0.001399424815592909,0.001399424815592909,9.1715123455404779e-05
W08,10.700000000000001,10.800000000000001,-0.0013250756806330033,0.0013250756806330033,7.809921931845043e-05
W08,10.800000000000001,10.9,-0.0012542554367458436,0.0012542554367458436,6.6486494050388423e-05
W08,10.9,11,-0.0011868619226514943,0.0011868619226514943,5.6585647802531724e-05
W08,11,11.100000000000001,-0.0011227846253015761,0.0011227846253015761,4.8147122448383151e-05
W08,11.100000000000001,11.200000000000001,-0.0010619072287426645,0.0010619072287426645,4.0957226954296821e-05
W08,11.200000000000001,11.300000000000001,-0.0010041096943282923,0.0010041096943282923,3.4833072818818422e-05
W08,11.300000000000001,11.4,-0.00094926996020616716,0.00094926996020616716,2.9618209946513652e-05
W08,11.4,11.5,-0.00089726532645112433,0.00089726532645112433,2.5178868093056472e-05
W08,11.5,11.600000000000001,-0.00084797357813820584,0.00084797357813820584,2.1400721731845707e-05
W08,11.600000000000001,11.700000000000001,-0.00080127388884021489,0.00080127388884021489,1.8186107142770247e-05
W08,11.700000000000001,11.800000000000001,-0.00075704753976907346,0.00075704753976907346,1.5451630003493477e-05
W08,11.800000000000001,11.9,-0.00071517848410929119,0.00071517848410929119,1.3126109994265889e-05
W08,11.9,12,-0.00067555378154393608,0.00067555378154393608,1.1148816057182653e-05
W08,12,12.100000000000001,-0.00063806392418036539,0.00063806392418036539,9.4679521550067314e-06
W08,12.100000000000001,12.200000000000001,-0.00060260307191761786,0.00060260307191761786,8.0393587764682195e-06
W08,12.200000000000001,12.300000000000001,-0.00056906921260163612,0.00056906921260163612,6.8254001140966025e-06
W08,12.300000000000001,12.4,-0.00053736426001599336,0.00053736426001599336,5.7940109256526817e-06
W08,12.4,12.5,-0.0005073941007829319,0.0005073941007829319,4.9178806221239491e-06
W08,12.5,12.600000000000001,-0.00047906859958357639,0.00047906859958357639,4.173755210556962e-06
W08,12.600000000000001,12.700000000000001,-0.00045230157063169685,0.00045230157063169685,3.5418403746545479e-06
W08,12.700000000000001,12.800000000000001,-0.00042701072213535696,0.00042701072213535696,3.0052913040368168e-06
W08,12.800000000000001,12.9,-0.0004031175793853814,0.0004031175793853814,2.5497768625371009e-06
W08,12.9,13,-0.00038054739123671855,0.00038054739123671855,2.1631074470507272e-06
W08,13,13.100000000000001,-0.00035922902395146838,0.00035922902395146838,1.8349173552256737e-06
W08,13.100000000000001,13.200000000000001,-0.00033909484573035886,0.00033909484573035886,1.5563938004503619e-06
W08,13.200000000000001,13.300000000000001,-0.00032008060468757815,0.00032008060468746713,1.3200458105488977e-06
W08,13.300000000000001,13.4,-0.00030212530255158132,0.00030212530255158132,1.1195072102676562e-06
W08,13.4,13.5,-0.00028517106597014674,0.00028517106597014674,9.4936872929718419e-07
W08,13.5,13.600000000000001,-0.00026916301695301126,0.00026916301695301126,8.0503496852069034e-07
W08,13.600000000000001,13.700000000000001,-0.00025404914369453468,0.00025404914369453468,6.8260259206143203e-07
W08,13.700000000000001,13.800000000000001,-0.00023978017278503128,0.00023978017278503128,5.7875661751971563e-07
W08,13.800000000000001,13.9,-0.00022630944358892346,0.00022630944358892346,4.906821488015467e-07
W08,13.9,14,-0.00021359278543242599,0.00021359278543242599,4.159892666999454e-07
W08,14,14.100000000000001,-0.0002015883980601707,0.0002015883980601707,3.5264913472721204e-07
W08,14.100000000000001,14.200000000000001,-0.00019025673572792279,0.00019025673572792279,2.9893965974858716e-07
W08,14.200000000000001,14.300000000000001,-0.00017956039518646216,0.00017956039518646216,2.5339928322321015e-07
W08,14.300000000000001,14.4,-0.00016946400772960279,0.00016946400772960279,2.1478770589888896e-07
W08,14.4,14.5,-0.00015993413541354196,0.00015993413541354196,1.8205249885383523e-07
W08,14.5,14.600000000000001,-0.00015093917149805458,0.00015093917149805458,1.5430073707634051e-07
W08,14.600000000000001,14.700000000000001,-0.00014244924511630508,0.00014244924511619406,1.3077489424695443e-07
W08,14.700000000000001,14.800000000000001,-0.00013443613013774947,0.00013443613013774947,1.1083236906017646e-07
W08,14.800000000000001,14.9,-0.00012687315816861666,0.00012687315816872768,9.392809402486435e-08
W08,14.9,15,-0.00011973513560459281,0.00011973513560459281,7.9599769331473169e-08
W08,15,15.100000000000001,-0.00011299826463562201,0.00011299826463551099,6.7455321994813744e-08
W08,15.100000000000001,15.200000000000001,-0.00010664006808580595,0.00010664006808569493,5.7162262701027089e-08
W08,15.200000000000001,15.300000000000001,-0.00010063931796955305,0.00010063931796955305,4.8438648092563596e-08
W08,15.300000000000001,15.4,-9.4975967627253244e-05,9.4975967627253244e-05,4.1045412069173892e-08
W08,15.4,15.5,-8.963108731135927e-05,8.963108731135927e-05,3.4779857327471575e-08
W08,15.5,15.600000000000001,-8.4586803078545714e-05,8.4586803078545714e-05,2.9470131002184985e-08
W08,15.600000000000001,15.700000000000001,-7.9826238853830667e-05,7.9826238853830667e-05,2.4970540246638251e-08
W08,15.700000000000001,15.800000000000001,-7.5333461531879031e-05,7.5333461531879031e-05,2.1157574525698664e-08
W08,15.800000000000001,15.9,-7.1093428969826178e-05,7.1093428969826178e-05,1.7926534590095855e-08
W08,15.9,16,-6.7091940745611645e-05,6.7091940745611645e-05,1.5188669877375105e-08
W08,16,16.100000000000001,-6.3315591550594519e-05,6.3315591550594519e-05,1.2868753063166594e-08
W08,16.100000000000001,16.199999999999999,-5.9751727086831963e-05,5.9751727086831963e-05,1.0903022817920771e-08
W08,16.199999999999999,16.300000000000001,-5.6388402345841637e-05,5.6388402345841637e-05,9.2374354832003291e-09
W08,16.300000000000001,16.400000000000002,-5.3214342151164384e-05,5.3214342151164384e-05,7.8261889191466594e-09
W08,16.400000000000002,16.5,-5.0218903852150554e-05,5.0218903852150554e-05,6.6304645662818018e-09
W08,16.5,16.600000000000001,-4.7392042055283135e-05,4.7392042055283135e-05,5.6173641849177613e-09
W08,16.600000000000001,16.699999999999999,-4.4724275287455484e-05,4.4724275287455484e-05,4.7590087426385708e-09
W08,16.699999999999999,16.800000000000001,-4.2206654495891005e-05,4.2206654495891005e-05,4.0317722493909969e-09
W08,16.800000000000001,16.900000000000002,-3.9830733280898922e-05,3.9830733280898922e-05,3.4156335537716132e-09
W08,16.900000000000002,17,-3.7588539774258134e-05,3.7588539774202623e-05,2.8936272267188201e-09
W08,17,17.100000000000001,-3.5472550072468412e-05,3.5472550072523923e-05,2.4513775453982589e-09
W08,17.100000000000001,17.199999999999999,-3.3475663146043111e-05,3.3475663146043111e-05,2.0767023656276251e-09
W08,17.199999999999999,17.300000000000001,-3.1591177138579063e-05,3.1591177138468041e-05,1.7592801659915835e-09
W08,17.300000000000001,17.400000000000002,-2.9812766984882444e-05,2.9812766984882444e-05,1.4903649425690446e-09
W08,17.400000000000002,17.5,-2.8134463277540434e-05,2.8134463277429411e-05,1.2625462897375428e-09
W08,17.5,17.600000000000001,-2.6550632306998612e-05,2.6550632306887589e-05,1.0695451746478568e-09
W08,17.600000000000001,17.699999999999999,-2.5055957220299074e-05,2.5055957220299074e-05,9.06041908166344e-10
W08,17.699999999999999,17.800000000000001,-2.3645420228257663e-05,2.3645420228257663e-05,7.6752953992453854e-10
W08,17.800000000000001,17.900000000000002,-2.2314285808899825e-05,2.2314285808899825e-05,6.5018845862852004e-10
W08,17.900000000000002,18,-2.1058084851088843e-05,2.1058084851088843e-05,5.5078430705179926e-10
W08,18,18.100000000000001,-1.9872599684611636e-05,1.9872599684500614e-05,4.6657533392391315e-10
W08,18.100000000000001,18.199999999999999,-1.8753849947428236e-05,1.8753849947428236e-05,3.9523895267734588e-10
W08,18.199999999999999,18.300000000000001,-1.7698079247896459e-05,1.7698079247896459e-05,3.3480801464591536e-10
W08,18.300000000000001,18.400000000000002,-1.6701742572955425e-05,1.6701742572955425e-05,2.8361574200275186e-10
W08,18.400000000000002,18.5,-1.5761494402799503e-05,1.5761494402577458e-05,2.402498200382297e-10
W08,18.5,18.600000000000001,-1.4874177491075447e-05,1.4874177491075447e-05,2.0351387242101282e-10
W08,18.600000000000001,18.699999999999999,-1.4036812278628297e-05,1.4036812278628297e-05,1.72394876152282e-10
W08,18.699999999999999,18.800000000000001,-1.3246586896886736e-05,1.3246586896886736e-05,1.4603368514443105e-10
W08,18.800000000000001,18.900000000000002,-1.2500847735408271e-05,1.2500847735408271e-05,1.2370277024942311e-10
W08,18.900000000000002,19,-1.1797090540388577e-05,1.17970905404996e-05,1.04786623822406e-10
W08,19,19.100000000000001,-1.1132952009496044e-05,1.1132952009496044e-05,8.8762441841083728e-11
W08,19.100000000000001,19.200000000000003,-1.0506201862381381e-05,1.0506201862381381e-05,7.5188855142016564e-11
W08,19.200000000000003,19.300000000000001,-9.9147353563866503e-06,9.9147353563866503e-06,6.369083038748613e-11
W08,19.300000000000001,19.400000000000002,-9.3565662209194045e-06,9.3565662210304268e-06,5.3950621747844707e-11
W08,19.400000000000002,19.5,-8.8298199920067155e-06,8.8298199920067155e-06,4.5700387918401475e-11
W08,19.5,19.600000000000001,-8.332727719329025e-06,8.332727719329025e-06,3.8711200911478727e-11
W08,19.600000000000001,19.700000000000003,-7.8636200286918978e-06,7.8636200286918978e-06,3.2790992143816311e-11
W08,19.700000000000003,19.800000000000001,-7.4209215176201937e-06,7.420921517731216e-06,2.7776503319643098e-11
W08,19.800000000000001,19.900000000000002,-7.0031454662000669e-06,7.0031454662000669e-06,2.3528456960519861e-11
W08,19.900000000000002,20,-6.6088888462378925e-06,6.6088888462378925e-06,1.9929946581953573e-11
W09,0,0.10000000000000001,-0.00057495073863983903,0.00057495073863983253,0.01528787572516852
W09,0.10000000000000001,0.20000000000000001,-0.0017270683163427825,0.0017270683163427782,0.019136572863934144
W09,0.20000000000000001,0.30000000000000004,-0.0030027595668297314,0.0030027595668297249,0.023461563804559438
W09,0.30000000000000004,0.40000000000000002,-0.0044571254794854142,0.0044571254794854073,0.028188744698914608
W09,0.40000000000000002,0.5,-0.006112338393327775,0.0061123383933277715,0.033207475803424577
W09,0.5,0.60000000000000009,-0.0079744978148559159,0.007974497814855909,0.038374175157198737
W09,0.60000000000000009,0.70000000000000007,-0.010036614752066315,0.010036614752066322,0.043520778351707007
W09,0.70000000000000007,0.80000000000000004,-0.012279825098083341,0.012279825098083355,0.048467568159204083
W09,0.80000000000000004,0.90000000000000002,-0.014674643162396889,0.014674643162396916,0.053038886008223984
W09,0.90000000000000002,1,-0.017182777302774677,0.017182777302774718,0.057079396175513386
W09,1,1.1000000000000001,-0.019759598667355091,0.019759598667355091,0.060468225911806783
W09,1.1000000000000001,1.2000000000000002,-0.022357099453679405,0.022357099453679405,0.063128627239470658
W09,1.2000000000000002,1.3,-0.024927025329602059,0.024927025329602115,0.065031737797998534
W09,1.3,1.4000000000000001,-0.027423815426923598,0.027423815426923598,0.066194273699968553
W09,1.4000000000000001,1.5,-0.029807024719876701,0.029807024719876701,0.066671177994809594
W09,1.5,1.6000000000000001,-0.032043011995429971,0.032043011995429971,0.066545045031769723
W09,1.6000000000000001,1.7000000000000002,-0.034105814319384031,0.034105814319384031,0.065914393431486751
W09,1.7000000000000002,1.8,-0.03597725828402859,0.03597725828402859,0.064882618303536477
W09,1.8,1.9000000000000001,-0.037646452634423566,0.037646452634423566,0.063548901043970041
W09,1.9000000000000001,2,-0.039108855075430049,0.039108855075430049,0.06200171117044051
W09,2,2.1000000000000001,-0.040276942906742164,0.040276942906742053,0.057748994153866029
W09,2.1000000000000001,2.2000000000000002,-0.040928812634607681,0.040928812634607681,0.052065132128233937
W09,2.2000000000000002,2.3000000000000003,-0.041204401649444278,0.041204401649444278,0.047707577110245314
W09,2.3000000000000003,2.4000000000000004,-0.041230758962290448,0.041230758962290448,0.044270382504499439
W09,2.4000000000000004,2.5,-0.041081661153060889,0.041081661153060889,0.041484988007649326
W09,2.5,2.6000000000000001,-0.040804414188293059,0.040804414188293059,0.039168582557260745
W09,2.6000000000000001,2.7000000000000002,-0.040431186809600117,0.040431186809600117,0.037193969091136037
W09,2.7000000000000002,2.8000000000000003,-0.039984771119430218,0.039984771119430218,0.035471100620896534
W09,2.8000000000000003,2.9000000000000004,-0.03948179462865975,0.03948179462865975,0.033935336817475514
W09,2.9000000000000004,3,-0.038934642990708479,0.038934642990708479,0.032539748511590805
W09,3,3.1000000000000001,-0.038352681925438059,0.038352681925438059,0.031249951550134103
W09,3.1000000000000001,3.2000000000000002,-0.037743072859071858,0.037743072859071858,0.030040569711820009
W09,3.2000000000000002,3.3000000000000003,-0.037111338842427788,0.03711133884242801,0.028892773434151309
W09,3.3000000000000003,3.4000000000000004,-0.036461769063666383,0.036461769063666383,0.027792543911739465
W09,3.4000000000000004,3.5,-0.035797714687457849,0.035797714687457849,0.02672943482496537
W09,3.5,3.6000000000000001,-0.035121809154387229,0.035121809154387007,0.025695680432889834
W09,3.6000000000000001,3.7000000000000002,-0.034436134675360996,0.034436134675360996,0.024685547660164175
W09,3.7000000000000002,3.8000000000000003,-0.033742349677426731,0.033742349677426731,0.023694861762804997
W09,3.8000000000000003,3.9000000000000004,-0.03304178748823805,0.03304178748823805,0.022720656440908593
W09,3.9000000000000004,4,-0.032335533573733199,0.032335533573733199,0.021760913678702254
W09,4,4.1000000000000005,-0.031624486604912905,0.031624486604912905,0.020814368497074742
W09,4.1000000000000005,4.2000000000000002,-0.030909407197186045,0.030909407197186045,0.019880360703673716
W09,4.2000000000000002,4.2999999999999998,-0.030190957140079799,0.030190957140079799,0.018958720594979273
W09,4.2999999999999998,4.4000000000000004,-0.029469731189875059,0.029469731189875059,0.018049679046313383
W09,4.4000000000000004,4.5,-0.028746282950481872,0.028746282950481872,0.017153794949609225
W09,4.5,4.6000000000000005,-0.028021145962876526,0.028021145962876526,0.016271894816402455
W09,4.6000000000000005,4.7000000000000002,-0.027294850823006644,0.027294850823006644,0.015405020753974874
W09,4.7000000000000002,4.8000000000000007,-0.026567938925484258,0.026567938925484258,0.014554384082510863
W09,4.8000000000000007,4.9000000000000004,-0.025840973266859413,0.025840973266859413,0.013721322683869941
W09,4.9000000000000004,5,-0.025114546624583678,0.025114546624583678,0.012907260821833688
W09,5,5.1000000000000005,-0.024389287345628841,0.024389287345628841,0.012113670691575429
W09,5.1000000000000005,5.2000000000000002,-0.023665862925181802,0.023665862925181802,0.011342035370061287
W09,5.2000000000000002,5.3000000000000007,-0.022944981524684716,0.022944981524684716,0.010593813166189348
W09,5.3000000000000007,5.4000000000000004,-0.022227391565414978,0.022227391565414978,0.0098704036196879397
W09,5.4000000000000004,5.5,-0.021513879534485358,0.021513879534485358,0.0091731155770877759
W09,5.5,5.6000000000000005,-0.020805266151214363,0.020805266151214363,0.0085031378853481776
W09,5.6000000000000005,5.7000000000000002,-0.020102401059734376,0.020102401059734376,0.00786151329229412
W09,5.7000000000000002,5.8000000000000007,-0.019406156235601824,0.019406156235601824,0.0072491161325143327
W09,5.8000000000000007,5.9000000000000004,-0.018717418316789525,0.018717418316789525,0.0066666343134935691
W09,5.9000000000000004,6,-0.018037080090450797,0.018037080090450797,0.0061145560081738992
W09,6,6.1000000000000005,-0.017366031383582836,0.017366031383582836,0.0055931613162942817
W09,6.1000000000000005,6.2000000000000002,-0.016705149616544901,0.016705149616544901,0.0051025189903626256
W09,6.2000000000000002,6.3000000000000007,-0.016055290281633994,0.016055290281633994,0.0046424881448441369
W09,6.3000000000000007,6.4000000000000004,-0.015417277604044433,0.015417277604044433,0.0042127246924781314
W09,6.4000000000000004,6.5,-0.014791895629044927,0.014791895629044927,0.0038126920909096196
W09,6.5,6.6000000000000005,-0.014179879957696873,0.014179879957696873,0.0034416758462971764
W09,6.6000000000000005,6.7000000000000002,-0.013581910324693247,0.013581910324693247,0.0030988011158183948
W09,6.7000000000000002,6.8000000000000007,-0.012998604177463902,0.012998604177463902,0.0027830526825063373
W09,6.8000000000000007,6.9000000000000004,-0.012430511377001574,0.012430511377001574,0.0024932965455726208
W09,6.9000000000000004,7,-0.01187811010023232,0.01187811010023232,0.0022283023758191689
W09,7,7.1000000000000005,-0.011341803982616305,0.011341803982616305,0.0019867661254113766
W09,7.1000000000000005,7.2000000000000002,-0.010821920500320825,0.010821920500320825,0.0017673321484863447
W09,7.2000000000000002,7.3000000000000007,-0.01031871055507505,0.01031871055507505,0.0015686142771784706
W09,7.3000000000000007,7.4000000000000004,-0.0098323491930221163,0.0098323491930221163,0.0013892153991503786
W09,7.4000000000000004,7.5,-0.0093629373626955559,0.0093629373626955559,0.0012277451907292125
W09,7.5,7.6000000000000005,-0.0089105045968869145,0.0089105045968869145,0.0010828357675054523
W09,7.6000000000000005,7.7000000000000002,-0.0084750124890924372,0.0084750124890924372,0.00095315511643434547
W09,7.7000000000000002,7.8000000000000007,-0.0080563588271389541,0.0080563588271389541,0.00083741826570471467
W09,7.8000000000000007,7.9000000000000004,-0.0076543822440555687,0.0076543822440555687,0.00073439622815829608
W09,7.9000000000000004,8,-0.0072688672486824757,0.0072688672486824757,0.00064292281893352232
W09,8,8.0999999999999996,-0.0068995495050545586,0.0068995495050545586,0.00056189949813689744
W09,8.0999999999999996,8.2000000000000011,-0.0065461212394122281,0.0065461212394122281,0.00049029842473302665
W09,8.2000000000000011,8.3000000000000007,-0.0062082366658720023,0.0062082366658720023,0.0004271639300019725
W09,8.3000000000000007,8.4000000000000004,-0.0058855173355483181,0.0058855173355483181,0.00037161262924012561
W09,8.4000000000000004,8.5,-0.0055775573284302382,0.0055775573284302382,0.00032283239084507365
W09,8.5,8.5999999999999996,-0.0052839282219543371,0.0052839282219543371,0.00028008037464566371
W09,8.5999999999999996,8.7000000000000011,-0.005004183784463434,0.005004183784463434,0.00024268033802998801
W09,8.7000000000000011,8.8000000000000007,-0.0047378643550539667,0.0047378643550539667,0.00021001939117071267
W09,8.8000000000000007,8.9000000000000004,-0.0044845008836178479,0.0044845008836178479,0.00018154436284456565
W09,8.9000000000000004,9,-0.0042436186156979971,0.0042436186156979971,0.00015675791731384336
W09,9,9.0999999999999996,-0.0040147404162258482,0.0040147404162258482,0.00013521454183185178
W09,9.0999999999999996,9.2000000000000011,-0.0037973897341441187,0.0037973897341441187,0.00011651650389143953
W09,9.2000000000000011,9.3000000000000007,-0.0035910932164400222,0.0035910932164400222,0.00010030985845044249
W09,9.3000000000000007,9.4000000000000004,-0.0033953829852355621,0.0033953829852355621,8.6280568046825934e-05
W09,9.4000000000000004,9.5,-0.003209798595467328,0.003209798595467328,7.4150783392568087e-05
W09,9.5,9.6000000000000014,-0.0030338886935146192,0.0030338886935146192,6.3675318677791637e-05
W09,9.6000000000000014,9.7000000000000011,-0.0028672123989152976,0.0028672123989157416,5.4638344481716672e-05
W09,9.7000000000000011,9.8000000000000007,-0.0027093404322948711,0.0027093404322948711,4.6850311710144865e-05
W09,9.8000000000000007,9.9000000000000004,-0.0025598560129966863,0.0025598560129966863,4.0145112299327934e-05
W09,9.9000000000000004,10,-0.002418355549603568,0.002418355549603568,3.4377476266111984e-05
W09,10,10.100000000000001,-0.0022844491458955396,0.0022844491458955396,2.9420599978458029e-05
W09,10.100000000000001,10.200000000000001,-0.0021577609438332424,0.0021577609438332424,2.5163996939525646e-05
W09,10.200000000000001,10.300000000000001,-0.0020379293238421692,0.0020379293238421692,2.1511559903153454e-05
W09,10.300000000000001,10.4,-0.0019246069813758648,0.0019246069813758648,1.8379821386638184e-05
W09,10.4,10.5,-0.0018174608972305606,0.0018174608972305606,1.5696398716125159e-05
W09,10.5,10.600000000000001,-0.0017161722175700334,0.0017161722175700334,1.3398609238324255e-05
W09,10.600000000000001,10.700000000000001,-0.0016204360581182353,0.0016204360581182353,1.1432241341591265e-05
W09,10.700000000000001,10.800000000000001,-0.0015299612455426104,0.0015299612455426104,9.7504672025294781e-06
W09,10.800000000000001,10.9,-0.0014444700075950667,0.0014444700075950667,8.3128837153889634e-06
W09,10.9,11,-0.0013636976222810571,0.0013636976222810571,7.0846687965087085e-06
W09,11,11.100000000000001,-0.0012873920350864321,0.0012873920350864321,6.0358409974536897e-06
W09,11.100000000000001,11.200000000000001,-0.0012153134521324382,0.0012153134521324382,5.1406112993035435e-06
W09,11.200000000000001,11.300000000000001,-0.001147233916083179,0.001147233916083179,4.3768168156432807e-06
W09,11.300000000000001,11.4,-0.0010829368706857245,0.0010829368706857245,3.7254270228714859e-06
W09,11.4,11.5,-0.0010222167189612996,0.0010222167189612996,3.1701140390527627e-06
W09,11.5,11.600000000000001,-0.0009648783792852722,0.0009648783792852722,2.6968792732340319e-06
W09,11.600000000000001,11.700000000000001,-0.0009107368429421836,0.0009107368429421836,2.2937295660607759e-06
W09,11.700000000000001,11.800000000000001,-0.00085961673608547784,0.00085961673608547784,1.9503966854905741e-06
W09,11.800000000000001,11.9,-0.00081135188858150187,0.00081135188858150187,1.658094703538282e-06
W09,11.9,12,-0.00076578491165379958,0.00076578491165379958,1.4093104065970863e-06
W09,12,12.100000000000001,-0.0007227667859410758,0.0007227667859410758,1.1976224725263052e-06
W09,12.100000000000001,12.200000000000001,-0.0006821564611609876,0.0006821564611609876,1.017545626424976e-06
W09,12.200000000000001,12.300000000000001,-0.00064382046830435691,0.00064382046830435691,8.6439647484226612e-07
W09,12.300000000000001,12.4,-0.00060763254503037878,0.00060763254503037878,7.341781138592296e-07
W09,12.4,12.5,-0.00057347327471357623,0.00057347327471357623,6.2348098084363812e-07
W09,12.5,12.600000000000001,-0.00054122973939163543,0.00054122973939163543,5.2939772210436331e-07
W09,12.600000000000001,12.700000000000001,-0.00051079518674956859,0.00051079518674956859,4.4945017241282414e-07
W09,12.700000000000001,12.800000000000001,-0.0004820687110986821,0.0004820687110986821,3.8152675996272478e-07
W09,12.800000000000001,12.9,-0.00045495494827485494,0.00045495494827485494,3.2382888326409898e-07
W09,12.9,13,-0.00042936378417812726,0.00042936378417812726,2.7482501874231957e-07
W09,13,13.100000000000001,-0.00040521007677285503,0.00040521007677285503,2.3321144704269159e-07
W09,13.100000000000001,13.200000000000001,-0.00038241339114453154,0.00038241339114453154,1.9787869254273005e-07
W09,13.200000000000001,13.300000000000001,-0.00036089774728864654,0.00036089774728864654,1.6788282497515183e-07
W09,13.300000000000001,13.4,-0.00034059138021813595,0.00034059138021813595,1.4242097123862152e-07
W09,13.4,13.5,-0.00032142651196664929,0.00032142651196664929,1.2081038858191562e-07
W09,13.5,13.600000000000001,-0.0003033391350635295,0.0003033391350635295,1.0247062598445211e-07
W09,13.600000000000001,13.700000000000001,-0.00028626880701421165,0.00028626880701421165,8.6908299445909165e-08
W09,13.700000000000001,13.800000000000001,-0.00027015845535638405,0.00027015845535638405,7.3704116143602505e-08
W09,13.800000000000001,13.9,-0.00025495419283938503,0.00025495419283938503,6.2501813946624907e-08
W09,13.9,14,-0.00024060514227342011,0.00024060514227342011,5.2998743615972899e-08
W09,14,14.100000000000001,-0.00022706327061872145,0.00022706327061872145,4.4937837451186624e-08
W09,14.100000000000001,14.200000000000001,-0.00021428323189365273,0.00021428323189365273,3.8100780308525373e-08
W09,14.200000000000001,14.300000000000001,-0.00020222221845989097,0.00020222221845989097,3.2302200025924321e-08
W09,14.300000000000001,14.4,-0.00019083982031475877,0.00019083982031475877,2.7384713385814052e-08
W09,14.4,14.5,-0.00018009789196171688,0.00018009789196127279,2.3214717037589594e-08
W09,14.5,14.600000000000001,-0.0001699604265044119,0.0001699604265044119,1.9678810581069683e-08
W09,14.600000000000001,14.700000000000001,-0.00016039343659257632,0.00016039343659257632,1.6680754333364689e-08
W09,14.700000000000001,14.800000000000001,-0.00015136484186561994,0.00015136484186561994,1.413887873447095e-08
W09,14.800000000000001,14.9,-0.00014284436256173372,0.00014284436256173372,1.1983886327726623e-08
W09,14.9,15,-0.00013480341897142978,0.00013480341897142978,1.0156982810372028e-08
W09,15,15.100000000000001,-0.00012721503643087217,0.00012721503643087217,8.6082931893827208e-09
W09,15.100000000000001,15.200000000000001,-0.00012005375555301789,0.00012005375555301789,7.2955059771118158e-09
W09,15.200000000000001,15.300000000000001,-0.0001132955474236752,0.0001132955474236752,6.1827345465559347e-09
W09,15.300000000000001,15.4,-0.00010691773349869038,0.00010691773349869038,5.2395441318964231e-09
W09,15.4,15.5,-0.00010089890994779971,0.00010089890994779971,4.4401184950970674e-09
W09,15.5,15.600000000000001,-9.5218876192681989e-05,9.5218876192681989e-05,3.7625702553611973e-09
W09,15.600000000000001,15.700000000000001,-8.985856743581877e-05,8.985856743581877e-05,3.1883362616724753e-09
W09,15.700000000000001,15.800000000000001,-8.479999093724544e-05,8.479999093724544e-05,2.701681545147494e-09
W09,15.800000000000001,15.9,-8.0026165843793962e-05,8.0026165843793962e-05,2.2892581164057901e-09
W09,15.9,16,-7.5521066395412007e-05,7.5521066395412007e-05,1.9397532469156431e-09
W09,16,16.100000000000001,-7.1269568276521866e-05,7.1269568276521866e-05,1.643576386101131e-09
W09,16.100000000000001,16.199999999999999,-6.7257397994069379e-05,6.7257397994069379e-05,1.3925975927975287e-09
W09,16.199999999999999,16.300000000000001,-6.3471085067989819e-05,6.3471085067989819e-05,1.1799232702003337e-09
W09,16.300000000000001,16.400000000000002,-5.9897916908857596e-05,5.9897916909301685e-05,9.9971275702159801e-10
W09,16.400000000000002,16.5,-5.6525896222181515e-05,5.6525896222181515e-05,8.4701312630386383e-10
W09,16.5,16.600000000000001,-5.3343700798569316e-05,5.3343700798569316e-05,7.1762706888023331e-10
W09,16.600000000000001,16.699999999999999,-5.0340645554314278e-05,5.0340645554314278e-05,6.0799765222441238e-10
W09,16.699999999999999,16.800000000000001,-4.7506646712491829e-05,4.7506646712491829e-05,5.1510817833388955e-10
W09,16.800000000000001,16.900000000000002,-4.4832187981569405e-05,4.4832187982013494e-05,4.3640646651965653e-10
W09,16.900000000000002,17,-4.2308288640047209e-05,4.2308288640047209e-05,3.6972513939304008e-10
W09,17,17.100000000000001,-3.9926473414331198e-05,3.9926473414331198e-05,3.1322833216052004e-10
W09,17.100000000000001,17.199999999999999,-3.767874404014826e-05,3.767874404014826e-05,2.6536328689985567e-10
W09,17.199999999999999,17.300000000000001,-3.5557552430898198e-05,3.5557552430898198e-05,2.2480839412253317e-10
W09,17.300000000000001,17.400000000000002,-3.3555775346361116e-05,3.3555775346361116e-05,1.9045187649169293e-10
W09,17.400000000000002,17.5,-3.166669049514681e-05,3.166669049514681e-05,1.6134271696444102e-10
W09,17.5,17.600000000000001,-2.9883953963860677e-05,2.9883953963860677e-05,1.3668222109686212e-10
W09,17.600000000000001,17.699999999999999,-2.8201578932574023e-05,2.8201578932574023e-05,1.1579048830867578e-10
W09,17.699999999999999,17.800000000000001,-2.6613915578899139e-05,2.6613915578899139e-05,9.8091312850101531e-11
W09,17.800000000000001,17.900000000000002,-2.511563210827461e-05,2.511563210827461e-05,8.3096640679514167e-11
W09,17.900000000000002,18,-2.3701696863387411e-05,2.3701696863387411e-05,7.0393468831753125e-11
W09,18,18.100000000000001,-2.236736142080531e-05,2.236736142080531e-05,5.9632299098666408e-11
W09,18.100000000000001,18.199999999999999,-2.1108144664827577e-05,2.1108144665271666e-05,5.0516479888074173e-11
W09,18.199999999999999,18.300000000000001,-1.9919817728419886e-05,1.9919817728419886e-05,4.2793324439571734e-11
W09,18.300000000000001,18.400000000000002,-1.8798389805230187e-05,1.8798389805230187e-05,3.6251002200060611e-11
W09,18.400000000000002,18.5,-1.7740094741647283e-05,1.7740094741647283e-05,3.0708546816526905e-11
W09,18.5,18.600000000000001,-1.6741378401130547e-05,1.6741378401130547e-05,2.6012969556177268e-11
W09,18.600000000000001,18.699999999999999,-1.5798886721318794e-05,1.5798886721318794e-05,2.2035040458945332e-11
W09,18.699999999999999,18.800000000000001,-1.4909454456590865e-05,1.4909454456590865e-05,1.8666845846837532e-11
W09,18.800000000000001,18.900000000000002,-1.4070094550344692e-05,1.4070094550344692e-05,1.5812018361316404e-11
W09,18.900000000000002,19,-1.3277988100579563e-05,1.3277988100579563e-05,1.3393952613682814e-11
W09,19,19.100000000000001,-1.2530474896133015e-05,1.2530474896133015e-05,1.1346257267064175e-11
W09,19.100000000000001,19.200000000000003,-1.1825044485824776e-05,1.1825044485824776e-05,9.6114227687849052e-12
W09,19.200000000000003,19.300000000000001,-1.1159327745868808e-05,1.1159327745868808e-05,8.1412654395762729e-12
W09,19.300000000000001,19.400000000000002,-1.053108892312693e-05,1.053108892312693e-05,6.8967054289714724e-12
W09,19.400000000000002,19.5,-9.9382181315554874e-06,9.9382181315554874e-06,5.8411053771578736e-12
W09,19.5,19.600000000000001,-9.3787242581022667e-06,9.3787242581022667e-06,4.9489301545690978e-12
W09,19.600000000000001,19.700000000000003,-8.850728286269316e-06,8.850728286269316e-06,4.1924241855895161e-12
W09,19.700000000000003,19.800000000000001,-8.3524569816084693e-06,8.3524569816084693e-06,3.5500491435414006e-12
W09,19.800000000000001,19.900000000000002,-7.8822369338205078e-06,7.8822369338205078e-06,3.0091484859440243e-12
W09,19.900000000000002,20,-7.4384889403589227e-06,7.4384889403589227e-06,2.5486279753295094e-12
W10,0,0.10000000000000001,-0.00053444666733803796,0.00053444666733803601,0.01375836363056308
W10,0.10000000000000001,0.20000000000000001,-0.0014528604566927327,0.0014528604566927303,0.014211953931114314
W10,0.20000000000000001,0.30000000000000004,-0.0022683580372429447,0.0022683580372429421,0.01466977646268032
W10,0.30000000000000004,0.40000000000000002,-0.0030319915882301273,0.0030319915882301256,0.01513035677763086
W10,0.40000000000000002,0.5,-0.0037632580947707852,0.00376325809477078,0.015592557037649918
W10,0.5,0.60000000000000009,-0.0044718141029469159,0.0044718141029469194,0.016055375704656566
W10,0.60000000000000009,0.70000000000000007,-0.005162823525824544,0.0051628235258245406,0.016517874070174507
W10,0.70000000000000007,0.80000000000000004,-0.0058391811030855736,0.0058391811030855459,0.016979142350715556
W10,0.80000000000000004,0.90000000000000002,-0.0065025913704590439,0.0065025913704590162,0.017438284064465029
W10,0.90000000000000002,1,-0.0071541146859719629,0.0071541146859719421,0.017894409887318607
W10,1,1.1000000000000001,-0.0077944471728137316,0.0077944471728137107,0.018346636545928663
W10,1.1000000000000001,1.2000000000000002,-0.0084240655757998884,0.0084240655757998745,0.018794088369840867
W10,1.2000000000000002,1.3,-0.0090433033014846453,0.0090433033014846315,0.019235900202815182
W10,1.3,1.4000000000000001,-0.0096523913888458823,0.0096523913888458823,0.019671220950404217
W10,1.4000000000000001,1.5,-0.010251481610070307,0.010251481610070279,0.020099217351925852
W10,1.5,1.6000000000000001,-0.010840660460913198,0.010840660460913198,0.020519077733808233
W10,1.6000000000000001,1.7000000000000002,-0.011419958494605753,0.011419958494605725,0.020930015594145424
W10,1.7000000000000002,1.8,-0.011989357257769312,0.011989357257769312,0.021331272920788791
W10,1.8,1.9000000000000001,-0.012548794967821714,0.012548794967821686,0.02172212317647465
W10,1.9000000000000001,2,-0.013098171501433636,0.013098171501433636,0.022101873904515623
W10,2,2.1000000000000001,-0.01363735297362545,0.01363735297362545,0.022469868922827874
W10,2.1000000000000001,2.2000000000000002,-0.014166176039866557,0.014166176039866502,0.022825490085293887
W10,2.2000000000000002,2.3000000000000003,-0.014684451979175173,0.014684451979175173,0.023168158599087885
W10,2.3000000000000003,2.4000000000000004,-0.015191970579043867,0.015191970579043867,0.023497335895244942
W10,2.4000000000000004,2.5,-0.01568850382498882,0.01568850382498882,0.023812524057761797
W10,2.5,2.6000000000000001,-0.016173809389284255,0.016173809389284255,0.024113265823845431
W10,2.6000000000000001,2.7000000000000002,-0.01664763391037799,0.016647633910377935,0.024399144174682474
W10,2.7000000000000002,2.8000000000000003,-0.017109716054093338,0.017109716054093338,0.024669781542086322
W10,2.8000000000000003,2.9000000000000004,-0.017559789348778609,0.017559789348778609,0.024924838661639859
W10,2.9000000000000004,3,-0.017997584788376098,0.017997584788376098,0.025164013107293659
W10,3,3.1000000000000001,-0.018422833199634725,0.018422833199634725,0.025387037545935409
W10,3.1000000000000001,3.2000000000000002,-0.018835267372060205,0.018835267372060205,0.025593677752971056
W10,3.2000000000000002,3.3000000000000003,-0.019234623951702723,0.019234623951702723,0.025783730431685692
W10,3.3000000000000003,3.4000000000000004,-0.019620645102262801,0.019620645102262801,0.025957020879934123
W10,3.4000000000000004,3.5,-0.019993079939346681,0.019993079939346681,0.026113400547675969
W10,3.5,3.6000000000000001,-0.020351685745840675,0.020351685745840564,0.02625274452810733
W10,3.6000000000000001,3.7000000000000002,-0.020696228978340336,0.020696228978340336,0.026374949023661109
W10,3.7000000000000002,3.8000000000000003,-0.021026486076341611,0.021026486076341611,0.026479928826140142
W10,3.8000000000000003,3.9000000000000004,-0.021342244087346252,0.021342244087346252,0.026567614847692766
W10,3.9000000000000004,4,-0.021643301122348746,0.021643301122348746,0.026637951736528276
W10,4,4.1000000000000005,-0.021929466657097052,0.021929466657097052,0.02669089560810467
W10,4.1000000000000005,4.2000000000000002,-0.022200561695300713,0.022200561695300713,0.026726411919264725
W10,4.2000000000000002,4.2999999999999998,-0.022456418810415379,0.022456418810415379,0.026744473509473954
W10,4.2999999999999998,4.4000000000000004,-0.022696882082901548,0.022696882082901548,0.026745058830055068
W10,4.4000000000000004,4.5,-0.022921806949872447,0.022921806949872447,0.026728150379124238
W10,4.5,4.6000000000000005,-0.023131059983921287,0.023131059983921287,0.026693733357035065
W10,4.6000000000000005,4.7000000000000002,-0.02332451861753515,0.02332451861753515,0.026641794554370879
W10,4.7000000000000002,4.8000000000000007,-0.023502070829083399,0.023502070829083399,0.026572321482163819
W10,4.8000000000000007,4.9000000000000004,-0.023663614805708111,0.023663614805708111,0.026485301751890677
W10,4.9000000000000004,5,-0.023809058597804245,0.023809058597804245,0.026380722711078608
W10,5,5.1000000000000005,-0.023938319778967876,0.023938319778967876,0.026258571338908077
W10,5.1000000000000005,5.2000000000000002,-0.024051325124493372,0.024051325124493372,0.02611883440516416
W10,5.2000000000000002,5.3000000000000007,-0.024148010320654389,0.024148010320654389,0.025961498895115342
W10,5.3000000000000007,5.4000000000000004,-0.024228319716128155,0.024228319716128155,0.025786552702382837
W10,5.4000000000000004,5.5,-0.024292206126132809,0.024292206126132809,0.025593985591719326
W10,5.5,5.6000000000000005,-0.024339630698916759,0.024339630698916759,0.025383790433456621
W10,5.6000000000000005,5.7000000000000002,-0.024370562853554545,0.024370562853554545,0.025155964711574885
W10,5.7000000000000002,5.8000000000000007,-0.02438498029716174,0.02438498029716174,0.024910512307435351
W10,5.8000000000000007,5.9000000000000004,-0.024382869128912299,0.024382869128912299,0.024647445561364112
W10,5.9000000000000004,6,-0.02436422403762184,0.02436422403762184,0.024366787614324981
W10,6,6.1000000000000005,-0.024329048598895175,0.024329048598895175,0.024068575031745088
W10,6.1000000000000005,6.2000000000000002,-0.024277355677304602,0.024277355677304602,0.02375286071106486
W10,6.2000000000000002,6.3000000000000007,-0.024209167938368692,0.024209167938368692,0.023419717073772661
W10,6.3000000000000007,6.4000000000000004,-0.024124518474513357,0.024124518474513357,0.023069239541138264
W10,6.4000000000000004,6.5,-0.024023451548540464,0.024023451548540464,0.022701550290867845
W10,6.5,6.6000000000000005,-0.023906023457428427,0.023906023457428427,0.022316802288910198
W10,6.6000000000000005,6.7000000000000002,-0.023772303518548421,0.023772303518548421,0.021915183586784348
W10,6.7000000000000002,6.8000000000000007,-0.023622375179467303,0.023622375179467303,0.021496921869764707
W10,6.8000000000000007,6.9000000000000004,-0.023456337251573478,0.023456337251573478,0.021062289235060039
W10,6.9000000000000004,7,-0.023274305266503426,0.023274305266503426,0.020611607171363566
W10,7,7.1000000000000005,-0.023076412953026093,0.023076412953026093,0.020145251702045064
W10,7.1000000000000005,7.2000000000000002,-0.022862813830330841,0.022862813830330841,0.019663658643400028
W10,7.2000000000000002,7.3000000000000007,-0.022633682911788133,0.022633682911788133,0.019167328916937398
W10,7.3000000000000007,7.4000000000000004,-0.022389218510868947,0.022389218510868947,0.018656833840543952
W10,7.4000000000000004,7.5,-0.022129644138336735,0.022129644138336735,0.018132820307774633
W10,7.5,7.6000000000000005,-0.021855210476645626,0.021855210476645626,0.017596015747445959
W10,7.6000000000000005,7.7000000000000002,-0.021566197414003563,0.021566197414003563,0.017047232737805063
W10,7.7000000000000002,7.8000000000000007,-0.021262916116586705,0.021262916116586705,0.016487373130998684
W10,7.8000000000000007,7.9000000000000004,-0.020945711112885013,0.020945711112885013,0.0159174315253372
W10,7.9000000000000004,8,-0.020614962359418509,0.020614962359418509,0.015338497905558857
W10,8,8.0999999999999996,-0.020271087251781061,0.020271087251781061,0.014751759256343533
W10,8.0999999999999996,8.2000000000000011,-0.01991454253954883,0.01991454253954883,0.014158499942698022
W10,8.2000000000000011,8.3000000000000007,-0.019545826098001928,0.019545826098001928,0.013560100644371076
W10,8.3000000000000007,8.4000000000000004,-0.019165478504123978,0.019165478504123534,0.012958035631555731
W10,8.4000000000000004,8.5,-0.018774084359074905,0.018774084359074905,0.012353868177675587
W10,8.5,8.5999999999999996,-0.018372273294833708,0.018372273294833708,0.011749243923806052
W10,8.5999999999999996,8.7000000000000011,-0.017960720598988011,0.017960720598988011,0.01114588203959177
W10,8.7000000000000011,8.8000000000000007,-0.017540147389326188,0.017540147389326188,0.01054556406892293
W10,8.8000000000000007,8.9000000000000004,-0.017111320269394659,0.017111320269394659,0.009950120405593621
W10,8.9000000000000004,9,-0.01667505039769912,0.01667505039769912,0.0093614144148055356
W10,9,9.0999999999999996,-0.01623219190756453,0.01623219190756453,0.0087813242997447638
W10,9.0999999999999996,9.2000000000000011,-0.015783639621794965,0.015783639621794965,0.0082117229064735398
W10,9.2000000000000011,9.3000000000000007,-0.015330326016795404,0.015330326016795404,0.0076544557618740683
W10,9.3000000000000007,9.4000000000000004,-0.014873217404740791,0.014873217404740791,0.0071113177437931441
W10,9.4000000000000004,9.5,-0.014413309319668999,0.014413309319668999,0.0065840288843437289
W10,9.5,9.6000000000000014,-0.013951621114050017,0.013951621114050017,0.006074209899962435
W10,9.6000000000000014,9.7000000000000011,-0.013489189795686141,0.013489189795686141,0.0055833581182351821
W10,9.7000000000000011,9.8000000000000007,-0.013027063160303776,0.013027063160303776,0.0051128245247347159
W10,9.8000000000000007,9.9000000000000004,-0.012566292301832593,0.012566292301832593,0.0046637926766450732
W10,9.9000000000000004,10,-0.012107923609034899,0.012107923609034899,0.0042372602186637742
W10,10,10.100000000000001,-0.011652425571389458,0.011652425571389458,0.0037997668346090308
W10,10.100000000000001,10.200000000000001,-0.011198922983169712,0.011198922983169712,0.0033679267799269219
W10,10.200000000000001,10.300000000000001,-0.010748831104284706,0.010748831104284706,0.002980741763943584
W10,10.300000000000001,10.4,-0.010304044526085354,0.010304044526085354,0.0026340459607250288
W10,10.4,10.5,-0.0098662242246483345,0.0098662242246483345,0.0023240632002927697
W10,10.5,10.600000000000001,-0.0094367924517606561,0.0094367924517606561,0.0020473516586316798
W10,10.600000000000001,10.700000000000001,-0.0090169440315379656,0.0090169440315379656,0.0018007621977134125
W10,10.700000000000001,10.800000000000001,-0.0086076637867480432,0.0086076637867480432,0.0015814066264097093
W10,10.800000000000001,10.9,-0.0082097458321859218,0.0082097458321859218,0.0013866330907486013
W10,10.9,11,-0.0078238128240715188,0.0078238128240715188,0.0012140065113239729
W10,11,11.100000000000001,-0.0074503343374865416,0.0074503343374865416,0.0010612925288042696
W10,11.100000000000001,11.200000000000001,-0.0070896440535042071,0.0070896440535042071,0.00092644383684725717
W10,11.200000000000001,11.300000000000001,-0.0067419556710979212,0.0067419556710979212,0.0008075881034139698
W10,11.300000000000001,11.4,-0.0064073775595876459,0.0064073775595876459,0.00070301692756546963
W10,11.4,11.5,-0.0060859262057302299,0.0060859262057302299,0.0006111754646460632
W10,11.5,11.600000000000001,-0.0057775385204743568,0.0057775385204743568,0.00053065249078909638
W10,11.600000000000001,11.700000000000001,-0.005482083070190269,0.005482083070190269,0.00046017077763260694
W10,11.700000000000001,11.800000000000001,-0.0051993702938397668,0.0051993702938397668,0.00039857771819229448
W10,11.800000000000001,11.9,-0.0049291617636981755,0.0049291617636981755,0.00034483619165315282
W10,11.9,12,-0.0046711785446240661,0.0046711785446240661,0.00029801568389808963
W10,12,12.100000000000001,-0.0044251087049282933,0.0044251087049282933,0.00025728369649247185
W10,12.100000000000001,12.200000000000001,-0.0041906140311096518,0.0041906140311096518,0.00022189748317069657
W10,12.200000000000001,12.300000000000001,-0.0039673359980469947,0.0039673359980469947,0.00019119615269147516
W10,12.300000000000001,12.4,-0.0037549010460491417,0.0037549010460491417,0.0001645931723908145
W10,12.4,12.5,-0.0035529252156722979,0.0035529252156722979,0.0001415692998194551
W10,12.5,12.600000000000001,-0.0033610181906105208,0.0033610181906105208,0.00012166596162743737
W10,12.600000000000001,12.700000000000001,-0.0031787867979891082,0.0031787867979891082,0.00010447909043742598
W10,12.700000000000001,12.800000000000001,-0.0030058380140474128,0.0030058380140474128,8.9653422402413696e-05
W10,12.800000000000001,12.9,-0.0028417815215329156,0.0028417815215329156,7.6877250921203455e-05
W10,12.9,13,-0.0026862318630862525,0.0026862318630862525,6.5877625728738565e-05
W10,13,13.100000000000001,-0.0025388102326235895,0.0025388102326235895,5.6415981556590111e-05
W10,13.100000000000001,13.200000000000001,-0.0023991459442600505,0.0023991459442600505,4.828417650681871e-05
W10,13.200000000000001,13.300000000000001,-0.0022668776156249404,0.0022668776156249404,4.1300917480446842e-05
W10,13.300000000000001,13.4,-0.0021416540997774014,0.0021416540997774014,3.5308547975843041e-05
W10,13.4,13.5,-0.002023135197126491,0.002023135197126491,3.0170172524268679e-05
W10,13.5,13.600000000000001,-0.0019109921760778192,0.0019109921760778192,2.5767091638595474e-05
W10,13.600000000000001,13.700000000000001,-0.001804908128492988,0.001804908128492988,2.1996521285094772e-05
W10,13.700000000000001,13.800000000000001,-0.0017045781834619245,0.0017045781834619245,1.8769571611843006e-05
W10,13.800000000000001,13.9,-0.0016097096004892286,0.0016097096004892286,1.6009460598098713e-05
W10,13.9,14,-0.0015200217609121491,0.0015200217609121491,1.3649939567095259e-05
W10,14,14.100000000000001,-0.0014352460742494966,0.0014352460742494966,1.1633908902908274e-05
W10,14.100000000000001,14.200000000000001,-0.0013551258141755174,0.0013551258141755174,9.9122038488275166e-06
W10,14.200000000000001,14.300000000000001,-0.001279415897068148,0.001279415897068148,8.4425318103154012e-06
W10,14.300000000000001,14.4,-0.0012078826144015231,0.0012078826144015231,7.1885441419450302e-06
W10,14.4,14.5,-0.0011403033287700204,0.0011403033287700204,6.119026956685758e-06
W10,14.5,14.600000000000001,-0.0010764661420064048,0.0010764661420064048,5.2071969431910503e-06
W10,14.600000000000001,14.700000000000001,-0.0010161695426658124,0.0010161695426658124,4.4300895785109873e-06
W10,14.700000000000001,14.800000000000001,-0.00095922203904930115,0.00095922203904930115,3.7680284510344109e-06
W10,14.800000000000001,14.9,-0.0009054417830667294,0.0009054417830667294,3.2041655857462104e-06
W10,14.9,15,-0.00085465618931590548,0.00085465618931590548,2.7240838447184501e-06
W10,15,15.100000000000001,-0.00080670155313722347,0.00080670155313722347,2.315453429435621e-06
W10,15.100000000000001,15.200000000000001,-0.00076142267066026115,0.00076142267065981706,1.9677354932134961e-06
W10,15.200000000000001,15.300000000000001,-0.00071867246339407664,0.00071867246339407664,1.6719266828779666e-06
W10,15.300000000000001,15.4,-0.00067831160937381618,0.00067831160937381618,1.4203391818234934e-06
W10,15.4,15.5,-0.00064020818251031564,0.00064020818251031564,1.2064115249010854e-06
W10,15.5,15.600000000000001,-0.0006042373014079061,0.0006042373014079061,1.0245460031477194e-06
W10,15.600000000000001,15.700000000000001,-0.00057028078860721365,0.00057028078860721365,8.6996906345504499e-07
W10,15.700000000000001,15.800000000000001,-0.00053822684100168772,0.00053822684100168772,7.3861153659926515e-07
W10,15.800000000000001,15.9,-0.00050796971189681628,0.00050796971189681628,6.2700596403786335e-07
W10,15.9,16,-0.0004794094050502018,0.0004794094050502018,5.3219862361508774e-07
W10,16,16.100000000000001,-0.00045245138085103775,0.00045245138085103775,4.5167424023162539e-07
W10,16.100000000000001,16.199999999999999,-0.00042700627467917585,0.00042700627467917585,3.8329154272709332e-07
W10,16.199999999999999,16.300000000000001,-0.0004029896273927136,0.0004029896273927136,3.2522818105285012e-07
W10,16.300000000000001,16.400000000000002,-0.00038032162778511847,0.00038032162778511847,2.7593364038125401e-07
W10,16.400000000000002,16.5,-0.00035892686680538688,0.00035892686680538688,2.3408903482291521e-07
W10,16.5,16.600000000000001,-0.00033873410328100206,0.00033873410328100206,1.9857276534196444e-07
W10,16.600000000000001,16.699999999999999,-0.00031967604082372425,0.00031967604082372425,1.6843122807586042e-07
W10,16.699999999999999,16.800000000000001,-0.00030168911559247391,0.00030168911559247391,1.4285382587964079e-07
W10,16.800000000000001,16.900000000000002,-0.00028471329454671235,0.00028471329454671235,1.211516578170091e-07
W10,16.900000000000002,17,-0.00026869188380396203,0.00026869188380396203,1.0273936013049934e-07
W10,17,17.100000000000001,-0.00025357134673664739,0.00025357134673664739,8.7119637948163131e-08
W10,17.100000000000001,17.199999999999999,-0.00023930113140147036,0.00023930113140147036,7.3870077388349387e-08
W10,17.199999999999999,17.300000000000001,-0.00022583350690252857,0.00022583350690252857,6.2631937414181493e-08
W10,17.300000000000001,17.400000000000002,-0.00021312340832224663,0.00021312340832224663,5.3100590591270702e-08
W10,17.400000000000002,17.5,-0.00020112828981577735,0.00020112828981577735,4.5017401806290991e-08
W10,17.5,17.600000000000001,-0.00018980798550383149,0.00018980798550383149,3.8162806914598946e-08
W10,17.600000000000001,17.699999999999999,-0.000179124577780021,0.000179124577780021,3.2350441658834939e-08
W10,17.699999999999999,17.800000000000001,-0.00016904227270231331,0.00016904227270231331,2.7422133896948253e-08
W10,17.800000000000001,17.900000000000002,-0.00015952728209045475,0.00015952728209045475,2.3243659441618547e-08
W10,17.900000000000002,18,-0.00015054771202338557,0.00015054771202338557,1.9701121178883341e-08
W10,18,18.100000000000001,-0.00014207345739558619,0.00014207345739558619,1.6697888405303729e-08
W10,18.100000000000001,18.199999999999999,-0.000134076102226377,0.000134076102226377,1.4151979144116922e-08
W10,18.199999999999999,18.300000000000001,-0.00012652882543551236,0.00012652882543551236,1.1993852577774078e-08
W10,18.300000000000001,18.400000000000002,-0.00011940631178641858,0.00011940631178641858,1.0164521224709233e-08
W10,18.400000000000002,18.5,-0.00011268466773239894,0.00011268466773239894,8.6139542165852845e-09
W10,18.5,18.600000000000001,-0.00010634134191223055,0.00010634134191223055,7.2997223821147372e-09
W10,18.600000000000001,18.699999999999999,-0.00010035505003846978,0.00010035505003846978,6.1858438371586999e-09
W10,18.699999999999999,18.800000000000001,-9.470570393488309e-05,9.470570393488309e-05,5.2418056561975845e-09
W10,18.800000000000001,18.900000000000002,-8.9374344539594475e-05,8.9374344539594475e-05,4.4417380884453905e-09
W10,18.900000000000002,19,-8.4343078597504118e-05,8.4343078597504118e-05,3.7637062355599937e-09
W10,19,19.100000000000001,-7.959501889698295e-05,7.959501889698295e-05,3.1891094209868243e-09
W10,19.100000000000001,19.200000000000003,-7.5114227832795422e-05,7.5114227832795422e-05,2.7021833659546246e-09
W10,19.200000000000003,19.300000000000001,-7.0885664105180268e-05,7.0885664105180268e-05,2.2895614293361177e-09
W10,19.300000000000001,19.400000000000002,-6.6895132412092551e-05,6.6895132412092551e-05,1.9399133410757941e-09
W10,19.400000000000002,19.5,-6.3129235934766825e-05,6.3129235934766825e-05,1.6436354499660411e-09
W10,19.5,19.600000000000001,-5.9575331491146244e-05,5.9575331491146244e-05,1.3925853803442578e-09
W10,19.600000000000001,19.700000000000003,-5.6221487190200037e-05,5.6221487190200037e-05,1.179863096112399e-09
W10,19.700000000000003,19.800000000000001,-5.3056442471444143e-05,5.3056442471444143e-05,9.9962149668897382e-10
W10,19.800000000000001,19.900000000000002,-5.0069570361355176e-05,5.0069570361355176e-05,8.4690410240284564e-10
W10,19.900000000000002,20,-4.7250841863633042e-05,4.7250841863633042e-05,7.1750916319501812e-10
W11,0,0.10000000000000001,-0.0022678386388024496,0.0022678386388024418,0.059803939212846519
W11,0.10000000000000001,0.20000000000000001,-0.0066669393869516862,0.0066669393869516732,0.071325687821442746
W11,0.20000000000000001,0.30000000000000004,-0.011272956088686951,0.01127295608868694,0.082584540787612487
W11,0.30000000000000004,0.40000000000000002,-0.016187188431381089,0.016187188431381064,0.092809421788564855
W11,0.40000000000000002,0.5,-0.021359966446376472,0.021359966446376472,0.10124543962191118
W11,0.5,0.60000000000000009,-0.026674309746479982,0.026674309746479954,0.10727527125968928
W11,0.60000000000000009,0.70000000000000007,-0.031977604476335658,0.03197760447633563,0.11053198626803284
W11,0.70000000000000007,0.80000000000000004,-0.037107509774580827,0.037107509774580716,0.11097203920534315
W11,0.80000000000000004,0.90000000000000002,-0.041915349270132046,0.041915349270132046,0.10888624580191908
W11,0.90000000000000002,1,-0.046284946032611934,0.046284946032611934,0.1048433316167483
W11,1,1.1000000000000001,-0.05014432828199944,0.05014432828199944,0.099579485570586934
W11,1.1000000000000001,1.2000000000000002,-0.053468890355589049,0.053468890355589049,0.093861788650451583
W11,1.2000000000000002,1.3,-0.056276433907082701,0.05627643390708259,0.088359226338659225
W11,1.3,1.4000000000000001,-0.058616254671073342,0.058616254671073342,0.083551066784743888
W11,1.4000000000000001,1.5,-0.060555495454468589,0.060555495454468478,0.07969005703357035
W11,1.5,1.6000000000000001,-0.062166073083857687,0.062166073083857687,0.076820797313776001
W11,1.6000000000000001,1.7000000000000002,-0.0635146716687508,0.0635146716687508,0.074837485227826628
W11,1.7000000000000002,1.8,-0.064656935374361235,0.064656935374361235,0.0735562581672351
W11,1.8,1.9000000000000001,-0.065635638176644084,0.065635638176644084,0.072778625733119107
W11,1.9000000000000001,2,-0.066481689287846035,0.066481689287846035,0.07233226571360607
W11,2,2.1000000000000001,-0.067023257376852885,0.067023257376852885,0.069598208123123451
W11,2.1000000000000001,2.2000000000000002,-0.066953146274523867,0.066953146274523867,0.066805572018358239
W11,2.2000000000000002,2.3000000000000003,-0.066674073981392246,0.066674073981392246,0.065643816782207987
W11,2.3000000000000003,2.4000000000000004,-0.066339638651464083,0.066339638651464083,0.065005506023373849
W11,2.4000000000000004,2.5,-0.065987401336407903,0.065987401336407903,0.06453609059221499
W11,2.5,2.6000000000000001,-0.065628044552945575,0.065628044552945575,0.064120675812866956
W11,2.6000000000000001,2.7000000000000002,-0.065264918964690111,0.065264918964690111,0.063721764372631995
W11,2.7000000000000002,2.8000000000000003,-0.064899200275364333,0.064899200275364333,0.063327097854993575
W11,2.8000000000000003,2.9000000000000004,-0.064531383203630055,0.064531383203630055,0.062932718493280415
W11,2.9000000000000004,3,-0.064161742460380422,0.064161742460380422,0.062537422577068291
W11,3,3.1000000000000001,-0.063790481311868819,0.063790481311868819,0.062140929494008734
W11,3.1000000000000001,3.2000000000000002,-0.063417780812110136,0.063417780812110136,0.061743272152554596
W11,3.2000000000000002,3.3000000000000003,-0.063043816306097344,0.063043816306097344,0.061344592054660474
W11,3.3000000000000003,3.4000000000000004,-0.062668762862609029,0.062668762862609029,0.060945069530849771
W11,3.4000000000000004,3.5,-0.062292796882868373,0.062292796882868373,0.060544899506777661
W11,3.5,3.6000000000000001,-0.061916096361371631,0.061916096361371631,0.060144282740465016
W11,3.6000000000000001,3.7000000000000002,-0.061538840660111838,0.061538840660111838,0.059743422360847731
W11,3.7000000000000002,3.8000000000000003,-0.06116121010110942,0.06116121010110942,0.059342522237481266
W11,3.8000000000000003,3.9000000000000004,-0.060783385487763297,0.060783385487762853,0.058941785987856488
W11,3.9000000000000004,4,-0.060405547596966702,0.060405547596966702,0.058541416209611619
W11,4,4.1000000000000005,-0.060027876659324964,0.060027876659324964,0.058141613795438474
W11,4.1000000000000005,4.2000000000000002,-0.059650551836084809,0.059650551836084809,0.057742577282911878
W11,4.2000000000000002,4.2999999999999998,-0.059273750698126015,0.059273750698126015,0.057344502225011862
W11,4.2999999999999998,4.4000000000000004,-0.058897648711123907,0.058897648711123907,0.056947580578774915
W11,4.4000000000000004,4.5,-0.058522418730527104,0.058522418730527104,0.056552000113757828
W11,4.5,4.6000000000000005,-0.058148230509777132,0.058148230509777132,0.056157943843371694
W11,4.6000000000000005,4.7000000000000002,-0.057775250224890939,0.057775250224890939,0.055765589482390077
W11,4.7000000000000002,4.8000000000000007,-0.057403640018447,0.057403640018447,0.055375108934073047
W11,4.8000000000000007,4.9000000000000004,-0.057033557565704385,0.057033557565704385,0.054986667809802992
W11,4.9000000000000004,5,-0.056665155665470479,0.056665155665470479,0.054600424984064144
W11,5,5.1000000000000005,-0.056298581857920027,0.056298581857920027,0.054216532187131516
W11,5.1000000000000005,5.2000000000000002,-0.055933978071398105,0.055933978071398105,0.053835133637301968
W11,5.2000000000000002,5.3000000000000007,-0.055571480299909215,0.055571480299909215,0.053456365714313225
W11,5.3000000000000007,5.4000000000000004,-0.055211218312639421,0.055211218312640309,0.053080356674926055
W11,5.4000000000000004,5.5,-0.054853315396587998,0.054853315396587998,0.052707226411415231
W11,5.5,5.6000000000000005,-0.054497888133020922,0.054497888133020922,0.052337086253041232
W11,5.6000000000000005,5.7000000000000002,-0.054145046208136538,0.054145046208136538,0.051970038810421393
W11,5.7000000000000002,5.8000000000000007,-0.053794892258032689,0.053794892258032689,0.051606177862099756
W11,5.8000000000000007,5.9000000000000004,-0.053447521747735482,0.053447521747735482,0.051245588282345267
W11,5.9000000000000004,6,-0.053103022883756346,0.053103022883756346,0.05088834600879899
W11,6,6.1000000000000005,-0.052761476559360254,0.052761476559360254,0.050534518048321431
W11,6.1000000000000005,6.2000000000000002,-0.05242295633148375,0.05242295633148375,0.050184162519034459
W11,6.2000000000000002,6.3000000000000007,-0.052087528428034435,0.052087528428034435,0.049837328726369812
W11,6.3000000000000007,6.4000000000000004,-0.051755251783981659,0.051755251783981659,0.049494057270703884
W11,6.4000000000000004,6.5,-0.051426178104647668,0.051426178104647668,0.049154380183882296
W11,6.5,6.6000000000000005,-0.0511003519542923,0.0511003519542923,0.048818321092069183
W11,6.6000000000000005,6.7000000000000002,-0.050777810868007922,0.050777810868007922,0.048485895401837453
W11,6.7000000000000002,6.8000000000000007,-0.050458585484968399,0.050458585484968399,0.048157110506883427
W11,6.8000000000000007,6.9000000000000004,-0.050142699700758353,0.050142699700758353,0.047831966012213734
W11,6.9000000000000004,7,-0.049830170836719034,0.049830170836719034,0.047510453973074185
W11,7,7.1000000000000005,-0.049521009824062823,0.049521009824062823,0.047192559145585733
W11,7.1000000000000005,7.2000000000000002,-0.049215221400591869,0.049215221400591869,0.046878259246446063
W11,7.2000000000000002,7.3000000000000007,-0.048912804317883474,0.048912804317883474,0.046567525218927486
W11,7.3000000000000007,7.4000000000000004,-0.048613751556787044,0.048613751556787044,0.046260321502476387
W11,7.4000000000000004,7.5,-0.048318050549243985,0.048318050549243985,0.045956606303606762
W11,7.5,7.6000000000000005,-0.048025683404428143,0.048025683404428143,0.045656331865698618
W11,7.6000000000000005,7.7000000000000002,-0.047736627137378029,0.047736627137378029,0.045359444735423082
W11,7.7000000000000002,7.8000000000000007,-0.047450853898304501,0.047450853898304501,0.04506588602396544
W11,7.8000000000000007,7.9000000000000004,-0.047168331200948543,0.047168331200948543,0.044775591661056602
W11,7.9000000000000004,8,-0.046889022148491222,0.046889022148491222,0.044488492640166299
W11,8,8.0999999999999996,-0.046612885655463288,0.046612885655463288,0.044204515253360555
W11,8.0999999999999996,8.2000000000000011,-0.046339876664527324,0.046339876664527324,0.043923581314444959
W11,8.2000000000000011,8.3000000000000007,-0.046069946356868563,0.046069946356868563,0.043645608369208944
W11,8.3000000000000007,8.4000000000000004,-0.045803042355069046,0.045803042355069046,0.04337050989173008
W11,8.4000000000000004,8.5,-0.045539108917747484,0.045539108917747484,0.043098195465796962
W11,8.5,8.5999999999999996,-0.045278087124851041,0.045278087124851041,0.042828570950701028
W11,8.5999999999999996,8.7000000000000011,-0.045019915053176263,0.045019915053176263,0.042561538630828899
W11,8.7000000000000011,8.8000000000000007,-0.044764527941271837,0.044764527941271837,0.042296997348369558
W11,8.8000000000000007,8.9000000000000004,-0.044511858343428301,0.044511858343428301,0.042034842618914325
W11,8.9000000000000004,9,-0.044261836272070809,0.044261836272070809,0.041774966729407836
W11,9,9.0999999999999996,-0.04401438932852475,0.04401438932852475,0.041517258818430491
W11,9.0999999999999996,9.2000000000000011,-0.043769442821596449,0.043769442821596449,0.041261604938448215
W11,9.2000000000000011,9.3000000000000007,-0.043526919874006254,0.043526919874006254,0.041007888100066836
W11,9.3000000000000007,9.4000000000000004,-0.043286741516384453,0.043286741516384453,0.040755988298180057
W11,9.4000000000000004,9.5,-0.043048826768838921,0.043048826768838921,0.040505782520042111
W11,9.5,9.6000000000000014,-0.042813092709996781,0.042813092709996781,0.040257144735270423
W11,9.6000000000000014,9.7000000000000011,-0.042579454533592909,0.042579454533592909,0.040009945867946151
W11,9.7000000000000011,9.8000000000000007,-0.042347825592571553,0.042347825592571553,0.039764053750794837
W11,9.8000000000000007,9.9000000000000004,-0.042118117430815616,0.042118117430815616,0.039519333061660333
W11,9.9000000000000004,10,-0.041890239802548912,0.041890239802548912,0.039275645242456747
W11,10,10.100000000000001,-0.041664100679611238,0.041664100679611238,0.039032848400646358
W11,10.100000000000001,10.200000000000001,-0.041439606246531646,0.041439606246531646,0.038790797193563264
W11,10.200000000000001,10.300000000000001,-0.041216660883772072,0.041216660883772072,0.038549342695704425
W11,10.300000000000001,10.4,-0.040995167139006305,0.040995167139006305,0.038308332249282984
W11,10.4,10.5,-0.040775025686841992,0.040775025686841992,0.038067609298233052
W11,10.5,10.600000000000001,-0.040556135276838212,0.040556135276838212,0.037827013206027438
W11,10.600000000000001,10.700000000000001,-0.040338392670195233,0.040338392670195233,0.03758637905758011
W11,10.700000000000001,10.800000000000001,-0.04012169256504805,0.04012169256504805,0.037345537445695243
W11,10.800000000000001,10.9,-0.039905927510655026,0.039905927510655026,0.037104314242340841
W11,10.9,11,-0.039690987810502953,0.039690987810502953,0.036862530355544543
W11,11,11.100000000000001,-0.03947676141446621,0.03947676141446621,0.036620001472270403
W11,11.100000000000001,11.200000000000001,-0.039263133800220729,0.039263133800220729,0.036376537788182617
W11,11.200000000000001,11.300000000000001,-0.039049987843998046,0.039049987843998046,0.036131943725164817
W11,11.300000000000001,11.4,-0.038837203680846422,0.038837203680846422,0.035886017637640322
W11,11.4,11.5,-0.038624658554596181,0.038624658554596181,0.035638551518450967
W11,11.5,11.600000000000001,-0.038412226657722925,0.038412226657722925,0.035389330659198137
W11,11.600000000000001,11.700000000000001,-0.038199778961388375,0.038199778961388375,0.035138133355528289
W11,11.700000000000001,11.800000000000001,-0.037987183035566474,0.037987183035566474,0.034884730583703671
W11,11.800000000000001,11.9,-0.037774302860196229,0.037774302860196229,0.034628885670966447
W11,11.9,12,-0.037560998627562014,0.037560998627562014,0.034370353972844825
W11,12,12.100000000000001,-0.037347126536278807,0.037347126536278807,0.034108882555377917
W11,12.100000000000001,12.200000000000001,-0.037132538577521856,0.037132538577521856,0.033844209886542131
W11,12.200000000000001,12.300000000000001,-0.036917082314326777,0.036917082314326777,0.033576065542048283
W11,12.300000000000001,12.4,-0.036700600654777205,0.036700600654777205,0.033304169931314576
W11,12.4,12.5,-0.036482931620207104,0.036482931620207104,0.033028234050454408
W11,12.5,12.600000000000001,-0.036263908109730458,0.036263908109730458,0.03274795927016072
W11,12.600000000000001,12.700000000000001,-0.036043357662675746,0.036043357662675746,0.032463037167555164
W11,12.700000000000001,12.800000000000001,-0.035821102220667811,0.035821102220667811,0.032173149412441759
W11,12.800000000000001,12.9,-0.03559695789165751,0.03559695789165751,0.03187796771987994
W11,12.9,13,-0.035370734718395802,0.035370734718395802,0.031577153882719422
W11,13,13.100000000000001,-0.035142236454404063,0.035142236454404063,0.031270359899322031
W11,13.100000000000001,13.200000000000001,-0.034911260350940942,0.034911260350940942,0.030957228214022692
W11,13.200000000000001,13.300000000000001,-0.034677596959032719,0.034677596959032719,0.030637392089646553
W11,13.300000000000001,13.4,-0.034441029951333135,0.034441029951333135,0.030310476133833752
W11,13.4,13.5,-0.034201335969175517,0.034201335969175517,0.029976097003204139
W11,13.5,13.600000000000001,-0.033958284501070857,0.033958284501070857,0.029633864311941593
W11,13.600000000000001,13.700000000000001,-0.033711637799754612,0.033711637799754612,0.029283381773540285
W11,13.700000000000001,13.800000000000001,-0.033461150845769616,0.033461150845769616,0.028924248607243186
W11,13.800000000000001,13.9,-0.033206571366660498,0.033206571366660498,0.028556061242626996
W11,13.9,14,-0.03294763992198213,0.03294763992198213,0.028178415357993813
W11,14,14.100000000000001,-0.032684090065351334,0.032684090065351334,0.027790908289730964
W11,14.100000000000001,14.200000000000001,-0.032415648596164637,0.032415648596164637,0.027393141850936331
W11,14.200000000000001,14.300000000000001,-0.032142035914794143,0.032142035914794143,0.026984725597791304
W11,14.300000000000001,14.4,-0.031862966496215783,0.031862966496215783,0.026565280581372086
W11,14.4,14.5,-0.031578149498466601,0.031578149498466601,0.026134443620523307
W11,14.5,14.600000000000001,-0.031287289523302064,0.031287289523302064,0.025691872127738158
W11,14.600000000000001,14.700000000000001,-0.030990087547515976,0.030990087547515976,0.025237249513999416
W11,14.700000000000001,14.800000000000001,-0.030686242044272838,0.030686242044272838,0.024770291190726823
W11,14.800000000000001,14.9,-0.030375450314204855,0.030375450314204855,0.024290751175797709
W11,14.9,15,-0.030057410046332222,0.030057410046332222,0.023798429296641999
W11,15,15.100000000000001,-0.029731821128393676,0.029731821128393676,0.023293178965928973
W11,15.100000000000001,15.200000000000001,-0.029398387725344755,0.029398387725344755,0.02277491548383459
W11,15.200000000000001,15.300000000000001,-0.029056820642980874,0.029056820642980874,0.022243624795821759
W11,15.300000000000001,15.4,-0.028706839991000876,0.028706839991000876,0.021699372605567646
W11,15.4,15.5,-0.028348178156193171,0.028348178156193171,0.021142313709917815
W11,15.5,15.600000000000001,-0.02798058309153717,0.02798058309153717,0.020572701386741166
W11,15.600000000000001,15.700000000000001,-0.027603821920624938,0.027603821920624938,0.01999089662845499
W11,15.700000000000001,15.800000000000001,-0.027217684849320634,0.027217684849320634,0.019397376974814584
W11,15.800000000000001,15.9,-0.026821989367121546,0.026821989367121546,0.018792744660339977
W11,15.9,16,-0.026416584710174718,0.026416584710174718,0.018177733756512993
W11,16,16.100000000000001,-0.026001356545401144,0.026001356545401144,0.017553215959457802
W11,16.100000000000001,16.199999999999999,-0.025576231821911932,0.025576231821911932,0.016920204653059656
W11,16.199999999999999,16.300000000000001,-0.025141183721243188,0.025141183721243188,0.016279856868951725
W11,16.300000000000001,16.400000000000002,-0.02469623662271303,0.02469623662271303,0.015633472771479084
W11,16.400000000000002,16.5,-0.024241470985238323,0.024241470985238323,0.014982492321371943
W11,16.5,16.600000000000001,-0.023777028032000658,0.023777028032000658,0.014328488817858087
W11,16.600000000000001,16.699999999999999,-0.023303114111609347,0.023303114111609347,0.013673159088805065
W11,16.699999999999999,16.800000000000001,-0.022820004598525401,0.022820004598525401,0.01301831019037003
W11,16.800000000000001,16.900000000000002,-0.022328047187928135,0.022328047187928135,0.0123658425923594
W11,16.900000000000002,17,-0.021827664437713779,0.021827664437713779,0.011717729958613532
W11,17,17.100000000000001,-0.021319355412326324,0.021319355412326324,0.011075995778341508
W11,17.100000000000001,17.199999999999999,-0.020803696291727292,0.020803696291727292,0.010442687258112038
W11,17.199999999999999,17.300000000000001,-0.020281339824117062,0.020281339824117062,0.0098198470348291877
W11,17.300000000000001,17.400000000000002,-0.019753013523067686,0.019753013523067686,0.0092094834095846068
W11,17.400000000000002,17.5,-0.01921951653863907,0.01921951653863907,0.0086135399181586081
W11,17.5,17.600000000000001,-0.018681715167258695,0.018681715167258695,0.0080338651386302473
W11,17.600000000000001,17.699999999999999,-0.018140537005097102,0.018140537005097102,0.0074721836797335683
W11,17.699999999999999,17.800000000000001,-0.017596963793398146,0.017596963793398146,0.0069300692905356343
W11,17.800000000000001,17.900000000000002,-0.017052023049370035,0.017052023049370035,0.0064089209794904178
W11,17.900000000000002,18,-0.01650677862064498,0.01650677862064498,0.0059099429301481265
W11,18,18.100000000000001,-0.015962320342753245,0.015962320342753245,0.0054341288560895151
W11,18.100000000000001,18.199999999999999,-0.015419753014784376,0.015419753014784376,0.0049822512582240464
W11,18.199999999999999,18.300000000000001,-0.014880184937030805,0.014880184937030805,0.0045548558437484843
W11,18.300000000000001,18.400000000000002,-0.014344716272991498,0.014344716272991498,0.0041522611516899843
W11,18.400000000000002,18.5,-0.013814427506989801,0.013814427506989801,0.0037745632184336131
W11,18.5,18.600000000000001,-0.013290368265693964,0.013290368265693964,0.0034216449213397837
W11,18.600000000000001,18.699999999999999,-0.012773546758543475,0.012773546758543475,0.0030931894709267382
W11,18.699999999999999,18.800000000000001,-0.012264920068245644,0.012264920068245644,0.0027886973908968216
W11,18.800000000000001,18.900000000000002,-0.011765385490406288,0.011765385490406288,0.0025075062360420119
W11,18.900000000000002,19,-0.011275773082049412,0.011275773082049412,0.0022488122525814447
W11,19,19.100000000000001,-0.010796839535538005,0.010796839535538005,0.0020116931828884077
W11,19.100000000000001,19.200000000000003,-0.010329263448553228,0.010329263448553228,0.0017951314517095085
W11,19.200000000000003,19.300000000000001,-0.0098736420153340276,0.0098736420153340276,0.0015980370387298493
W11,19.300000000000001,19.400000000000002,-0.0094304891215477582,0.0094304891215477582,0.0014192694334660416
W11,19.400000000000002,19.5,-0.0090002347859252652,0.0090002347859252652,0.0012576581758230176
W11,19.5,19.600000000000001,-0.008583225858858512,0.008583225858858512,0.0011120216004130157
W11,19.600000000000001,19.700000000000003,-0.00817972786100718,0.00817972786100718,0.00098118351760234646
W11,19.700000000000003,19.800000000000001,-0.0077899278254065507,0.0077899278254065507,0.00086398767346729244
W11,19.800000000000001,19.900000000000002,-0.0074139379934479166,0.0074139379934479166,0.00075930992903572303
W11,19.900000000000002,20,-0.0070518002091102261,0.0070518002091102261,0.00066606818403158741
W12,0,0.10000000000000001,-0.0021105582796603758,0.0021105582796603784,0.053940730839572418
W12,0.10000000000000001,0.20000000000000001,-0.0056400028451514287,0.0056400028451514383,0.053583185832246291
W12,0.20000000000000001,0.30000000000000004,-0.0086419700829746763,0.0086419700829746954,0.053253402461699156
W12,0.30000000000000004,0.40000000000000002,-0.011332949201531949,0.011332949201531974,0.05294280745509819
W12,0.40000000000000002,0.5,-0.013797824397605206,0.013797824397605206,0.052648851090803583
W12,0.5,0.60000000000000009,-0.016080581219585714,0.016080581219585714,0.052371405296950335
W12,0.60000000000000009,0.70000000000000007,-0.018207000805568509,0.018207000805568509,0.052111383171644654
W12,0.70000000000000007,0.80000000000000004,-0.020193962609076507,0.020193962609076507,0.051870070971086202
W12,0.80000000000000004,0.90000000000000002,-0.022053814638118868,0.02205381463811884,0.051648787250381578
W12,0.90000000000000002,1,-0.023796496404988682,0.023796496404988654,0.051448708712454772
W12,1,1.1000000000000001,-0.025430577219609035,0.025430577219609035,0.051270783862005231
W12,1.1000000000000001,1.2000000000000002,-0.026963764772707843,0.026963764772707843,0.05111569393122406
W12,1.2000000000000002,1.3,-0.028403155016028303,0.028403155016028303,0.050983840011902037
W12,1.3,1.4000000000000001,-0.029755356166355607,0.029755356166355607,0.05087534535050553
W12,1.4000000000000001,1.5,-0.031026551881548348,0.031026551881548348,0.050790066912564269
W12,1.5,1.6000000000000001,-0.032222535407762765,0.032222535407762765,0.050727612950099754
W12,1.6000000000000001,1.7000000000000002,-0.033348730210995381,0.033348730210995381,0.050687364633141385
W12,1.7000000000000002,1.8,-0.034410204639801822,0.034410204639801822,0.050668500469970623
W12,1.8,1.9000000000000001,-0.035411684270920674,0.035411684270920674,0.050670022571117301
W12,1.9000000000000001,2,-0.036357563681871652,0.036357563681871652,0.050690783980486209
W12,2,2.1000000000000001,-0.037251918455434019,0.037251918455434019,0.050729516391406548
W12,2.1000000000000001,2.2000000000000002,-0.038098517753432981,0.038098517753432981,0.050784857630596925
W12,2.2000000000000002,2.3000000000000003,-0.038900837560104873,0.038900837560104873,0.050855378351198688
W12,2.3000000000000003,2.4000000000000004,-0.039662074571736095,0.039662074571736095,0.050939607437255674
W12,2.4000000000000004,2.5,-0.040385160642845697,0.040385160642845697,0.051036055689970716
W12,2.5,2.6000000000000001,-0.041072777663019644,0.041072777663019644,0.051143237441189093
W12,2.6000000000000001,2.7000000000000002,-0.041727372719399969,0.041727372719399969,0.051259689820053467
W12,2.7000000000000002,2.8000000000000003,-0.042351173391570573,0.042351173391570573,0.051383989482229886
W12,2.8000000000000003,2.9000000000000004,-0.042946203024894603,0.042946203024894603,0.051514766694483516
W12,2.9000000000000004,3,-0.043514295833325445,0.043514295833325445,0.051650716747672742
W12,3,3.1000000000000001,-0.044057111692286766,0.044057111692286766,0.051790608745676092
W12,3.1000000000000001,3.2000000000000002,-0.044576150495263533,0.044576150495263533,0.0519332918839428
W12,3.2000000000000002,3.3000000000000003,-0.045072765963495076,0.045072765963495076,0.052077699387396592
W12,3.3000000000000003,3.4000000000000004,-0.045548178815748352,0.045548178815748352,0.052222850322131364
W12,3.4000000000000004,3.5,-0.046003489223751748,0.046003489223751748,0.052367849527937604
W12,3.5,3.6000000000000001,-0.046439688497876164,0.046439688497876164,0.052511885939448444
W12,3.6000000000000001,3.7000000000000002,-0.046857669966066551,0.046857669966066551,0.05265422957267063
W12,3.7000000000000002,3.8000000000000003,-0.047258239026811699,0.047258239026811699,0.052794227452483078
W12,3.8000000000000003,3.9000000000000004,-0.047642122372978601,0.047642122372978601,0.052931298746087929
W12,3.9000000000000004,4,-0.048009976397804133,0.048009976397804133,0.053064929349531553
W12,4,4.1000000000000005,-0.048362394806676923,0.048362394806676923,0.053194666150702119
W12,4.1000000000000005,4.2000000000000002,-0.048699915468539245,0.048699915468539245,0.053320111164576467
W12,4.2000000000000002,4.2999999999999998,-0.049023026548704607,0.049023026548704607,0.05344091570670173
W12,4.2999999999999998,4.4000000000000004,-0.049332171970797312,0.049332171970797312,0.053556774740303403
W12,4.4000000000000004,4.5,-0.049627756259297051,0.049627756259297051,0.053667421502578527
W12,4.5,4.6000000000000005,-0.049910148816280309,0.049910148816280309,0.053772622487715971
W12,4.6000000000000005,4.7000000000000002,-0.050179687686371377,0.050179687686371377,0.053872172838529409
W12,4.7000000000000002,4.8000000000000007,-0.050436682863012727,0.050436682863012727,0.053965892176364605
W12,4.8000000000000007,4.9000000000000004,-0.050681419187301291,0.050681419187301291,0.054053620879922715
W12,4.9000000000000004,5,-0.050914158887773286,0.050914158887773286,0.054135216808379738
W12,5,5.1000000000000005,-0.051135143806272154,0.051135143806272154,0.054210552452081284
W12,5.1000000000000005,5.2000000000000002,-0.051344597351221655,0.051344597351221655,0.054279512485569725
W12,5.2000000000000002,5.3000000000000007,-0.051542726215847434,0.051542726215847434,0.054341991691717606
W12,5.3000000000000007,5.4000000000000004,-0.051729721894880676,0.051729721894880676,0.054397893222437155
W12,5.4000000000000004,5.5,-0.051905762029503144,0.051905762029503144,0.05444712716010347
W12,5.5,5.6000000000000005,-0.052071011606665607,0.052071011606665607,0.054489609344175793
W12,5.6000000000000005,5.7000000000000002,-0.052225624035464602,0.052225624035464602,0.054525260428934352
W12,5.7000000000000002,5.8000000000000007,-0.05236974212034573,0.05236974212034573,0.054554005140766471
W12,5.8000000000000007,5.9000000000000004,-0.052503498947880534,0.052503498947880534,0.05457577170628447
W12,5.9000000000000004,6,-0.052627018701687067,0.052627018701687067,0.054590491425761556
W12,6,6.1000000000000005,-0.052740417417717289,0.052740417417717289,0.054598098369716297
W12,6.1000000000000005,6.2000000000000002,-0.052843803690398428,0.052843803690398428,0.054598529179615163
W12,6.2000000000000002,6.3000000000000007,-0.052937279338527876,0.052937279338527876,0.054591722956704558
W12,6.3000000000000007,6.4000000000000004,-0.053020940038359221,0.053020940038359221,0.054577621225664785
W12,6.4000000000000004,6.5,-0.05309487593042217,0.05309487593042217,0.054556167962307001
W12,6.5,6.6000000000000005,-0.053159172205383243,0.053159172205383243,0.054527309676446478
W12,6.6000000000000005,6.7000000000000002,-0.053213909673649695,0.053213909673649695,0.054490995543099885
W12,6.7000000000000002,6.8000000000000007,-0.053259165322692148,0.053259165322692148,0.054447177576395056
W12,6.8000000000000007,6.9000000000000004,-0.053295012865373081,0.053295012865373081,0.054395810841902481
W12,6.9000000000000004,7,-0.053321523282258809,0.053321523282258809,0.05433685370402852
W12,7,7.1000000000000005,-0.053338765360249507,0.053338765360249507,0.054270268105697461
W12,7.1000000000000005,7.2000000000000002,-0.053346806229615851,0.053346806229615851,0.054196019878236079
W12,7.2000000000000002,7.3000000000000007,-0.053345711901094273,0.053345711901094273,0.054114079079520039
W12,7.3000000000000007,7.4000000000000004,-0.053335547804282513,0.053335547804282513,0.054024420358805614
W12,7.4000000000000004,7.5,-0.053316379328436803,0.053316379328436803,0.053927023346640901
W12,7.5,7.6000000000000005,-0.053288272366167622,0.053288272366167622,0.053821873068153891
W12,7.6000000000000005,7.7000000000000002,-0.053251293860437254,0.053251293860437254,0.053708960378089365
W12,7.7000000000000002,7.8000000000000007,-0.053205512354708162,0.053205512354708162,0.053588282415430122
W12,7.8000000000000007,7.9000000000000004,-0.053150998545900219,0.053150998545900219,0.053459843075490454
W12,7.9000000000000004,8,-0.053087825839285063,0.053087825839285063,0.053323653496709866
W12,8,8.0999999999999996,-0.053016070904210011,0.053016070904210011,0.053179732559192949
W12,8.0999999999999996,8.2000000000000011,-0.052935814228904476,0.052935814228904476,0.053028107391401846
W12,8.2000000000000011,8.3000000000000007,-0.052847140672528603,0.052847140672528603,0.052868813881131516
W12,8.3000000000000007,8.4000000000000004,-0.052750140011786684,0.052750140011786684,0.052701897186002711
W12,8.4000000000000004,8.5,-0.052644907479353797,0.052644907479353797,0.052527412238664084
W12,8.5,8.5999999999999996,-0.052531544290623344,0.052531544290623344,0.052345424240772154
W12,8.5999999999999996,8.7000000000000011,-0.052410158154983844,0.052410158154983844,0.052156009139659787
W12,8.7000000000000011,8.8000000000000007,-0.052280863767324437,0.052280863767324437,0.0519592540808409
W12,8.8000000000000007,8.9000000000000004,-0.052143783275101718,0.052143783275101718,0.051755257829033674
W12,8.9000000000000004,9,-0.051999046715740516,0.051999046715740516,0.051544131149729999
W12,9,9.0999999999999996,-0.051846792418950294,0.051846792418950294,0.051325997143162994
W12,9.0999999999999996,9.2000000000000011,-0.05168716736815826,0.051687167368160036,0.051100991521980887
W12,9.2000000000000011,9.3000000000000007,-0.051520327514467112,0.051520327514467112,0.050869262827288431
W12,9.3000000000000007,9.4000000000000004,-0.051346438038070374,0.051346438038070374,0.050630972569971178
W12,9.4000000000000004,9.5,-0.051165673553952296,0.051165673553952296,0.050386295248604718
W12,9.5,9.6000000000000014,-0.050978218238076245,0.050978218238076245,0.050135418361166195
W12,9.6000000000000014,9.7000000000000011,-0.050784265896676395,0.050784265896676395,0.049878542245858526
W12,9.7000000000000011,9.8000000000000007,-0.050584019950672854,0.050584019950672854,0.049615879832784593
W12,9.8000000000000007,9.9000000000000004,-0.050377693336727702,0.050377693336727702,0.049347656279300267
W12,9.9000000000000004,10,-0.050165508319604868,0.050165508319604868,0.049074108482288992
W12,10,10.100000000000001,-0.049937000623301309,0.049937000623301309,0.048393404948056329
W12,10.100000000000001,10.200000000000001,-0.049656647613558924,0.049656647613558924,0.047513323848796141
W12,10.200000000000001,10.300000000000001,-0.049335622520667144,0.049335622520667144,0.046837531328274729
W12,10.300000000000001,10.4,-0.048992093197687048,0.048992093197687048,0.046279484716224673
W12,10.4,10.5,-0.048636985266262478,0.048636985266262478,0.045790722344598578
W12,10.5,10.600000000000001,-0.04827669376960575,0.04827669376960575,0.045343808202730429
W12,10.600000000000001,10.700000000000001,-0.047914970330650952,0.047914970330650952,0.044923047787792214
W12,10.700000000000001,10.800000000000001,-0.047554026969855556,0.047554026969855556,0.044519368157439843
W12,10.800000000000001,10.9,-0.047195172325546153,0.047195172325546153,0.044127462622380875
W12,10.9,11,-0.04683917960558226,0.04683917960558226,0.043744182727333936
W12,11,11.100000000000001,-0.04648650075571048,0.04648650075571048,0.043367624634743862
W12,11.100000000000001,11.200000000000001,-0.046137392023738677,0.046137392023738677,0.042996605782121833
W12,11.200000000000001,11.300000000000001,-0.045791988149928464,0.045791988149928464,0.042630362786701959
W12,11.300000000000001,11.4,-0.045450346570587996,0.045450346570587996,0.042268375801835845
W12,11.4,11.5,-0.045112473996566926,0.045112473996566926,0.041910265670693114
W12,11.5,11.600000000000001,-0.044778342561998308,0.044778342561998308,0.041555733364473824
W12,11.600000000000001,11.700000000000001,-0.044447899756743681,0.044447899756743681,0.041204524104134777
W12,11.700000000000001,11.800000000000001,-0.044121074626108481,0.044121074626108481,0.040856405998100698
W12,11.800000000000001,11.9,-0.043797781711752748,0.043797781711752748,0.040511157287545174
W12,11.9,12,-0.043477923613798097,0.043477923613798097,0.040168558714510638
W12,12,12.100000000000001,-0.043161392702606882,0.043161392702606882,0.039828388956127725
W12,12.100000000000001,12.200000000000001,-0.042848072299279671,0.042848072299279671,0.039490421900540973
W12,12.200000000000001,12.300000000000001,-0.042537837518747068,0.042537837518747068,0.03915442503092148
W12,12.300000000000001,12.4,-0.042230555893633337,0.042230555893633337,0.038820158475070699
W12,12.4,12.5,-0.041926087851352989,0.041926087851352989,0.038487374452289558
W12,12.5,12.600000000000001,-0.041624287089248924,0.041624287089248924,0.038155816954105859
W12,12.600000000000001,12.700000000000001,-0.041325000875136908,0.041325000875136908,0.037825221558902555
W12,12.700000000000001,12.800000000000001,-0.041028070290844099,0.041028070290844099,0.037495315319612921
W12,12.800000000000001,12.9,-0.040733330429386427,0.040733330429386427,0.037165816687704911
W12,12.9,13,-0.040440610552826328,0.040440610552826328,0.036836435451686356
W12,13,13.100000000000001,-0.04014973421555279,0.04014973421555279,0.036506872678126356
W12,13.100000000000001,13.200000000000001,-0.03986051935605861,0.03986051935605861,0.036176820649266084
W12,13.200000000000001,13.300000000000001,-0.039572778359915795,0.039572778359915795,0.035845962795867159
W12,13.300000000000001,13.4,-0.039286318095718364,0.039286318095718364,0.035513973626525086
W12,13.4,13.5,-0.039000939926152611,0.039000939926152611,0.035180518657356608
W12,13.5,13.600000000000001,-0.03871643969587879,0.03871643969587879,0.034845254347570354
W12,13.600000000000001,13.700000000000001,-0.038432607698377197,0.038432607698377197,0.034507828048156775
W12,13.700000000000001,13.800000000000001,-0.038149228623801434,0.038149228623801434,0.034167877972421046
W12,13.800000000000001,13.9,-0.037866081490389725,0.037866081490389725,0.033825033198617405
W12,13.9,14,-0.037582939562180506,0.037582939562180506,0.033478913716511016
W12,14,14.100000000000001,-0.037299570256089432,0.037299570256089432,0.033129130531332152
W12,14.100000000000001,14.200000000000001,-0.037015735041872055,0.037015735041872055,0.032775285840275004
W12,14.200000000000001,14.300000000000001,-0.036731189339090697,0.036731189339090697,0.032416973298694529
W12,14.300000000000001,14.4,-0.036445682415426894,0.036445682415426894,0.032053778394955046
W12,14.4,14.5,-0.036158957291583249,0.036158957291583249,0.031685278955237095
W12,14.5,14.600000000000001,-0.035870750658467898,0.035870750658467898,0.03131104580156574
W12,14.600000000000001,14.700000000000001,-0.035580792813135531,0.035580792813135531,0.030930643588854778
W12,14.700000000000001,14.800000000000001,-0.035288807620810658,0.035288807620810658,0.030543631848953368
W12,14.800000000000001,14.9,-0.034994512511062226,0.034994512511062226,0.030149566272021922
W12,14.9,15,-0.034697618517247619,0.034697618517247619,0.02974800025789559
W12,15,15.100000000000001,-0.034397830369353954,0.034397830369353954,0.02933848677203521
W12,15.100000000000001,15.200000000000001,-0.034094846651358424,0.034094846651358424,0.028920580542374452
W12,15.200000000000001,15.300000000000001,-0.033788360035437393,0.033788360035437393,0.028493840634789436
W12,15.300000000000001,15.4,-0.033478057606586731,0.033478057606586731,0.028057833445357616
W12,15.4,15.5,-0.033163621292198187,0.033163621292198187,0.027612136147344479
W12,15.5,15.600000000000001,-0.032844728412605662,0.032844728412605662,0.027156340629643339
W12,15.600000000000001,15.700000000000001,-0.032521052369492764,0.032521052369492764,0.026690057960208513
W12,15.700000000000001,15.800000000000001,-0.032192263490268935,0.032192263490268935,0.026212923403834409
W12,15.800000000000001,15.9,-0.0318580300472453,0.0318580300472453,0.025724602016659937
W12,15.9,16,-0.031518019471201697,0.031518019471201697,0.025224794830674746
W12,16,16.100000000000001,-0.031171899779177892,0.031171899779177892,0.02471324562953825
W12,16.100000000000001,16.199999999999999,-0.030819341236192344,0.030819341236192344,0.024189748301578717
W12,16.199999999999999,16.300000000000001,-0.030460018270049183,0.030460018270049183,0.023654154737283939
W12,16.300000000000001,16.400000000000002,-0.030093611656897501,0.030093611656897501,0.023106383215721671
W12,16.400000000000002,16.5,-0.02971981099320864,0.02971981099320864,0.022546427198343544
W12,16.5,16.600000000000001,-0.029338317466777397,0.029338317466777397,0.021974364418297476
W12,16.600000000000001,16.699999999999999,-0.02894884693493438,0.02894884693493438,0.02139036611989642
W12,16.699999999999999,16.800000000000001,-0.028551133312978649,0.028551133312978649,0.020794706266891616
W12,16.800000000000001,16.900000000000002,-0.028144932268955536,0.028144932268955536,0.020187770500204039
W12,16.900000000000002,17,-0.027730025212615139,0.027730025212615139,0.019570064587736802
W12,17,17.100000000000001,-0.027306223556578857,0.027306223556578857,0.018942222072305448
W12,17.100000000000001,17.199999999999999,-0.026873373216922403,0.026873373216922403,0.01830501079142266
W12,17.199999999999999,17.300000000000001,-0.026431359307217406,0.026431359307217406,0.017659337916789752
W12,17.300000000000001,17.400000000000002,-0.025980110966944636,0.025980110966944636,0.01700625314533788
W12,17.400000000000002,17.5,-0.025519606250278493,0.025519606250278493,0.016346949670847266
W12,17.5,17.600000000000001,-0.025049876986463993,0.025049876986463993,0.015682762578402176
W12,17.600000000000001,17.699999999999999,-0.024571013508328576,0.024571013508328576,0.015015164336173115
W12,17.699999999999999,17.800000000000001,-0.024083169131818849,0.024083169131818849,0.014345757113016333
W12,17.800000000000001,17.900000000000002,-0.023586564257204401,0.023586564257204401,0.013676261726156547
W12,17.900000000000002,18,-0.023081489953943546,0.023081489953943546,0.013008503122242665
W12,18,18.100000000000001,-0.022568310885151988,0.022568310885151988,0.012344392413768723
W12,18.100000000000001,18.199999999999999,-0.022047467427260159,0.022047467427260159,0.011685905628941562
W12,18.199999999999999,18.300000000000001,-0.021519476844938268,0.021519476844938268,0.011035059480070331
W12,18.300000000000001,18.400000000000002,-0.020984933392480976,0.020984933392480976,0.01039388460604318
W12,18.400000000000002,18.5,-0.020444507230464204,0.020444507230464204,0.0097643968898193378
W12,18.5,18.600000000000001,-0.019898942070891934,0.019898942070891934,0.0091485675818114842
W12,18.600000000000001,18.699999999999999,-0.019349051494932823,0.019349051494932823,0.0085482930647229338
W12,18.699999999999999,18.800000000000001,-0.018795713923899449,0.018795713923899449,0.0079653651658668778
W12,18.800000000000001,18.900000000000002,-0.018239866264750049,0.018239866264750049,0.007401442951078252
W12,18.900000000000002,19,-0.017682496295437389,0.017682496295437389,0.006858026916163773
W12,19,19.100000000000001,-0.01712463389936314,0.01712463389936314,0.0063364364247116001
W12,19.100000000000001,19.200000000000003,-0.01656734130109605,0.01656734130109605,0.0058377911280125261
W12,19.200000000000003,19.300000000000001,-0.016011702494498792,0.016011702494498792,0.0053629969492696716
W12,19.300000000000001,19.400000000000002,-0.015458812086883711,0.015458812086883711,0.0049127370287980199
W12,19.400000000000002,19.5,-0.014909763807704479,0.014909763807704479,0.004487467822391622
W12,19.5,19.600000000000001,-0.014365638945132986,0.014365638945132986,0.0040874203331000558
W12,19.600000000000001,19.700000000000003,-0.013827494978334798,0.013827494978334798,0.0037126062520496106
W12,19.700000000000003,19.800000000000001,-0.013296354666828769,0.013296354666828769,0.0033628285983482442
W12,19.800000000000001,19.900000000000002,-0.012773195841362828,0.012773195841362828,0.0030376962925222628
W12,19.900000000000002,20,-0.01225894211408729,0.01225894211408729,0.0027366419799461639
L01,0,0.10000000000000001,-0.00059138160939606473,0.00059138160939606419,0.030229684227143495
L01,0.10000000000000001,0.20000000000000001,-0.0017979593608374238,0.0017979593608374242,0.036886226703560218
L01,0.20000000000000001,0.30000000000000004,-0.0031303698044360664,0.0031303698044360629,0.04383587309213216
L01,0.30000000000000004,0.40000000000000002,-0.0046238214581577272,0.0046238214581577272,0.050748447865722163
L01,0.40000000000000002,0.5,-0.0062802761218522796,0.006280276121852283,0.057252281021203721
L01,0.5,0.60000000000000009,-0.0080834105513304562,0.0080834105513304631,0.062977687730719711
L01,0.60000000000000009,0.70000000000000007,-0.010003202131304473,0.010003202131304467,0.067605135903081037
L01,0.70000000000000007,0.80000000000000004,-0.011999665831737859,0.011999665831737859,0.070907872099949976
L01,0.80000000000000004,0.90000000000000002,-0.014027075072022943,0.014027075072022957,0.072778679006071045
L01,0.90000000000000002,1,-0.01603845355569522,0.016038453555695206,0.073235616816595517
L01,1,1.1000000000000001,-0.017989748166928041,0.017989748166928041,0.072407018214422414
L01,1.1000000000000001,1.2000000000000002,-0.019843140006824092,0.019843140006824092,0.070501861053962056
L01,1.2000000000000002,1.3,-0.021569102617981437,0.021569102617981492,0.067774116610718305
L01,1.3,1.4000000000000001,-0.023147223405250078,0.023147223405250078,0.064488170572378989
L01,1.4000000000000001,1.5,-0.02456586122770596,0.02456586122770596,0.060891903528315972
L01,1.5,1.6000000000000001,-0.025821054419263467,0.025821054419263467,0.057198621184170517
L01,1.6000000000000001,1.7000000000000002,-0.026915016909461686,0.026915016909461686,0.05357772366680702
L01,1.7000000000000002,1.8,-0.027854474678095265,0.027854474678095209,0.050152911214605522
L01,1.8,1.9000000000000001,-0.02864914645980321,0.02864914645980321,0.047004804140196921
L01,1.9000000000000001,2,-0.029310434488804438,0.029310434488804438,0.044176606518420147
L01,2,2.1000000000000001,-0.029774004234460416,0.029774004234460416,0.039965185500207667
L01,2.1000000000000001,2.2000000000000002,-0.029922656103920864,0.029922656103920864,0.035410353013582085
L01,2.2000000000000002,2.3000000000000003,-0.029885348241723397,0.029885348241723397,0.032208564352993907
L01,2.3000000000000003,2.4000000000000004,-0.029738657250924005,0.029738657250924005,0.029877684081321521
L01,2.4000000000000004,2.5,-0.029522839122093858,0.029522839122093858,0.028121161465940014
L01,2.5,2.6000000000000001,-0.029261819627912244,0.029261819627912355,0.026750846009305551
L01,2.6000000000000001,2.7000000000000002,-0.028970726778924094,0.028970726778923983,0.025644513581320583
L01,2.7000000000000002,2.8000000000000003,-0.028659547601919577,0.028659547601919577,0.024721295113138808
L01,2.8000000000000003,2.9000000000000004,-0.028335101328460177,0.028335101328460177,0.023926887898537696
L01,2.9000000000000004,3,-0.028002173359701343,0.028002173359701343,0.023224370526302218
L01,3,3.1000000000000001,-0.027664196790757489,0.027664196790757489,0.022588354590835635
L01,3.1000000000000001,3.2000000000000002,-0.027323676938461494,0.027323676938461494,0.022001187319671711
L01,3.2000000000000002,3.3000000000000003,-0.026982463970909198,0.026982463970909198,0.021450447526698557
L01,3.3000000000000003,3.4000000000000004,-0.026641932750098185,0.026641932750098185,0.020927274172733767
L01,3.4000000000000004,3.5,-0.026303104368827435,0.026303104368827435,0.02042523995813017
L01,3.5,3.6000000000000001,-0.025966730142514827,0.025966730142514827,0.019939586598299419
L01,3.6000000000000001,3.7000000000000002,-0.025633350910644781,0.025633350910644781,0.019466702853611961
L01,3.7000000000000002,3.8000000000000003,-0.025303339805190506,0.025303339805190506,0.019003767079322387
L01,3.8000000000000003,3.9000000000000004,-0.024976933772976495,0.024976933772976495,0.018548502231233277
L01,3.9000000000000004,4,-0.024654257340189445,0.024654257340189445,0.018099008342933764
L01,4,4.1000000000000005,-0.024335340954989126,0.024335340954989126,0.017653648776331243
L01,4.1000000000000005,4.2000000000000002,-0.0240201354923959,0.0240201354923959,0.017210974083450292
L01,4.2000000000000002,4.2999999999999998,-0.023708524008112741,0.023708524008112741,0.016769672395485546
L01,4.2999999999999998,4.4000000000000004,-0.023400331495077253,0.023400331495077253,0.016328538703124895
L01,4.4000000000000004,4.5,-0.023095333172537202,0.023095333172537202,0.015886457747655847
L01,4.5,4.6000000000000005,-0.022793261686116173,0.022793261686116173,0.015442396857447749
L01,4.6000000000000005,4.7000000000000002,-0.022493813495176651,0.022493813495176651,0.014995406171397718
L01,4.7000000000000002,4.8000000000000007,-0.02219665465499876,0.02219665465499876,0.014544624444223775
L01,4.8000000000000007,4.9000000000000004,-0.021901426155007897,0.021901426155007897,0.014089289131009375
L01,4.9000000000000004,5,-0.021607748943146543,0.021607748943146543,0.013628749769391213
L01,5,5.1000000000000005,-0.021315228745055759,0.021315228745055759,0.013162483864051833
L01,5.1000000000000005,5.2000000000000002,-0.021023460771455893,0.021023460771455893,0.012690114562597943
L01,5.2000000000000002,5.3000000000000007,-0.02073203439491933,0.02073203439491933,0.012211429418116149
L01,5.3000000000000007,5.4000000000000004,-0.020440537866349473,0.020440537866349473,0.011726399480856742
L01,5.4000000000000004,5.5,-0.020148563130076402,0.020148563130076402,0.011235197866719115
L01,5.5,5.6000000000000005,-0.019855710783535097,0.019855710783535097,0.010738216830687763
L01,5.6000000000000005,5.7000000000000002,-0.019561595212059135,0.019561595212059135,0.010236082248323397
L01,5.7000000000000002,5.8000000000000007,-0.019265849910686361,0.019265849910686361,0.0097296642991644422
L01,5.8000000000000007,5.9000000000000004,-0.018968132983022468,0.018968132983022468,0.0092200830764401775
L01,5.9000000000000004,6,-0.018668132781839875,0.018668132781839875,0.0087087078431458131
L01,6,6.1000000000000005,-0.018365573628041476,0.018365573628041476,0.0081971487399319365
L01,6.1000000000000005,6.2000000000000002,-0.018060221514462516,0.018060221514462516,0.0076872399466241248
L01,6.2000000000000002,6.3000000000000007,-0.017751889670578169,0.017751889670578169,0.0071810136199079722
L01,6.3000000000000007,6.4000000000000004,-0.017440443834978447,0.017440443834978447,0.0066806643768571039
L01,6.4000000000000004,6.5,-0.017125807057331466,0.017125807057331466,0.006188504653943605
L01,6.5,6.6000000000000005,-0.016807963832827122,0.016807963832827122,0.005706911912576107
L01,6.6000000000000005,6.7000000000000002,-0.016486963362734475,0.016486963362734475,0.0052382693358401511
L01,6.7000000000000002,6.8000000000000007,-0.016162921737209235,0.016162921737209235,0.0047849023026436122
L01,6.8000000000000007,6.9000000000000004,-0.015836022852944165,0.015836022852944165,0.0043490134622548027
L01,6.9000000000000004,7,-0.015506517909721129,0.015506517909721129,0.0039326195923141682
L01,7,7.1000000000000005,-0.01517472337616077,0.01517472337616077,0.0035374935470406932
L01,7.1000000000000005,7.2000000000000002,-0.014841017374539689,0.014841017374539689,0.0031651144525370878
L01,7.2000000000000002,7.3000000000000007,-0.014505834504017656,0.014505834504017656,0.0028166288773248116
L01,7.3000000000000007,7.4000000000000004,-0.014169659196680673,0.014169659196680673,0.002492825028057144
L01,7.4000000000000004,7.5,-0.013833017775648937,0.013833017775648937,0.0021941211555036588
L01,7.5,7.6000000000000005,-0.013496469453291526,0.013496469453291526,0.0019205683923204653
L01,7.6000000000000005,7.7000000000000002,-0.013160596564268046,0.013160596564268046,0.0016718672821189884
L01,7.7000000000000002,7.8000000000000007,-0.012825994368034443,0.012825994368034443,0.0014473963973009596
L01,7.8000000000000007,7.9000000000000004,-0.012493260774813608,0.012493260774813608,0.001246250762597878
L01,7.9000000000000004,8,-0.01216298634679247,0.01216298634679247,0.0010672873572536989
L01,8,8.0999999999999996,-0.011835744902637391,0.011835744902637391,0.00090917478314711531
L01,8.0999999999999996,8.2000000000000011,-0.011512085011222917,0.011512085011222917,0.00077044424905925446
L01,8.2000000000000011,8.3000000000000007,-0.0111925226035956,0.0111925226035956,0.00064953929534694588
L01,8.3000000000000007,8.4000000000000004,-0.010877534866136074,0.010877534866136074,0.00054486211337390067
L01,8.4000000000000004,8.5,-0.010567555507817294,0.010567555507817294,0.0004548148365608462
L01,8.5,8.5999999999999996,-0.010262971426143741,0.010262971426143741,0.0003778347328016185
L01,8.5999999999999996,8.7000000000000011,-0.0099641207340179783,0.0099641207340179783,0.00031242275771004024
L01,8.7000000000000011,8.8000000000000007,-0.0096712920571357941,0.0096712920571357941,0.00025716539457176779
L01,8.8000000000000007,8.9000000000000004,-0.0093847249706171532,0.0093847249706171532,0.00021075008480564428
L01,8.9000000000000004,9,-0.009104611415435615,0.0091046114154358371,0.00017197483122144419
L01,9,9.0999999999999996,-0.0088310979194454742,0.0088310979194456962,0.00013975273648658693
L01,9.0999999999999996,9.2000000000000011,-0.0085642884434715683,0.0085642884434715683,0.00011311233060018466
L01,9.2000000000000011,9.3000000000000007,-0.0083042476780139651,0.0083042476780139651,9.1194559058926927e-05
L01,9.3000000000000007,9.4000000000000004,-0.0080510046287540771,0.0080510046287540771,7.3247264936959766e-05
L01,9.4000000000000004,9.5,-0.0078045563468105428,0.0078045563468105428,5.8617920871251172e-05
L01,9.5,9.6000000000000014,-0.007564871680707963,0.007564871680707963,4.6745266385705975e-05
L01,9.6000000000000014,9.7000000000000011,-0.0073318949492737762,0.0073318949492737762,3.7150395194585073e-05
L01,9.7000000000000011,9.8000000000000007,-0.0071055494568077471,0.0071055494568077471,2.9427726107256191e-05
L01,9.8000000000000007,9.9000000000000004,-0.0068857407926796732,0.0068857407926796732,2.3236186918795809e-05
L01,9.9000000000000004,10,-0.0066723598762041814,0.0066723598762041814,1.8290847728863469e-05
L01,10,10.100000000000001,-0.0064652857239091421,0.0064652857239091421,1.4355160758761087e-05
L01,10.100000000000001,10.200000000000001,-0.0062643879296837568,0.0062643879296837568,1.1233898596696434e-05
L01,10.200000000000001,10.300000000000001,-0.006069528859112161,0.006069528859112161,8.7668314785460666e-06
L01,10.300000000000001,10.4,-0.0058805655674936119,0.0058805655674936119,6.823145362044869e-06
L01,10.4,10.5,-0.005697351456922517,0.005697351456922517,5.2965746548672143e-06
L01,10.5,10.600000000000001,-0.0055197376918079133,0.0055197376918079133,4.1012046467781005e-06
L01,10.600000000000001,10.700000000000001,-0.0053475743944626508,0.0053475743944626508,3.1678872158824589e-06
L01,10.700000000000001,10.800000000000001,-0.0051807116434041678,0.0051807116434041678,2.4412075965152269e-06
L01,10.800000000000001,10.9,-0.005019000296975884,0.005019000296975884,1.8769384690919821e-06
L01,10.9,11,-0.0048622926641304076,0.0048622926641304076,1.439919135037826e-06
L01,11,11.100000000000001,-0.0047104430429165678,0.0047104430429165678,1.1023010300093006e-06
L01,11.100000000000001,11.200000000000001,-0.0045633081456193381,0.0045633081456193381,8.4210565121090042e-07
L01,11.200000000000001,11.300000000000001,-0.0044207474276707348,0.0044207474276707348,6.4204635075171268e-07
L01,11.300000000000001,11.4,-0.0042826233356378918,0.0042826233356378918,4.8857111489830629e-07
L01,11.4,11.5,-0.0041488014877193446,0.0041488014877193446,3.7108893380377594e-07
L01,11.5,11.600000000000001,-0.004019150798464155,0.004019150798464155,2.8134766316689763e-07
L01,11.600000000000001,11.700000000000001,-0.0038935435577738264,0.0038935435577738264,2.1293600549476821e-07
L01,11.700000000000001,11.800000000000001,-0.003771855472779917,0.003771855472779917,1.608866100344386e-07
L01,11.800000000000001,11.9,-0.0036539656798471043,0.0036539656798471043,1.2136107385707362e-07
L01,11.9,12,-0.0035397567328072643,0.0035397567328074864,9.1400913504458003e-08
L01,12,12.100000000000001,-0.0034291145724507643,0.0034291145724509864,6.8731436986269046e-08
L01,12.100000000000001,12.200000000000001,-0.0033219284815000361,0.0033219284815000361,5.1607813134069147e-08
L01,12.200000000000001,12.300000000000001,-0.0032180910284573816,0.0032180910284573816,3.8694687010121243e-08
L01,12.300000000000001,12.4,-0.0031174980031449806,0.0031174980031449806,2.897230677589846e-08
L01,12.4,12.5,-0.0030200483461921834,0.0030200483461921834,2.1663567828511532e-08
L01,12.5,12.600000000000001,-0.0029256440742830847,0.0029256440742830847,1.6177477135670415e-08
L01,12.600000000000001,12.700000000000001,-0.002834190202626985,0.002834190202626985,1.2065451304721364e-08
L01,12.700000000000001,12.800000000000001,-0.0027455946657879426,0.0027455946657879426,8.9876430742208413e-09
L01,12.800000000000001,12.9,-0.0026597682377860199,0.0026597682377860199,6.6870484705106037e-09
L01,12.9,13,-0.0025766244521800985,0.0025766244521800985,4.9696511350560968e-09
L01,13,13.100000000000001,-0.0024960795226611765,0.0024960795226611765,3.6892311428005087e-09
L01,13.100000000000001,13.200000000000001,-0.00241805226457803,0.00241805226457803,2.7357718312970292e-09
L01,13.200000000000001,13.300000000000001,-0.0023424640177132083,0.0023424640177132083,2.0266199829421794e-09
L01,13.300000000000001,13.4,-0.0022692385705347373,0.0022692385705347373,1.4997809660854955e-09
L01,13.4,13.5,-0.0021983020860656399,0.0021983020860656399,1.1088185924990057e-09
L01,13.5,13.600000000000001,-0.0021295830295358087,0.0021295830295358087,8.189993128127071e-10
L01,13.600000000000001,13.700000000000001,-0.0020630120978313293,0.0020630120978313293,6.0437965743176392e-10
L01,13.700000000000001,13.800000000000001,-0.0019985221508291851,0.0019985221508291851,4.4560777290314491e-10
L01,13.800000000000001,13.9,-0.0019360481446124567,0.0019360481446129008,3.2826408258301853e-10
L01,13.9,14,-0.0018755270665757884,0.0018755270665757884,2.4162050138443192e-10
L01,14,14.100000000000001,-0.0018168978724089069,0.0018168978724089069,1.7770251936610748e-10
L01,14.100000000000001,14.200000000000001,-0.0017601014249353231,0.0017601014249353231,1.3059242576218821e-10
L01,14.200000000000001,14.300000000000001,-0.001705080434768913,0.001705080434768913,9.5899510554886547e-11
L01,14.300000000000001,14.4,-0.0016517794027599564,0.0016517794027599564,7.0371486415865547e-11
L01,14.4,14.5,-0.0016001445641959933,0.0016001445641959933,5.1602278006157576e-11
L01,14.5,14.600000000000001,-0.001550123834694217,0.001550123834694217,3.7812863951103282e-11
L01,14.600000000000001,14.700000000000001,-0.0015016667577751885,0.0015016667577751885,2.7690738590990804e-11
L01,14.700000000000001,14.800000000000001,-0.001454724454029499,0.001454724454029499,2.0264456779273132e-11
L01,14.800000000000001,14.9,-0.001409249571876714,0.001409249571876714,1.4821699423350765e-11
L01,14.9,15,-0.0013651962398411044,0.0013651962398411044,1.0832668095872577e-11
L01,15,15.100000000000001,-0.0013225200203121901,0.0013225200203121901,7.9145578979478159e-12
L01,15.100000000000001,15.200000000000001,-0.00128117786474502,0.00128117786474502,5.7780447093591647e-12
L01,15.200000000000001,15.300000000000001,-0.0012411280702473437,0.0012411280702473437,4.2159609137115694e-12
L01,15.300000000000001,15.4,-0.0012023302375350209,0.0012023302375350209,3.0748736890018336e-12
L01,15.4,15.5,-0.0011647452301821737,0.0011647452301821737,2.241318242113266e-12
L01,15.5,15.600000000000001,-0.0011283351351587534,0.0011283351351587534,1.6326939800137552e-12
L01,15.600000000000001,15.700000000000001,-0.0010930632245809146,0.0010930632245809146,1.1886047701636926e-12
L01,15.700000000000001,15.800000000000001,-0.0010588939186799706,0.0010588939186799706,8.6552986999777204e-13
L01,15.800000000000001,15.9,-0.0010257927498997788,0.0010257927498997788,6.3016258877723885e-13
L01,15.9,16,-0.00099372632814542783,0.00099372632814542783,4.5830006456526462e-13
L01,16,16.100000000000001,-0.00096266230709662892,0.00096266230709662892,3.326228181776969e-13
L01,16.100000000000001,16.199999999999999,-0.00093256935157559617,0.00093256935157559617,2.4158453015843406e-13
L01,16.199999999999999,16.300000000000001,-0.00090341710594921132,0.00090341710594965541,1.7608137170554983e-13
L01,16.300000000000001,16.400000000000002,-0.00087517616350196725,0.00087517616350196725,1.2811973704174306e-13
L01,16.400000000000002,16.5,-0.00084781803677480561,0.00084781803677480561,9.3258734068513149e-14
L01,16.5,16.600000000000001,-0.00082131512882899216,0.00082131512882899216,6.7057470687359455e-14
L01,16.600000000000001,16.699999999999999,-0.00079564070541149334,0.00079564070541149334,4.9071857688431919e-14
L01,16.699999999999999,16.800000000000001,-0.00077076886798388422,0.00077076886798388422,3.5305092183079978e-14
L01,16.800000000000001,16.900000000000002,-0.00074667452759746844,0.00074667452759746844,2.5979218776228663e-14
L01,16.900000000000002,17,-0.00072333337958996324,0.00072333337958996324,1.7985612998927536e-14
L01,17,17.100000000000001,-0.00070072187906555783,0.00070072187906555783,1.354472090042691e-14
L01,17.100000000000001,17.199999999999999,-0.00067881721714369014,0.00067881721714369014,9.7699626167013776e-15
L01,17.199999999999999,17.300000000000001,-0.00065759729795344946,0.00065759729795344946,7.7715611723760958e-15
L01,17.300000000000001,17.400000000000002,-0.00063704071634251846,0.00063704071634251846,4.4408920985006262e-15
L01,17.400000000000002,17.5,-0.00061712673628888659,0.00061712673628888659,3.7747582837255322e-15
L01,17.5,17.600000000000001,-0.00059783526997825298,0.00059783526997825298,3.7747582837255322e-15
L01,17.600000000000001,17.699999999999999,-0.00057914685754889561,0.0005791468575493397,1.7763568394002505e-15
L01,17.699999999999999,17.800000000000001,-0.00056104264745027166,0.00056104264745027166,0
L01,17.800000000000001,17.900000000000002,-0.00054350437743933,0.00054350437743933,0
L01,17.900000000000002,18,-0.00052651435615236331,0.00052651435615236331,0
L01,18,18.100000000000001,-0.00051005544525684066,0.00051005544525684066,0
L01,18.100000000000001,18.199999999999999,-0.00049411104217012003,0.00049411104217012003,0
L01,18.199999999999999,18.300000000000001,-0.00047866506330929148,0.00047866506330929148,0
L01,18.300000000000001,18.400000000000002,-0.00046370192786193698,0.00046370192786193698,0
L01,18.400000000000002,18.5,-0.00044920654207891708,0.00044920654207891708,0
L01,18.5,18.600000000000001,-0.00043516428404166696,0.00043516428404166696,0
L01,18.600000000000001,18.699999999999999,-0.00042156098891288352,0.00042156098891288352,0
L01,18.699999999999999,18.800000000000001,-0.00040838293465439435,0.00040838293465483844,0
L01,18.800000000000001,18.900000000000002,-0.00039561682817668142,0.00039561682817712551,0
L01,18.900000000000002,19,-0.00038324979193604669,0.00038324979193604669,0
L01,19,19.100000000000001,-0.00037126935094167202,0.00037126935094167202,0
L01,19.100000000000001,19.200000000000003,-0.00035966342017568209,0.00035966342017568209,0
L01,19.200000000000003,19.300000000000001,-0.00034842029239445793,0.00034842029239445793,0
L01,19.300000000000001,19.400000000000002,-0.00033752862632674407,0.00033752862632674407,0
L01,19.400000000000002,19.5,-0.00032697743523324441,0.0003269774352336885,0
L01,19.5,19.600000000000001,-0.00031675607581815868,0.00031675607581815868,0
L01,19.600000000000001,19.700000000000003,-0.00030685423749909901,0.00030685423749909901,0
L01,19.700000000000003,19.800000000000001,-0.00029726193200163564,0.00029726193200163564,0
L01,19.800000000000001,19.900000000000002,-0.00028796948328801975,0.00028796948328801975,0
L01,19.900000000000002,20,-0.00027896751779410423,0.00027896751779410423,0
L02,0,0.10000000000000001,-0.00054952628043858213,0.00054952628043858094,0.027235488286418259
L02,0.10000000000000001,0.20000000000000001,-0.0015118905905868918,0.0015118905905868929,0.027555045579590917
L02,0.20000000000000001,0.30000000000000004,-0.0023686167374796351,0.0023686167374796403,0.027846081057784168
L02,0.30000000000000004,0.40000000000000002,-0.0031647022438800196,0.0031647022438800309,0.028106858841912122
L02,0.40000000000000002,0.5,-0.0039185968024805272,0.0039185968024805368,0.028336529862913365
L02,0.5,0.60000000000000009,-0.0046403070417956813,0.0046403070417956899,0.028534773551865622
L02,0.60000000000000009,0.70000000000000007,-0.0053359040494054544,0.0053359040494054613,0.02870165926367485
L02,0.70000000000000007,0.80000000000000004,-0.0060092832920206792,0.0060092832920206792,0.028837568351628456
L02,0.80000000000000004,0.90000000000000002,-0.006663003828137417,0.006663003828137417,0.028943145860126779
L02,0.90000000000000002,1,-0.0072987482528237974,0.0072987482528237974,0.029019259928512842
L02,1,1.1000000000000001,-0.0079176005831118473,0.0079176005831118473,0.029066967592876081
L02,1.1000000000000001,1.2000000000000002,-0.0085202282497564355,0.0085202282497564355,0.029087483742991638
L02,1.2000000000000002,1.3,-0.0091070082445464176,0.0091070082445464037,0.029082152218705304
L02,1.3,1.4000000000000001,-0.0096781177651040218,0.0096781177651040218,0.029052418643497724
L02,1.4000000000000001,1.5,-0.010233600649675378,0.010233600649675351,0.028999804871150447
L02,1.5,1.6000000000000001,-0.01077341646473412,0.01077341646473412,0.028925885045179844
L02,1.6000000000000001,1.7000000000000002,-0.011297476766904388,0.011297476766904388,0.028832263321027507
L02,1.7000000000000002,1.8,-0.011805671708185819,0.011805671708185819,0.028720553315199793
L02,1.8,1.9000000000000001,-0.012297889300015408,0.012297889300015408,0.028592359341246265
L02,1.9000000000000001,2,-0.012774028990807595,0.012774028990807595,0.028449259755650935
L02,2,2.1000000000000001,-0.013234010998285251,0.013234010998285251,0.028292792033382308
L02,2.1000000000000001,2.2000000000000002,-0.013677783024332701,0.013677783024332701,0.028124437480733899
L02,2.2000000000000002,2.3000000000000003,-0.014105323120105373,0.014105323120105373,0.027945612466115821
L02,2.3000000000000003,2.4000000000000004,-0.014516641669367947,0.014516641669367947,0.027757657942119374
L02,2.4000000000000004,2.5,-0.014911781719991801,0.014911781719991857,0.027561831652882618
L02,2.5,2.6000000000000001,-0.015290818258560296,0.015290818258560296,0.027359302020641962
L02,2.6000000000000001,2.7000000000000002,-0.015653856723183063,0.015653856723183063,0.027151143621469531
L02,2.7000000000000002,2.8000000000000003,-0.016001030978009201,0.016001030978009256,0.026938334147871945
L02,2.8000000000000003,2.9000000000000004,-0.016332500924138293,0.016332500924138293,0.026721752746222793
L02,2.9000000000000004,3,-0.016648449883798433,0.016648449883798433,0.026502179609983245
L02,3,3.1000000000000001,-0.016949081865020976,0.016949081865020976,0.026280296705194273
L02,3.1000000000000001,3.2000000000000002,-0.017234618790658351,0.017234618790658351,0.026056689502591768
L02,3.2000000000000002,3.3000000000000003,-0.017505297757013483,0.017505297757013483,0.025831849590725264
L02,3.3000000000000003,3.4000000000000004,-0.017761368299059443,0.017761368299059443,0.025606178315834449
L02,3.4000000000000004,3.5,-0.018003089904297553,0.018003089904297553,0.025379990610427616
L02,3.5,3.6000000000000001,-0.018230729918236876,0.018230729918236876,0.025153518415226062
L02,3.6000000000000001,3.7000000000000002,-0.018444560836835433,0.018444560836835433,0.024926917286416828
L02,3.7000000000000002,3.8000000000000003,-0.018644858454494262,0.018644858454494262,0.024700270998584406
L02,3.8000000000000003,3.9000000000000004,-0.018831900008433322,0.018831900008433322,0.024473597009565973
L02,3.9000000000000004,4,-0.019005962517202379,0.019005962517202379,0.024246852052363543
L02,4,4.1000000000000005,-0.019167321314473962,0.019167321314473962,0.024019937775085598
L02,4.1000000000000005,4.2000000000000002,-0.019316248775367639,0.019316248775367528,0.023792706358199078
L02,4.2000000000000002,4.2999999999999998,-0.019453013230094962,0.019453013230094962,0.02356496604672853
L02,4.2999999999999998,4.4000000000000004,-0.019577878057613907,0.019577878057613907,0.023336486543150681
L02,4.4000000000000004,4.5,-0.01969110095033566,0.01969110095033566,0.023107004214746318
L02,4.5,4.6000000000000005,-0.019792933339541574,0.019792933339541574,0.022876227076793043
L02,4.6000000000000005,4.7000000000000002,-0.019883619970092692,0.019883619970092692,0.022643839520200881
L02,4.7000000000000002,4.8000000000000007,-0.019963398566367863,0.019963398566367863,0.022409506961636128
L02,4.8000000000000007,4.9000000000000004,-0.020032499719799812,0.020032499719799812,0.022172879828269876
L02,4.9000000000000004,5,-0.02009114699290393,0.02009114699290393,0.021933596673284317
L02,5,5.1000000000000005,-0.020139556670198511,0.020139556670198511,0.021691288828250777
L02,5.1000000000000005,5.2000000000000002,-0.020177938020806918,0.020177938020806918,0.02144558315952505
L02,5.2000000000000002,5.3000000000000007,-0.020206493492308075,0.020206493492308075,0.021196104952590389
L02,5.3000000000000007,5.4000000000000004,-0.020225418963244257,0.020225418963244257,0.020942480485644399
L02,5.4000000000000004,5.5,-0.020234904038295198,0.020234904038295198,0.020684339302546206
L02,5.5,5.6000000000000005,-0.02023513237237029,0.02023513237237029,0.020421316198711015
L02,5.6000000000000005,5.7000000000000002,-0.020226282010364138,0.020226282010364138,0.020153052936776827
L02,5.7000000000000002,5.8000000000000007,-0.020208525729764171,0.020208525729764171,0.019879199712137252
L02,5.8000000000000007,5.9000000000000004,-0.02018203137379615,0.02018203137379615,0.019599416391730573
L02,5.9000000000000004,6,-0.020146962163371418,0.020146962163371418,0.019313373553024871
L02,6,6.1000000000000005,-0.020103476976839563,0.020103476976839563,0.019020753354089592
L02,6.1000000000000005,6.2000000000000002,-0.020051730572730686,0.020051730572730686,0.018721250371389608
L02,6.2000000000000002,6.3000000000000007,-0.019991873753899436,0.019991873753899436,0.01841457246085465
L02,6.3000000000000007,6.4000000000000004,-0.019924053682709442,0.019924053682709442,0.01810044011487788
L02,6.4000000000000004,6.5,-0.019848413680450427,0.019848413680450427,0.017778588483551516
L02,6.5,6.6000000000000005,-0.019765093333066419,0.019765093333066419,0.017448767544358201
L02,6.6000000000000005,6.7000000000000002,-0.019674228405536676,0.019674228405536676,0.017110742906875975
L02,6.7000000000000002,6.8000000000000007,-0.019575950686356425,0.019575950686356425,0.016764296832215697
L02,6.8000000000000007,6.9000000000000004,-0.019470387761941765,0.019470387761941765,0.01640922955585955
L02,6.9000000000000004,7,-0.01935766272621553,0.01935766272621553,0.016045361012994253
L02,7,7.1000000000000005,-0.019237893834202158,0.019237893834202158,0.01567253307541705
L02,7.1000000000000005,7.2000000000000002,-0.019111194112221952,0.019111194112221952,0.015290612418195515
L02,7.2000000000000002,7.3000000000000007,-0.018977670941285663,0.018977670941285663,0.014899494141291214
L02,7.3000000000000007,7.4000000000000004,-0.018837425634550264,0.018837425634550264,0.014499106275137841
L02,7.4000000000000004,7.5,-0.018690553034175439,0.018690553034175439,0.014089415298021546
L02,7.5,7.6000000000000005,-0.018537141157328962,0.018537141157328962,0.01367043278506852
L02,7.6000000000000005,7.7000000000000002,-0.01837727088940877,0.01837727088940877,0.013242223752117699
L02,7.7000000000000002,7.8000000000000007,-0.01821101594023733,0.018211015940237774,0.012804914720718541
L02,7.8000000000000007,7.9000000000000004,-0.018038442779992447,0.018038442779992447,0.012358704877974525
L02,7.9000000000000004,8,-0.01785961084825316,0.01785961084825316,0.01190387818327987
L02,8,8.0999999999999996,-0.017674573061653209,0.017674573061653209,0.011440816164167256
L02,8.0999999999999996,8.2000000000000011,-0.017483376597348776,0.017483376597348776,0.010970011930021339
L02,8.2000000000000011,8.3000000000000007,-0.017286064027454806,0.017286064027454806,0.010492084828616743
L02,8.3000000000000007,8.4000000000000004,-0.017082674846643275,0.017082674846643275,0.010007795260391195
L02,8.4000000000000004,8.5,-0.016873247429563198,0.016873247429563198,0.0095180590017047706
L02,8.5,8.5999999999999996,-0.016657821445227983,0.016657821445227983,0.0090239602146839903
L02,8.5999999999999996,8.7000000000000011,-0.016436440742488179,0.016436440742488179,0.0085267621488671619
L02,8.7000000000000011,8.8000000000000007,-0.016209156703608008,0.016209156703608008,0.0080279143852846069
L02,8.8000000000000007,8.9000000000000004,-0.01597603204175857,0.01597603204175857,0.0075290553578004626
L02,8.9000000000000004,9,-0.015737144992929553,0.015737144992929553,0.0070320088347728404
L02,9,9.0999999999999996,-0.015492593823871026,0.015492593823871026,0.0065387730840991143
L02,9.0999999999999996,9.2000000000000011,-0.015242501516995688,0.015242501516995688,0.0060515021409042191
L02,9.2000000000000011,9.3000000000000007,-0.014987020635735426,0.01498702063573587,0.0055724757966642002
L02,9.3000000000000007,9.4000000000000004,-0.014726337909384712,0.014726337909384712,0.0051040626460387983
L02,9.4000000000000004,9.5,-0.014460678590250797,0.014460678590250797,0.0046486724911884991
L02,9.5,9.6000000000000014,-0.014190310266198658,0.014190310266198658,0.0042087002436512755
L02,9.6000000000000014,9.7000000000000011,-0.013915545878588231,0.013915545878588231,0.0037864633427593386
L02,9.7000000000000011,9.8000000000000007,-0.013636745716738119,0.013636745716738119,0.0033841351007897202
L02,9.8000000000000007,9.9000000000000004,-0.013354318165093471,0.013354318165093471,0.0030036772625408048
L02,9.9000000000000004,10,-0.013068719014397878,0.013068719014397878,0.0026467755892312095
L02,10,10.100000000000001,-0.012776746915441617,0.012776746915441617,0.0022945298987493423
L02,10.100000000000001,10.200000000000001,-0.012475050665410992,0.012475050665410992,0.0019602890968561937
L02,10.200000000000001,10.300000000000001,-0.01216938784624344,0.01216938784624344,0.0016675368321830142
L02,10.300000000000001,10.4,-0.01186205922329675,0.01186205922329675,0.0014122930308968495
L02,10.4,10.5,-0.011554517100358819,0.011554517100358819,0.001190826081354901
L02,10.5,10.600000000000001,-0.011247921624292223,0.011247921624292223,0.00099962878236992125
L02,10.600000000000001,10.700000000000001,-0.010943260120886089,0.010943260120886089,0.00083541002523834784
L02,10.700000000000001,10.800000000000001,-0.010641387198695673,0.010641387198695673,0.00069509476325468889
L02,10.800000000000001,10.9,-0.010343043185772727,0.010343043185772727,0.00057582754973761752
L02,10.9,11,-0.010048865526641526,0.010048865526641526,0.00047497647272010113
L02,11,11.100000000000001,-0.0097593975292846746,0.0097593975292846746,0.00039013543406696272
L02,11.100000000000001,11.200000000000001,-0.0094750959811711333,0.0094750959811711333,0.00031912359970887039
L02,11.200000000000001,11.300000000000001,-0.0091963382391817561,0.0091963382391817561,0.00025998152937312113
L02,11.300000000000001,11.4,-0.0089234290522317572,0.0089234290522317572,0.00021096399594422444
L02,11.4,11.5,-0.0086566072163178909,0.0086566072163178909,0.00017052984548304728
L02,11.5,11.600000000000001,-0.0083960520783319392,0.0083960520783319392,0.00013732945256439422
L02,11.600000000000001,11.700000000000001,-0.0081418898603182743,0.0081418898603182743,0.00011019041913074012
L02,11.700000000000001,11.800000000000001,-0.0078941997546686515,0.0078941997546686515,8.8102175800131022e-05
L02,11.800000000000001,11.9,-0.0076530197347881579,0.0076530197347881579,7.0200098062356275e-05
L02,11.9,12,-0.0074183520293671368,0.0074183520293671368,5.5749667996263241e-05
L02,12,12.100000000000001,-0.0071901682179003057,0.0071901682179003057,4.4131112773460046e-05
L02,12.100000000000001,12.200000000000001,-0.0069684139172780935,0.0069684139172780935,3.4824847672254577e-05
L02,12.200000000000001,12.300000000000001,-0.0067530130423905099,0.0067530130423905099,2.7397952798047243e-05
L02,12.300000000000001,12.4,-0.0065438716360985971,0.0065438716360985971,2.1491825072716964e-05
L02,12.4,12.5,-0.0063408812749632393,0.0063408812749632393,1.6811073243694352e-05
L02,12.5,12.600000000000001,-0.0061439220661869687,0.0061439220661869687,1.3113664671271508e-05
L02,12.600000000000001,12.700000000000001,-0.0059528652581795072,0.0059528652581795072,1.0202287958893663e-05
L02,12.700000000000001,12.800000000000001,-0.0057675754921813205,0.0057675754921813205,7.9168637281412657e-06
L02,12.800000000000001,12.9,-0.0055879127254112593,0.0055879127254112593,6.1281151326753047e-06
L02,12.9,13,-0.0054137338577351368,0.0054137338577351368,4.7320981155785091e-06
L02,13,13.100000000000001,-0.0052448940940650335,0.0052448940940650335,3.6455868179796624e-06
L02,13.100000000000001,13.200000000000001,-0.0050812480738222643,0.0050812480738222643,2.8022103559788292e-06
L02,13.200000000000001,13.300000000000001,-0.0049226507972675027,0.0049226507972675027,2.1492416051316354e-06
L02,13.300000000000001,13.4,-0.004768958376399679,0.004768958376399679,1.6449456508027538e-06
L02,13.4,13.5,-0.0046200286357214182,0.0046200286357214182,1.2564038476270412e-06
L02,13.5,13.600000000000001,-0.0044757215856534582,0.0044757215856534582,9.5773851871427951e-07
L02,13.600000000000001,13.700000000000001,-0.0043358997888103268,0.0043358997888103268,7.2867236200480079e-07
L02,13.700000000000001,13.800000000000001,-0.0042004286368442223,0.0042004286368442223,5.5336543214323797e-07
L02,13.800000000000001,13.9,-0.0040691765532727686,0.0040691765532727686,4.1948070772512835e-07
L02,13.9,14,-0.0039420151354863098,0.0039420151354863098,3.1743674178130732e-07
L02,14,14.100000000000001,-0.003818819247189742,0.003818819247189742,2.3981249142046579e-07
L02,14.100000000000001,14.200000000000001,-0.0036994670707968247,0.0036994670707968247,1.8087526942878185e-07
L02,14.200000000000001,14.300000000000001,-0.0035838401277401566,0.0035838401277401566,1.3620779748535483e-07
L02,14.300000000000001,14.4,-0.0034718232733141896,0.0034718232733141896,1.0241462855553607e-07
L02,14.4,14.5,-0.0033633046715508819,0.0033633046715508819,7.6891869538187052e-08
L02,14.5,14.600000000000001,-0.0032581757545968593,0.0032581757545968593,5.7647129292348609e-08
L02,14.600000000000001,14.700000000000001,-0.0031563311702789143,0.0031563311702789143,4.3159220641797447e-08
L02,14.700000000000001,14.800000000000001,-0.0030576687208234699,0.0030576687208234699,3.2269130478823627e-08
L02,14.800000000000001,14.9,-0.0029620892951125466,0.0029620892951125466,2.4095571538040872e-08
L02,14.9,15,-0.0028694967964237872,0.0028694967964237872,1.7969724153132915e-08
L02,15,15.100000000000001,-0.0027797980671269151,0.0027797980671269151,1.3384961361495584e-08
L02,15.100000000000001,15.200000000000001,-0.0026929028115894038,0.0026929028115894038,9.958206481641696e-09
L02,15.200000000000001,15.300000000000001,-0.0026087235182110646,0.0026087235182110646,7.400306811788937e-09
L02,15.300000000000001,15.4,-0.0025271753813074227,0.0025271753813074227,5.4933657622768806e-09
L02,15.4,15.5,-0.0024481762234436211,0.0024481762234436211,4.0734544626275238e-09
L02,15.5,15.600000000000001,-0.0023716464185983277,0.0023716464185983277,3.0174300835739132e-09
L02,15.600000000000001,15.700000000000001,-0.0022975088165264612,0.0022975088165264612,2.2329351700989264e-09
L02,15.700000000000001,15.800000000000001,-0.0022256886685292354,0.0022256886685292354,1.6507952782518487e-09
L02,15.800000000000001,15.9,-0.0021561135548029409,0.0021561135548029409,1.2192746812189625e-09
L02,15.9,16,-0.0020887133135036873,0.0020887133135036873,8.9973495320805341e-10
L02,16,16.100000000000001,-0.0020234199715778445,0.0020234199715778445,6.6335226200919806e-10
L02,16.100000000000001,16.199999999999999,-0.0019601676774261279,0.0019601676774261279,4.886562265937755e-10
L02,16.199999999999999,16.300000000000001,-0.0018988926354157609,0.0018988926354157609,3.5966851719138049e-10
L02,16.300000000000001,16.400000000000002,-0.0018395330422336098,0.0018395330422336098,2.64518185133511e-10
L02,16.400000000000002,16.5,-0.0017820290250825099,0.0017820290250825099,1.9438806120319896e-10
L02,16.5,16.600000000000001,-0.0017263225816981365,0.0017263225816981365,1.4274492698973518e-10
L02,16.600000000000001,16.699999999999999,-0.001672357522144452,0.001672357522144452,1.0474443534747024e-10
L02,16.699999999999999,16.800000000000001,-0.0016200794123686357,0.0016200794123686357,7.6806339066592955e-11
L02,16.800000000000001,16.900000000000002,-0.0015694355194684206,0.0015694355194684206,5.6281646010347686e-11
L02,16.900000000000002,17,-0.0015203747586260974,0.0015203747586260974,4.1214809343159686e-11
L02,17,17.100000000000001,-0.0014728476416823177,0.0014728476416823177,3.0161650954596553e-11
L02,17.100000000000001,17.199999999999999,-0.0014268062272879689,0.0014268062272879689,2.2059021276277235e-11
L02,17.199999999999999,17.300000000000001,-0.0013822040726036988,0.0013822040726036988,1.6123546942026223e-11
L02,17.300000000000001,17.400000000000002,-0.0013389961864862521,0.0013389961864862521,1.1778134023643361e-11
L02,17.400000000000002,17.5,-0.0012971389841451852,0.0012971389841451852,8.5993434595366125e-12
L02,17.5,17.600000000000001,-0.001256590243192246,0.001256590243192246,6.2747584905764597e-12
L02,17.600000000000001,17.699999999999999,-0.0012173090610727577,0.0012173090610727577,4.5758952182950452e-12
L02,17.699999999999999,17.800000000000001,-0.0011792558138208342,0.0011792558138208342,3.3359981443936704e-12
L02,17.800000000000001,17.900000000000002,-0.0011423921160926831,0.0011423921160926831,2.4302782009044677e-12
L02,17.900000000000002,18,-0.0011066807824615665,0.0011066807824615665,1.7692514120426495e-12
L02,18,18.100000000000001,-0.0010720857899029212,0.0010720857899029212,1.2883027977750316e-12
L02,18.100000000000001,18.199999999999999,-0.0010385722414731902,0.0010385722414731902,9.3791641120333225e-13
L02,18.199999999999999,18.300000000000001,-0.0010061063310997653,0.0010061063310997653,6.8123284790999605e-13
L02,18.300000000000001,18.400000000000002,-0.00097465530948914747,0.00097465530948914747,4.9560355819266988e-13
L02,18.400000000000002,18.5,-0.00094418745109159374,0.00094418745109159374,3.6015634918840078e-13
L02,18.5,18.600000000000001,-0.00091467202209782883,0.00091467202209827292,2.6134649999676185e-13
L02,18.600000000000001,18.699999999999999,-0.00088607924944050787,0.00088607924944050787,1.9029222642075183e-13
L02,18.699999999999999,18.800000000000001,-0.00085838029076112932,0.00085838029076112932,1.383337888682945e-13
L02,18.800000000000001,18.900000000000002,-0.00083154720531553039,0.00083154720531553039,1.0036416142611415e-13
L02,18.900000000000002,19,-0.00080555292578887716,0.00080555292578887716,7.2386541205560206e-14
L02,19,19.100000000000001,-0.00078037123099750083,0.00078037123099750083,5.2846615972157451e-14
L02,19.100000000000001,19.200000000000003,-0.00075597671942984057,0.00075597671942984057,3.8635761256955448e-14
L02,19.200000000000003,19.300000000000001,-0.00073234478363382038,0.00073234478363382038,2.7755575615628914e-14
L02,19.300000000000001,19.400000000000002,-0.0007094515853849348,0.0007094515853849348,2.0206059048177849e-14
L02,19.400000000000002,19.5,-0.00068727403164903222,0.00068727403164903222,1.4210854715202004e-14
L02,19.5,19.600000000000001,-0.00066578975127873363,0.00066578975127873363,1.0658141036401503e-14
L02,19.600000000000001,19.700000000000003,-0.00064497707245547709,0.00064497707245547709,7.7715611723760958e-15
L02,19.700000000000003,19.800000000000001,-0.0006248150008234532,0.0006248150008234532,5.3290705182007514e-15
L02,19.800000000000001,19.900000000000002,-0.00060528319831099076,0.00060528319831099076,3.9968028886505635e-15
L02,19.900000000000002,20,-0.00058636196262096263,0.00058636196262096263,3.7747582837255322e-15
C01,0,0.10000000000000001,0,0,0
C01,0.10000000000000001,0.20000000000000001,0,0,0
C01,0.20000000000000001,0.30000000000000004,0,0,0
C01,0.30000000000000004,0.40000000000000002,0,0,0
C01,0.40000000000000002,0.5,0,0,0
C01,0.5,0.60000000000000009,0,0,0
C01,0.60000000000000009,0.70000000000000007,0,0,0
C01,0.70000000000000007,0.80000000000000004,0,0,0
C01,0.80000000000000004,0.90000000000000002,0,0,0
C01,0.90000000000000002,1,0,0,0
C01,1,1.1000000000000001,0,0,0
C01,1.1000000000000001,1.2000000000000002,0,0,0
C01,1.2000000000000002,1.3,0,0,0
C01,1.3,1.4000000000000001,0,0,0
C01,1.4000000000000001,1.5,0,0,0
C01,1.5,1.6000000000000001,0,0,0
C01,1.6000000000000001,1.7000000000000002,0,0,0
C01,1.7000000000000002,1.8,0,0,0
C01,1.8,1.9000000000000001,0,0,0
C01,1.9000000000000001,2,0,0,0
C01,2,2.1000000000000001,0,0,0
C01,2.1000000000000001,2.2000000000000002,0,0,0
C01,2.2000000000000002,2.3000000000000003,0,0,0
C01,2.3000000000000003,2.4000000000000004,0,0,0
C01,2.4000000000000004,2.5,0,0,0
C01,2.5,2.6000000000000001,0,0,0
C01,2.6000000000000001,2.7000000000000002,0,0,0
C01,2.7000000000000002,2.8000000000000003,0,0,0
C01,2.8000000000000003,2.9000000000000004,0,0,0
C01,2.9000000000000004,3,0,0,0
C01,3,3.1000000000000001,0,0,0
C01,3.1000000000000001,3.2000000000000002,0,0,0
C01,3.2000000000000002,3.3000000000000003,0,0,0
C01,3.3000000000000003,3.4000000000000004,0,0,0
C01,3.4000000000000004,3.5,0,0,0
C01,3.5,3.6000000000000001,0,0,0
C01,3.6000000000000001,3.7000000000000002,0,0,0
C01,3.7000000000000002,3.8000000000000003,0,0,0
C01,3.8000000000000003,3.9000000000000004,0,0,0
C01,3.9000000000000004,4,0,0,0
C01,4,4.1000000000000005,0,0,0
C01,4.1000000000000005,4.2000000000000002,0,0,0
C01,4.2000000000000002,4.2999999999999998,0,0,0
C01,4.2999999999999998,4.4000000000000004,0,0,0
C01,4.4000000000000004,4.5,0,0,0
C01,4.5,4.6000000000000005,0,0,0
C01,4.6000000000000005,4.7000000000000002,0,0,0
C01,4.7000000000000002,4.8000000000000007,0,0,0
C01,4.8000000000000007,4.9000000000000004,0,0,0
C01,4.9000000000000004,5,0,0,0
C01,5,5.1000000000000005,0,0,0
C01,5.1000000000000005,5.2000000000000002,0,0,0
C01,5.2000000000000002,5.3000000000000007,0,0,0
C01,5.3000000000000007,5.4000000000000004,0,0,0
C01,5.4000000000000004,5.5,0,0,0
C01,5.5,5.6000000000000005,0,0,0
C01,5.6000000000000005,5.7000000000000002,0,0,0
C01,5.7000000000000002,5.8000000000000007,0,0,0
C01,5.8000000000000007,5.9000000000000004,0,0,0
C01,5.9000000000000004,6,0,0,0
C01,6,6.1000000000000005,0,0,0
C01,6.1000000000000005,6.2000000000000002,0,0,0
C01,6.2000000000000002,6.3000000000000007,0,0,0
C01,6.3000000000000007,6.4000000000000004,0,0,0
C01,6.4000000000000004,6.5,0,0,0
C01,6.5,6.6000000000000005,0,0,0
C01,6.6000000000000005,6.7000000000000002,0,0,0
C01,6.7000000000000002,6.8000000000000007,0,0,0
C01,6.8000000000000007,6.9000000000000004,0,0,0
C01,6.9000000000000004,7,0,0,0
C01,7,7.1000000000000005,0,0,0
C01,7.1000000000000005,7.2000000000000002,0,0,0
C01,7.2000000000000002,7.3000000000000007,0,0,0
C01,7.3000000000000007,7.4000000000000004,0,0,0
C01,7.4000000000000004,7.5,0,0,0
C01,7.5,7.6000000000000005,0,0,0
C01,7.6000000000000005,7.7000000000000002,0,0,0
C01,7.7000000000000002,7.8000000000000007,0,0,0
C01,7.8000000000000007,7.9000000000000004,0,0,0
C01,7.9000000000000004,8,0,0,0
C01,8,8.0999999999999996,0,0,0
C01,8.0999999999999996,8.2000000000000011,0,0,0
C01,8.2000000000000011,8.3000000000000007,0,0,0
C01,8.3000000000000007,8.4000000000000004,0,0,0
C01,8.4000000000000004,8.5,0,0,0
C01,8.5,8.5999999999999996,0,0,0
C01,8.5999999999999996,8.7000000000000011,0,0,0
C01,8.7000000000000011,8.8000000000000007,0,0,0
C01,8.8000000000000007,8.9000000000000004,0,0,0
C01,8.9000000000000004,9,0,0,0
C01,9,9.0999999999999996,0,0,0
C01,9.0999999999999996,9.2000000000000011,0,0,0
C01,9.2000000000000011,9.3000000000000007,0,0,0
C01,9.3000000000000007,9.4000000000000004,0,0,0
C01,9.4000000000000004,9.5,0,0,0
C01,9.5,9.6000000000000014,0,0,0
C01,9.6000000000000014,9.7000000000000011,0,0,0
C01,9.7000000000000011,9.8000000000000007,0,0,0
C01,9.8000000000000007,9.9000000000000004,0,0,0
C01,9.9000000000000004,10,0,0,0
C01,10,10.100000000000001,0,0,0
C01,10.100000000000001,10.200000000000001,0,0,0
C01,10.200000000000001,10.300000000000001,0,0,0
C01,10.300000000000001,10.4,0,0,0
C01,10.4,10.5,0,0,0
C01,10.5,10.600000000000001,0,0,0
C01,10.600000000000001,10.700000000000001,0,0,0
C01,10.700000000000001,10.800000000000001,0,0,0
C01,10.800000000000001,10.9,0,0,0
C01,10.9,11,0,0,0
C01,11,11.100000000000001,0,0,0
C01,11.100000000000001,11.200000000000001,0,0,0
C01,11.200000000000001,11.300000000000001,0,0,0
C01,11.300000000000001,11.4,0,0,0
C01,11.4,11.5,0,0,0
C01,11.5,11.600000000000001,0,0,0
C01,11.600000000000001,11.700000000000001,0,0,0
C01,11.700000000000001,11.800000000000001,0,0,0
C01,11.800000000000001,11.9,0,0,0
C01,11.9,12,0,0,0
C01,12,12.100000000000001,0,0,0
C01,12.100000000000001,12.200000000000001,0,0,0
C01,12.200000000000001,12.300000000000001,0,0,0
C01,12.300000000000001,12.4,0,0,0
C01,12.4,12.5,0,0,0
C01,12.5,12.600000000000001,0,0,0
C01,12.600000000000001,12.700000000000001,0,0,0
C01,12.700000000000001,12.800000000000001,0,0,0
C01,12.800000000000001,12.9,0,0,0
C01,12.9,13,0,0,0
C01,13,13.100000000000001,0,0,0
C01,13.100000000000001,13.200000000000001,0,0,0
C01,13.200000000000001,13.300000000000001,0,0,0
C01,13.300000000000001,13.4,0,0,0
C01,13.4,13.5,0,0,0
C01,13.5,13.600000000000001,0,0,0
C01,13.600000000000001,13.700000000000001,0,0,0
C01,13.700000000000001,13.800000000000001,0,0,0
C01,13.800000000000001,13.9,0,0,0
C01,13.9,14,0,0,0
C01,14,14.100000000000001,0,0,0
C01,14.100000000000001,14.200000000000001,0,0,0
C01,14.200000000000001,14.300000000000001,0,0,0
C01,14.300000000000001,14.4,0,0,0
C01,14.4,14.5,0,0,0
C01,14.5,14.600000000000001,0,0,0
C01,14.600000000000001,14.700000000000001,0,0,0
C01,14.700000000000001,14.800000000000001,0,0,0
C01,14.800000000000001,14.9,0,0,0
C01,14.9,15,0,0,0
C01,15,15.100000000000001,0,0,0
C01,15.100000000000001,15.200000000000001,0,0,0
C01,15.200000000000001,15.300000000000001,0,0,0
C01,15.300000000000001,15.4,0,0,0
C01,15.4,15.5,0,0,0
C01,15.5,15.600000000000001,0,0,0
C01,15.600000000000001,15.700000000000001,0,0,0
C01,15.700000000000001,15.800000000000001,0,0,0
C01,15.800000000000001,15.9,0,0,0
C01,15.9,16,0,0,0
C01,16,16.100000000000001,0,0,0
C01,16.100000000000001,16.199999999999999,0,0,0
C01,16.199999999999999,16.300000000000001,0,0,0
C01,16.300000000000001,16.400000000000002,0,0,0
C01,16.400000000000002,16.5,0,0,0
C01,16.5,16.600000000000001,0,0,0
C01,16.600000000000001,16.699999999999999,0,0,0
C01,16.699999999999999,16.800000000000001,0,0,0
C01,16.800000000000001,16.900000000000002,0,0,0
C01,16.900000000000002,17,0,0,0
C01,17,17.100000000000001,0,0,0
C01,17.100000000000001,17.199999999999999,0,0,0
C01,17.199999999999999,17.300000000000001,0,0,0
C01,17.300000000000001,17.400000000000002,0,0,0
C01,17.400000000000002,17.5,0,0,0
C01,17.5,17.600000000000001,0,0,0
C01,17.600000000000001,17.699999999999999,0,0,0
C01,17.699999999999999,17.800000000000001,0,0,0
C01,17.800000000000001,17.900000000000002,0,0,0
C01,17.900000000000002,18,0,0,0
C01,18,18.100000000000001,0,0,0
C01,18.100000000000001,18.199999999999999,0,0,0
C01,18.199999999999999,18.300000000000001,0,0,0
C01,18.300000000000001,18.400000000000002,0,0,0
C01,18.400000000000002,18.5,0,0,0
C01,18.5,18.600000000000001,0,0,0
C01,18.600000000000001,18.699999999999999,0,0,0
C01,18.699999999999999,18.800000000000001,0,0,0
C01,18.800000000000001,18.900000000000002,0,0,0
C01,18.900000000000002,19,0,0,0
C01,19,19.100000000000001,0,0,0
C01,19.100000000000001,19.200000000000003,0,0,0
C01,19.200000000000003,19.300000000000001,0,0,0
C01,19.300000000000001,19.400000000000002,0,0,0
C01,19.400000000000002,19.5,0,0,0
C01,19.5,19.600000000000001,0,0,0
C01,19.600000000000001,19.700000000000003,0,0,0
C01,19.700000000000003,19.800000000000001,0,0,0
C01,19.800000000000001,19.900000000000002,0,0,0
C01,19.900000000000002,20,0,0,0
C02,0,0.10000000000000001,0,0,0.030222469479091012
C02,0.10000000000000001,0.20000000000000001,0,0,0.036832140163187595
C02,0.20000000000000001,0.30000000000000004,0,0,0.043658570377811678
C02,0.30000000000000004,0.40000000000000002,0,0,0.050331788229851682
C02,0.40000000000000002,0.5,0,0,0.05643624009088527
C02,0.5,0.60000000000000009,0,0,0.061559911791427668
C02,0.60000000000000009,0.70000000000000007,0,0,0.065349132807636767
C02,0.70000000000000007,0.80000000000000004,0,0,0.06755665035845354
C02,0.80000000000000004,0.90000000000000002,0,0,0.068071573054455936
C02,0.90000000000000002,1,0,0,0.066925016331408904
C02,1,1.1000000000000001,0,0,0.064272481610902599
C02,1.1000000000000001,1.2000000000000002,0,0,0.060360140540339668
C02,1.2000000000000002,1.3,0,0,0.05548492725350529
C02,1.3,1.4000000000000001,0,0,0.049957476057584271
C02,1.4000000000000001,1.5,0,0,0.044073643605123891
C02,1.5,1.6000000000000001,0,0,0.038096505481262311
C02,1.6000000000000001,1.7000000000000002,0,0,0.032247725248930492
C02,1.7000000000000002,1.8,0,0,0.026705525285101506
C02,1.8,1.9000000000000001,0,0,0.021606240299070878
C02,1.9000000000000001,2,0,0,0.017046981738395361
C02,2,2.1000000000000001,0,0,0.012580054888564174
C02,2.1000000000000001,2.2000000000000002,0,0,0.0088406033648456006
C02,2.2000000000000002,2.3000000000000003,0,0,0.0062500802282510204
C02,2.3000000000000003,2.4000000000000004,0,0,0.0044374027111322434
C02,2.4000000000000004,2.5,0,0,0.003159929120342797
C02,2.5,2.6000000000000001,0,0,0.002255043462453088
C02,2.6000000000000001,2.7000000000000002,0,0,0.0016117412248197738
C02,2.7000000000000002,2.8000000000000003,0,0,0.0011532125132123205
C02,2.8000000000000003,2.9000000000000004,0,0,0.00082577591910915071
C02,2.9000000000000004,3,0,0,0.00059164021188096161
C02,3,3.1000000000000001,0,0,0.00042405965542569035
C02,3.1000000000000001,3.2000000000000002,0,0,0.00030403304875858961
C02,3.2000000000000002,3.3000000000000003,0,0,0.00021802381666968795
C02,3.3000000000000003,3.4000000000000004,0,0,0.00015636916637484788
C02,3.4000000000000004,3.5,0,0,0.00011216160945748399
C02,3.5,3.6000000000000001,0,0,8.045819546032007e-05
C02,3.6000000000000001,3.7000000000000002,0,0,5.771915637009517e-05
C02,3.7000000000000002,3.8000000000000003,0,0,4.1408224991656972e-05
C02,3.8000000000000003,3.9000000000000004,0,0,2.9707452814276003e-05
C02,3.9000000000000004,4,0,0,2.1313410170420433e-05
C02,4,4.1000000000000005,0,0,1.529138171729727e-05
C02,4.1000000000000005,4.2000000000000002,0,0,1.0970969499313199e-05
C02,4.2000000000000002,4.2999999999999998,0,0,7.871300775619261e-06
C02,4.2999999999999998,4.4000000000000004,0,0,5.6474230221148503e-06
C02,4.4000000000000004,4.5,0,0,4.0518726842631025e-06
C02,4.5,4.6000000000000005,0,0,2.9071166030014695e-06
C02,4.6000000000000005,4.7000000000000002,0,0,2.0857870468571349e-06
C02,4.7000000000000002,4.8000000000000007,0,0,1.4965047279158483e-06
C02,4.8000000000000007,4.9000000000000004,0,0,1.0737091642454288e-06
C02,4.9000000000000004,5,0,0,7.703632242117564e-07
C02,5,5.1000000000000005,0,0,5.5271932664080481e-07
C02,5.1000000000000005,5.2000000000000002,0,0,3.9656457928582967e-07
C02,5.2000000000000002,5.3000000000000007,0,0,2.8452688383140412e-07
C02,5.3000000000000007,5.4000000000000004,0,0,2.0414219492614905e-07
C02,5.4000000000000004,5.5,0,0,1.4646785173599852e-07
C02,5.5,5.6000000000000005,0,0,1.0508769965333897e-07
C02,5.6000000000000005,5.7000000000000002,0,0,7.5398288834627181e-08
C02,5.7000000000000002,5.8000000000000007,0,0,5.409674208589621e-08
C02,5.8000000000000007,5.9000000000000004,0,0,3.8813316671770792e-08
C02,5.9000000000000004,6,0,0,2.7847769756839114e-08
C02,6,6.1000000000000005,0,0,1.9980211485304267e-08
C02,6.1000000000000005,6.2000000000000002,0,0,1.4335397424680707e-08
C02,6.2000000000000002,6.3000000000000007,0,0,1.0285358231776343e-08
C02,6.3000000000000007,6.4000000000000004,0,0,7.3795365373996447e-09
C02,6.4000000000000004,6.5,0,0,5.2946678152920867e-09
C02,6.5,6.6000000000000005,0,0,3.798817926892184e-09
C02,6.6000000000000005,6.7000000000000002,0,0,2.725574876905057e-09
C02,6.7000000000000002,6.8000000000000007,0,0,1.9555452812625163e-09
C02,6.8000000000000007,6.9000000000000004,0,0,1.4030646644513922e-09
C02,6.9000000000000004,7,0,0,1.0066697475608066e-09
C02,7,7.1000000000000005,0,0,7.2226635783323445e-10
C02,7.1000000000000005,7.2000000000000002,0,0,5.1821158475462425e-10
C02,7.2000000000000002,7.3000000000000007,0,0,3.7180614143039747e-10
C02,7.3000000000000007,7.4000000000000004,0,0,2.667629450670006e-10
C02,7.4000000000000004,7.5,0,0,1.913976754863711e-10
C02,7.5,7.6000000000000005,0,0,1.373229308043733e-10
C02,7.6000000000000005,7.7000000000000002,0,0,9.8526964364964442e-11
C02,7.7000000000000002,7.8000000000000007,0,0,7.0690897580050205e-11
C02,7.8000000000000007,7.9000000000000004,0,0,5.0719095590068264e-11
C02,7.9000000000000004,8,0,0,3.6390557234255994e-11
C02,8,8.0999999999999996,0,0,2.6108892825504881e-11
C02,8.0999999999999996,8.2000000000000011,0,0,1.8732126960685491e-11
C02,8.2000000000000011,8.3000000000000007,0,0,1.344058198071707e-11
C02,8.3000000000000007,8.4000000000000004,0,0,9.6431751472891847e-12
C02,8.4000000000000004,8.5,0,0,6.9190209117664381e-12
C02,8.5,8.5999999999999996,0,0,4.9643622546113875e-12
C02,8.5999999999999996,8.7000000000000011,0,0,3.5627056860221273e-12
C02,8.7000000000000011,8.8000000000000007,0,0,2.5546231796624852e-12
C02,8.8000000000000007,8.9000000000000004,0,0,1.8329782136561334e-12
C02,8.9000000000000004,9,0,0,1.3161693956931231e-12
C02,9,9.0999999999999996,0,0,9.4579899467817086e-13
C02,9.0999999999999996,9.2000000000000011,0,0,6.7812422344104561e-13
C02,9.2000000000000011,9.3000000000000007,0,0,4.864997293907436e-13
C02,9.3000000000000007,9.4000000000000004,0,0,3.4872105203476167e-13
C02,9.4000000000000004,9.5,0,0,2.503552920529728e-13
C02,9.5,9.6000000000000014,0,0,1.7974510768681284e-13
C02,9.6000000000000014,9.7000000000000011,0,0,1.2889689315898067e-13
C02,9.7000000000000011,9.8000000000000007,0,0,9.248157795127554e-14
C02,9.8000000000000007,9.9000000000000004,0,0,6.616929226765933e-14
C02,9.9000000000000004,10,0,0,4.75175454539567e-14
C02,10,10.100000000000001,0,0,3.4416913763379853e-14
C02,10.100000000000001,10.200000000000001,0,0,2.453592884421596e-14
C02,10.200000000000001,10.300000000000001,0,0,1.6764367671839864e-14
C02,10.300000000000001,10.4,0,0,1.3211653993039363e-14
C02,10.4,10.5,0,0,7.8825834748386114e-15
C02,10.5,10.600000000000001,0,0,7.8825834748386114e-15
C02,10.600000000000001,10.700000000000001,0,0,7.7715611723760958e-15
C02,10.700000000000001,10.800000000000001,0,0,0
C02,10.800000000000001,10.9,0,0,0
C02,10.9,11,0,0,0
C02,11,11.100000000000001,0,0,0
C02,11.100000000000001,11.200000000000001,0,0,0
C02,11.200000000000001,11.300000000000001,0,0,0
C02,11.300000000000001,11.4,0,0,0
C02,11.4,11.5,0,0,0
C02,11.5,11.600000000000001,0,0,0
C02,11.600000000000001,11.700000000000001,0,0,0
C02,11.700000000000001,11.800000000000001,0,0,0
C02,11.800000000000001,11.9,0,0,0
C02,11.9,12,0,0,0
C02,12,12.100000000000001,0,0,0
C02,12.100000000000001,12.200000000000001,0,0,0
C02,12.200000000000001,12.300000000000001,0,0,0
C02,12.300000000000001,12.4,0,0,0
C02,12.4,12.5,0,0,0
C02,12.5,12.600000000000001,0,0,0
C02,12.600000000000001,12.700000000000001,0,0,0
C02,12.700000000000001,12.800000000000001,0,0,0
C02,12.800000000000001,12.9,0,0,0
C02,12.9,13,0,0,0
C02,13,13.100000000000001,0,0,0
C02,13.100000000000001,13.200000000000001,0,0,0
C02,13.200000000000001,13.300000000000001,0,0,0
C02,13.300000000000001,13.4,0,0,0
C02,13.4,13.5,0,0,0
C02,13.5,13.600000000000001,0,0,0
C02,13.600000000000001,13.700000000000001,0,0,0
C02,13.700000000000001,13.800000000000001,0,0,0
C02,13.800000000000001,13.9,0,0,0
C02,13.9,14,0,0,0
C02,14,14.100000000000001,0,0,0
C02,14.100000000000001,14.200000000000001,0,0,0
C02,14.200000000000001,14.300000000000001,0,0,0
C02,14.300000000000001,14.4,0,0,0
C02,14.4,14.5,0,0,0
C02,14.5,14.600000000000001,0,0,0
C02,14.600000000000001,14.700000000000001,0,0,0
C02,14.700000000000001,14.800000000000001,0,0,0
C02,14.800000000000001,14.9,0,0,0
C02,14.9,15,0,0,0
C02,15,15.100000000000001,0,0,0
C02,15.100000000000001,15.200000000000001,0,0,0
C02,15.200000000000001,15.300000000000001,0,0,0
C02,15.300000000000001,15.4,0,0,0
C02,15.4,15.5,0,0,0
C02,15.5,15.600000000000001,0,0,0
C02,15.600000000000001,15.700000000000001,0,0,0
C02,15.700000000000001,15.800000000000001,0,0,0
C02,15.800000000000001,15.9,0,0,0
C02,15.9,16,0,0,0
C02,16,16.100000000000001,0,0,0
C02,16.100000000000001,16.199999999999999,0,0,0
C02,16.199999999999999,16.300000000000001,0,0,0
C02,16.300000000000001,16.400000000000002,0,0,0
C02,16.400000000000002,16.5,0,0,0
C02,16.5,16.600000000000001,0,0,0
C02,16.600000000000001,16.699999999999999,0,0,0
C02,16.699999999999999,16.800000000000001,0,0,0
C02,16.800000000000001,16.900000000000002,0,0,0
C02,16.900000000000002,17,0,0,0
C02,17,17.100000000000001,0,0,0
C02,17.100000000000001,17.199999999999999,0,0,0
C02,17.199999999999999,17.300000000000001,0,0,0
C02,17.300000000000001,17.400000000000002,0,0,0
C02,17.400000000000002,17.5,0,0,0
C02,17.5,17.600000000000001,0,0,0
C02,17.600000000000001,17.699999999999999,0,0,0
C02,17.699999999999999,17.800000000000001,0,0,0
C02,17.800000000000001,17.900000000000002,0,0,0
C02,17.900000000000002,18,0,0,0
C02,18,18.100000000000001,0,0,0
C02,18.100000000000001,18.199999999999999,0,0,0
C02,18.199999999999999,18.300000000000001,0,0,0
C02,18.300000000000001,18.400000000000002,0,0,0
C02,18.400000000000002,18.5,0,0,0
C02,18.5,18.600000000000001,0,0,0
C02,18.600000000000001,18.699999999999999,0,0,0
C02,18.699999999999999,18.800000000000001,0,0,0
C02,18.800000000000001,18.900000000000002,0,0,0
C02,18.900000000000002,19,0,0,0
C02,19,19.100000000000001,0,0,0
C02,19.100000000000001,19.200000000000003,0,0,0
C02,19.200000000000003,19.300000000000001,0,0,0
C02,19.300000000000001,19.400000000000002,0,0,0
C02,19.400000000000002,19.5,0,0,0
C02,19.5,19.600000000000001,0,0,0
C02,19.600000000000001,19.700000000000003,0,0,0
C02,19.700000000000003,19.800000000000001,0,0,0
C02,19.800000000000001,19.900000000000002,0,0,0
C02,19.900000000000002,20,0,0,0
C03,0,0.10000000000000001,-0.0010704770531683823,0.0010704770531683623,0.0302343000088055
C03,0.10000000000000001,0.20000000000000001,-0.0028744670070277199,0.0028744670070277078,0.036923134714387879
C03,0.20000000000000001,0.30000000000000004,-0.0044867657030797804,0.0044867657030797812,0.043936529849982281
C03,0.30000000000000004,0.40000000000000002,-0.0060371250897337282,0.0060371250897337109,0.050940353231849256
C03,0.40000000000000002,0.5,-0.0075460435038705691,0.007546043503870524,0.057551655370418398
C03,0.5,0.60000000000000009,-0.0089905570599206411,0.0089905570599206168,0.063380022147821957
C03,0.60000000000000009,0.70000000000000007,-0.010327453955315653,0.010327453955315619,0.068076001342592174
C03,0.70000000000000007,0.80000000000000004,-0.011506540570422358,0.011506540570422344,0.071375930327810533
C03,0.80000000000000004,0.90000000000000002,-0.012480290619139592,0.012480290619139592,0.073132833917869899
C03,0.90000000000000002,1,-0.013211177835766225,0.013211177835766169,0.073326919573433458
C03,1,1.1000000000000001,-0.013676506715498887,0.013676506715498887,0.072055105359877247
C03,1.1000000000000001,1.2000000000000002,-0.013870443585027883,0.013870443585027883,0.06950455911663167
C03,1.2000000000000002,1.3,-0.01380338598247087,0.013803385982470787,0.06591828599512306
C03,1.3,1.4000000000000001,-0.013499267454950975,0.013499267454951003,0.061560871669801953
C03,1.4000000000000001,1.5,-0.012991668169743842,0.012991668169743842,0.056690255516075316
C03,1.5,1.6000000000000001,-0.012319609494414963,0.012319609494414907,0.05153832992149443
C03,1.6000000000000001,1.7000000000000002,-0.01152372088035411,0.011523720880354166,0.046300484704065892
C03,1.7000000000000002,1.8,-0.010643198194251052,0.010643198194251052,0.041132464903325006
C03,1.8,1.9000000000000001,-0.0097137029674200792,0.0097137029674200792,0.036152276010066764
C03,1.9000000000000001,2,-0.0087661587457427692,0.0087661587457428247,0.031444891777135275
C03,2,2.1000000000000001,-0.00778526298931842,0.0077852629893183645,0.025976890548147225
C03,2.1000000000000001,2.2000000000000002,-0.0067348159013986275,0.006734815901398572,0.020728329289249059
C03,2.2000000000000002,2.3000000000000003,-0.0057354701317320345,0.0057354701317319789,0.016798164499303381
C03,2.3000000000000003,2.4000000000000004,-0.0048435986792733088,0.0048435986792732533,0.01376763232347411
C03,2.4000000000000004,2.5,-0.0040718163861802603,0.0040718163861802048,0.011378011023457812
C03,2.5,2.6000000000000001,-0.0034152204057372182,0.0034152204057372182,0.0094614670399235656
C03,2.6000000000000001,2.7000000000000002,-0.0028620301131647707,0.0028620301131647152,0.0079043784693793029
C03,2.7000000000000002,2.8000000000000003,-0.0023984907748424433,0.0023984907748423878,0.0066268579239006087
C03,2.8000000000000003,2.9000000000000004,-0.0020111498885524159,0.0020111498885524159,0.0055708425434195519
C03,2.9000000000000004,3,-0.0016878301246731342,0.0016878301246731342,0.0046929109114457468
C03,3,3.1000000000000001,-0.0014179489286037517,0.0014179489286036961,0.0039598011437089742
C03,3.1000000000000001,3.2000000000000002,-0.0011925214604542322,0.0011925214604542322,0.003345521841722654
C03,3.2000000000000002,3.3000000000000003,-0.0010040228403521145,0.0010040228403520035,0.0028294304653584401
C03,3.3000000000000003,3.4000000000000004,-0.00084620021647235921,0.00084620021647224819,0.0023949162042558036
C03,3.4000000000000004,3.5,-0.00071387937332895168,0.00071387937332892393,0.0020284712145053341
C03,3.5,3.6000000000000001,-0.00060278623523857267,0.00060278623523854491,0.0017190182571136248
C03,3.6000000000000001,3.7000000000000002,-0.00050939093360446996,0.00050939093360446996,0.0014574121833872411
C03,3.7000000000000002,3.8000000000000003,-0.00043077576272265716,0.00043077576272265716,0.0012360623679215088
C03,3.8000000000000003,3.9000000000000004,-0.00036452541030213004,0.00036452541030207453,0.0010486413770274261
C03,3.9000000000000004,4,-0.00030863669835351493,0.00030863669835345942,0.00088985655212892034
C03,4,4.1000000000000005,-0.0002614448218575538,0.0002614448218575538,0.00075526847393403429
C03,4.1000000000000005,4.2000000000000002,-0.00022156324786787307,0.00022156324786787307,0.00064114503180712212
C03,4.2000000000000002,4.2999999999999998,-0.0001878347834773364,0.00018783478347722538,0.00054434299584626977
C03,4.2999999999999998,4.4000000000000004,-0.00015929170876941012,0.00015929170876946563,0.00046221114917988082
C03,4.4000000000000004,4.5,-0.00013512323949699256,0.00013512323949699256,0.00039251053888356147
C03,4.5,4.6000000000000005,-0.00011464890870657718,0.00011464890870657718,0.00033334846756916114
C03,4.6000000000000005,4.7000000000000002,-9.7296730181245517e-05,9.7296730181245517e-05,0.00028312361642290895
C03,4.7000000000000002,4.8000000000000007,-8.2585231421627991e-05,8.258523142157248e-05,0.00024048025612777302
C03,4.8000000000000007,4.9000000000000004,-7.0108625731785112e-05,7.0108625731785112e-05,0.00020426992572342151
C03,4.9000000000000004,5,-5.9524538575467245e-05,5.9524538575522756e-05,0.0001735192816048059
C03,5,5.1000000000000005,-5.0543819263892953e-05,5.0543819263892953e-05,0.00014740306766802824
C03,5.1000000000000005,5.2000000000000002,-4.2922061058964234e-05,4.2922061058908723e-05,0.00012522135196002537
C03,5.2000000000000002,5.3000000000000007,-3.6452525787294965e-05,3.6452525787294965e-05,0.00010638032916365781
C03,5.3000000000000007,5.4000000000000004,-3.0960227032861276e-05,3.0960227032861276e-05,9.0376111118173341e-05
C03,5.4000000000000004,5.5,-2.6296972139849828e-05,2.6296972139794317e-05,7.6781026731254087e-05
C03,5.5,5.6000000000000005,-2.2337200100003285e-05,2.2337200100003285e-05,6.5232033226614305e-05
C03,5.6000000000000005,5.7000000000000002,-1.897448192775264e-05,1.897448192775264e-05,5.5420906517777979e-05
C03,5.7000000000000002,5.8000000000000007,-1.6118573891527044e-05,1.6118573891471533e-05,4.7085932724177937e-05
C03,5.8000000000000007,5.9000000000000004,-1.3692933167913646e-05,1.3692933167913646e-05,4.000486770139311e-05
C03,5.9000000000000004,6,-1.1632621073703886e-05,1.1632621073592864e-05,3.3988968526355023e-05
C03,6,6.1000000000000005,-9.8825317338679941e-06,9.8825317338679941e-06,2.8877932048532173e-05
C03,6.1000000000000005,6.2000000000000002,-8.3958944500084343e-06,8.3958944500639454e-06,2.453560132864574e-05
C03,6.2000000000000002,6.3000000000000007,-7.1330065813390853e-06,7.1330065813390853e-06,2.0846322603684797e-05
C03,6.3000000000000007,6.4000000000000004,-6.0601607994037465e-06,6.0601607994037465e-06,1.7711853538937561e-05
C03,6.4000000000000004,6.5,-5.1487364283175907e-06,5.1487364283175907e-06,1.5048738907008641e-05
C03,6.5,6.6000000000000005,-4.3744294228043046e-06,4.3744294228043046e-06,1.2786082650428909e-05
C03,6.6000000000000005,6.7000000000000002,-3.716599577485713e-06,3.716599577485713e-06,1.0863656273230049e-05
C03,6.7000000000000002,6.8000000000000007,-3.1577169400387461e-06,3.1577169400387461e-06,9.2302925520648671e-06
C03,6.8000000000000007,6.9000000000000004,-2.6828922152499768e-06,2.6828922152499768e-06,7.8425214580235547e-06
C03,6.9000000000000004,7,-2.2794783274826536e-06,2.2794783274826536e-06,6.6634116615560401e-06
C03,7,7.1000000000000005,-1.9367322787455787e-06,1.9367322787455787e-06,5.661586542693442e-06
C03,7.1000000000000005,7.2000000000000002,-1.6455281383054299e-06,1.6455281383054299e-06,4.8103884295880306e-06
C03,7.2000000000000002,7.3000000000000007,-1.398113386896771e-06,1.3981133868412599e-06,4.0871686513010985e-06
C03,7.3000000000000007,7.4000000000000004,-1.1879020438421151e-06,1.1879020438421151e-06,3.4726844697630099e-06
C03,7.4000000000000004,7.5,-1.0092990077037456e-06,1.0092990077037456e-06,2.9505867735757363e-06
C03,7.5,7.6000000000000005,-8.5755087947392283e-07,8.5755087958494514e-07,2.5069848699210695e-06
C03,7.6000000000000005,7.7000000000000002,-7.2861927433165441e-07,7.2861927433165441e-07,2.1300767487630878e-06
C03,7.7000000000000002,7.8000000000000007,-6.190732182720371e-07,6.1907321835530382e-07,1.8098349658934865e-06
C03,7.8000000000000007,7.9000000000000004,-5.2599775307582419e-07,5.2599775310357977e-07,1.5377397954985383e-06
C03,7.9000000000000004,8,-4.469163014664268e-07,4.4691630152193795e-07,1.3065525024114066e-06
C03,8,8.0999999999999996,-3.7972472166636351e-07,3.7972472172187466e-07,1.1101227221921306e-06
C03,8.0999999999999996,8.2000000000000011,-3.2263528532139318e-07,3.2263528526588203e-07,9.4322480470587777e-07
C03,8.2000000000000011,8.3000000000000007,-2.7412908676360814e-07,2.7412908676360814e-07,8.0141878289197166e-07
C03,8.3000000000000007,8.4000000000000004,-2.3291561382365877e-07,2.3291561382365877e-07,6.8093222616028015e-07
C03,8.4000000000000004,8.5,-1.978983981409943e-07,1.978983981409943e-07,5.7855988733201968e-07
C03,8.5,8.5999999999999996,-1.6814583658764093e-07,1.6814583658764093e-07,4.9157841064406682e-07
C03,8.5999999999999996,8.7000000000000011,-1.4286639868354989e-07,1.4286639857252759e-07,4.1767388769820002e-07
C03,8.7000000000000011,8.8000000000000007,-1.2138756325108524e-07,1.2138756319557409e-07,3.5488029381802733e-07
C03,8.8000000000000007,8.9000000000000004,-1.0313792520033616e-07,1.031379250338027e-07,3.0152718477616247e-07
C03,8.9000000000000004,9,-8.7631989720282633e-08,8.763198960926033e-08,2.5619525945153043e-07
C03,9,9.0999999999999996,-7.4457255916371423e-08,7.4457255860860272e-08,2.1767859736954165e-07
C03,9.0999999999999996,9.2000000000000011,-6.3263241867339559e-08,6.3263241867339559e-08,1.8495257747552785e-07
C03,9.2000000000000011,9.3000000000000007,-5.3752159057118831e-08,5.375215900160768e-08,1.5714662748855801e-07
C03,9.3000000000000007,9.4000000000000004,-4.5670989906598791e-08,4.567098985108764e-08,1.3352105332486985e-07
C03,9.4000000000000004,9.5,-3.8804757601651474e-08,3.8804757601651474e-08,1.1344737371743463e-07
C03,9.5,9.6000000000000014,-3.2970805641241441e-08,3.297080558573029e-08,9.639159403995734e-08
C03,9.6000000000000014,9.7000000000000011,-2.8013938113691239e-08,2.8013938113691239e-08,8.1899995008072324e-08
C03,9.7000000000000011,9.8000000000000007,-2.3802293247499051e-08,2.3802293219743476e-08,6.9587077877741876e-08
C03,9.8000000000000007,9.9000000000000004,-2.0223832303267741e-08,2.0223832275512166e-08,5.9125295326367677e-08
C03,9.9000000000000004,10,-1.7183361428196875e-08,1.7183361317174572e-08,5.0236348414500753e-08
C03,10,10.100000000000001,-1.4599998349185128e-08,1.4599998293673977e-08,4.2683772960572242e-08
C03,10.100000000000001,10.200000000000001,-1.240502098265317e-08,1.240502098265317e-08,3.6266658121064665e-08
C03,10.200000000000001,10.300000000000001,-1.0540038786199801e-08,1.0540038786199801e-08,3.081429822415771e-08
C03,10.300000000000001,10.4,-8.9554398341462615e-09,8.9554397786351103e-09,2.6181651957557506e-08
C03,10.4,10.5,-7.6090712619603096e-09,7.6090711509380071e-09,2.2245481456906191e-08
C03,10.5,10.600000000000001,-6.4651167475116011e-09,6.4651167475116011e-09,1.8901075593547034e-08
C03,10.600000000000001,10.700000000000001,-5.4931455772955218e-09,5.4931455772955218e-09,1.6059473306739847e-08
C03,10.700000000000001,10.800000000000001,-4.6673014342246688e-09,4.6673014342246688e-09,1.3645079066648691e-08
C03,10.800000000000001,10.9,-3.9656153083544865e-09,3.9656152528433353e-09,1.1593666915388212e-08
C03,10.9,11,-3.3694214363055863e-09,3.3694213807944351e-09,9.8506665047182196e-09
C03,11,11.100000000000001,-2.8628597825708368e-09,2.8628597270596856e-09,8.3697084818368239e-09
C03,11.100000000000001,11.200000000000001,-2.432454959677699e-09,2.432454959677699e-09,7.1113985811166458e-09
C03,11.200000000000001,11.300000000000001,-2.0667578759514527e-09,2.0667578759514527e-09,6.0422662429004959e-09
C03,11.300000000000001,11.4,-1.7560396470273076e-09,1.7560397025384589e-09,5.1338679973866874e-09
C03,11.4,11.5,-1.4920353286207444e-09,1.4920352731095932e-09,4.3620376199982047e-09
C03,11.5,11.600000000000001,-1.2677215388556817e-09,1.2677215388556817e-09,3.7062461988313089e-09
C03,11.600000000000001,11.700000000000001,-1.0771311065305156e-09,1.0771311065305156e-09,3.1490459129202009e-09
C03,11.700000000000001,11.800000000000001,-9.1519444800347571e-10,9.1519444800347571e-10,2.6756143967077151e-09
C03,11.800000000000001,11.9,-7.7760331507192859e-10,7.7760331507192859e-10,2.273359278603948e-09
C03,11.9,12,-6.606980518242267e-10,6.606980518242267e-10,1.931581783409797e-09
C03,12,12.100000000000001,-5.6136809090112649e-10,5.6136803538997526e-10,1.641186075929113e-09
C03,12.100000000000001,12.200000000000001,-4.7697151783765435e-10,4.7697151783765435e-10,1.3944476684457641e-09
C03,12.200000000000001,12.300000000000001,-4.0526321187783765e-10,4.0526321187783765e-10,1.184806475151845e-09
C03,12.300000000000001,12.4,-3.443356710874923e-10,3.443356710874923e-10,1.00668207103638e-09
C03,12.4,12.5,-2.9256774780606065e-10,2.9256769229490942e-10,8.553362462748737e-10
C03,12.5,12.600000000000001,-2.485829320164612e-10,2.485829320164612e-10,7.267442203584551e-10
C03,12.600000000000001,12.700000000000001,-2.1121082660613411e-10,2.1121082660613411e-10,6.1748473001443926e-10
C03,12.700000000000001,12.800000000000001,-1.7945725461210316e-10,1.7945736563440562e-10,5.2465143340896248e-10
C03,12.800000000000001,12.9,-1.5247741957935546e-10,1.5247747509050669e-10,4.4577586066907315e-10
C03,12.9,13,-1.2955389538937823e-10,1.2955389538937823e-10,3.7875613756455095e-10
C03,13,13.100000000000001,-1.1007664224571556e-10,1.1007669775686679e-10,3.2181501907757593e-10
C03,13.100000000000001,13.200000000000001,-9.3527713351804209e-11,9.3527657840652978e-11,2.7343283193204115e-10
C03,13.200000000000001,13.300000000000001,-7.9466516700321677e-11,7.9466516700321677e-11,2.3232349377622086e-10
C03,13.300000000000001,13.4,-6.7519573265784061e-11,6.7519573265784061e-11,1.9739632151072328e-10
C03,13.4,13.5,-5.7368609862606945e-11,5.7368609862606945e-11,1.6772028210709777e-10
C03,13.5,13.600000000000001,-4.8743703517928338e-11,4.874375902907957e-11,1.4250467472720629e-10
C03,13.600000000000001,13.700000000000001,-4.1415676443889993e-11,4.1415676443889993e-11,1.2107981284259495e-10
C03,13.700000000000001,13.800000000000001,-3.5189073877006649e-11,3.5189073877006649e-11,1.0287704022005073e-10
C03,13.800000000000001,13.9,-2.9898805653516547e-11,2.9898805653516547e-11,8.741030121939275e-11
C03,13.9,14,-2.5403706915838598e-11,2.5403706915838598e-11,7.4269479455324472e-11
C03,14,14.100000000000001,-2.1584484199976828e-11,2.1584484199976828e-11,6.3104188541274198e-11
C03,14.100000000000001,14.200000000000001,-1.8339496588026805e-11,1.8339552099178036e-11,5.361666666203746e-11
C03,14.200000000000001,14.300000000000001,-1.5582146684067766e-11,1.5582146684067766e-11,4.5556447503258823e-11
C03,14.300000000000001,14.4,-1.3239714879986764e-11,1.3239770391137995e-11,3.8704817129087132e-11
C03,14.4,14.5,-1.1249251530287552e-11,1.1249251530287552e-11,3.2889246881495637e-11
C03,14.5,14.600000000000001,-9.5578545078467414e-12,9.5580210413004352e-12,2.7942759217580715e-11
C03,14.600000000000001,14.700000000000001,-8.1208928470744013e-12,8.1209483582256325e-12,2.3740120980164647e-11
C03,14.700000000000001,14.800000000000001,-6.9002581426502729e-12,6.9002581426502729e-12,2.0174528714278495e-11
C03,14.800000000000001,14.9,-5.8628657484405267e-12,5.8628657484405267e-12,1.7141843500212417e-11
C03,14.9,15,-4.9812931557369211e-12,4.9812376445856898e-12,1.4563017458613103e-11
C03,15,15.100000000000001,-4.2323367033247905e-12,4.2324199700516374e-12,1.237299152023752e-11
C03,15.100000000000001,15.200000000000001,-3.5963454436682696e-12,3.596317688092654e-12,1.0510481374126357e-11
C03,15.200000000000001,15.300000000000001,-3.0552227414659683e-12,3.0552227414659683e-12,8.9308560546896842e-12
C03,15.300000000000001,15.4,-2.5960344984810035e-12,2.5960900096322348e-12,7.5879302841030949e-12
C03,15.4,15.5,-2.2061241722326486e-12,2.2061241722326486e-12,6.4481753270229092e-12
C03,15.5,15.600000000000001,-1.8742785101721893e-12,1.8742785101721893e-12,5.4807269833645478e-12
C03,15.600000000000001,15.700000000000001,-1.5922818619173995e-12,1.5922263507661683e-12,4.6587178559320819e-12
C03,15.700000000000001,15.800000000000001,-1.352751244354522e-12,1.352751244354522e-12,3.9590553058133082e-12
C03,15.800000000000001,15.9,-1.1492751195163464e-12,1.1493861418188089e-12,3.3641978092191493e-12
C03,15.9,16,-9.7660768361151895e-13,9.7688523936767524e-13,2.8566038423605278e-12
C03,16,16.100000000000001,-8.2980844418045763e-13,8.299749776341514e-13,2.4273916210404423e-12
C03,16.100000000000001,16.199999999999999,-7.0535244311997758e-13,7.0551897657367135e-13,2.0621282459387658e-12
C03,16.199999999999999,16.300000000000001,-5.992983886926595e-13,5.9935389984389076e-13,1.7530421558831222e-12
C03,16.300000000000001,16.400000000000002,-5.0945359042486871e-13,5.0939807927363745e-13,1.4899192990469601e-12
C03,16.400000000000002,16.5,-4.3304249075504231e-13,4.3276493499888602e-13,1.2652101588628284e-12
C03,16.5,16.600000000000001,-3.6787239920954562e-13,3.6765035460462059e-13,1.0758061108617767e-12
C03,16.600000000000001,16.699999999999999,-3.1233349240267216e-13,3.1213920337336276e-13,9.1326946005665377e-13
C03,16.699999999999999,16.800000000000001,-2.654265696122593e-13,2.6528779173418116e-13,7.7604589421298442e-13
C03,16.800000000000001,16.900000000000002,-2.2559731860383181e-13,2.2548629630136929e-13,6.5902838741749292e-13
C03,16.900000000000002,17,-1.9162449405030202e-13,1.9162449405030202e-13,5.6066262743570405e-13
C03,17,17.100000000000001,-1.6286971771251046e-13,1.6275869541004795e-13,4.7561954374941706e-13
C03,17.100000000000001,17.199999999999999,-1.3836154444391013e-13,1.3825052214144762e-13,4.0434322556848201e-13
C03,17.199999999999999,17.300000000000001,-1.1754486273218845e-13,1.174060848541103e-13,3.432809592140984e-13
C03,17.300000000000001,17.400000000000002,-9.989231664064846e-14,9.9753538762570315e-14,2.9176661087149114e-13
C03,17.400000000000002,17.5,-8.4848794656977589e-14,8.4793283505746331e-14,2.4868995751603507e-13
C03,17.5,17.600000000000001,-7.2053474298172659e-14,7.1997963146941402e-14,2.1027624086400465e-13
C03,17.600000000000001,17.699999999999999,-6.1284310959308641e-14,6.1145533081230496e-14,1.7963408538435033e-13
C03,17.699999999999999,17.800000000000001,-5.21249710061511e-14,5.1986193128072955e-14,1.5121237595394632e-13
C03,17.800000000000001,17.900000000000002,-4.4159120804465601e-14,4.4075854077618715e-14,1.3034018309099338e-13
C03,17.900000000000002,18,-3.7581049383561549e-14,3.7497782656714662e-14,1.099120794378905e-13
C03,18,18.100000000000001,-3.1835645231126364e-14,3.1724622928663848e-14,9.3924867883288243e-14
C03,18.100000000000001,18.199999999999999,-2.7144952952085077e-14,2.7061686225238191e-14,7.8381745538536052e-14
C03,18.199999999999999,18.300000000000001,-2.3037127760971998e-14,2.2926105458509483e-14,6.5947247662734299e-14
C03,18.300000000000001,18.400000000000002,-1.9567680809018384e-14,1.9623191960249642e-14,5.8619775700208265e-14
C03,18.400000000000002,18.5,-1.659783421814609e-14,1.6625589793761719e-14,4.7073456244106637e-14
C03,18.5,18.600000000000001,-1.4183099139586375e-14,1.4127587988355117e-14,4.418687638008123e-14
C03,18.600000000000001,18.699999999999999,-1.1990408665951691e-14,1.1990408665951691e-14,3.1308289294429414e-14
C03,18.699999999999999,18.800000000000001,-1.0103029524088925e-14,9.96425164601078e-15,3.1308289294429414e-14
C03,18.800000000000001,18.900000000000002,-8.6319840164605921e-15,8.3266726846886741e-15,3.0642155479654321e-14
C03,18.900000000000002,19,-7.688294445529209e-15,7.1331829332166308e-15,1.5765166949677223e-14
C03,19,19.100000000000001,-5.8841820305133297e-15,5.8841820305133297e-15,1.5765166949677223e-14
C03,19.100000000000001,19.200000000000003,-5.8841820305133297e-15,5.773159728050814e-15,1.5765166949677223e-14
C03,19.200000000000003,19.300000000000001,-3.9135361618036768e-15,3.9412917374193057e-15,1.5543122344752192e-14
C03,19.300000000000001,19.400000000000002,-3.9135361618036768e-15,3.9135361618036768e-15,1.5543122344752192e-14
C03,19.400000000000002,19.5,-3.9135361618036768e-15,3.3861802251067274e-15,1.5543122344752192e-14
C03,19.5,19.600000000000001,-2.1926904736346842e-15,1.9706458687096529e-15,1.0880185641326534e-14
C03,19.600000000000001,19.700000000000003,-1.9706458687096529e-15,1.9706458687096529e-15,0
C03,19.700000000000003,19.800000000000001,-1.9706458687096529e-15,1.9706458687096529e-15,0
C03,19.800000000000001,19.900000000000002,-1.9706458687096529e-15,1.9706458687096529e-15,0
C03,19.900000000000002,20,-1.9428902930940239e-15,1.9706458687096529e-15,0
C04,0,0.10000000000000001,-0.0011295271688960087,0.0011295271688960061,0.027961659400825373
C04,0.10000000000000001,0.20000000000000001,-0.00317408201199791,0.0031740820119979048,0.029744389467264196
C04,0.20000000000000001,0.30000000000000004,-0.0051020386069187207,0.0051020386069187181,0.03150268695280696
C04,0.30000000000000004,0.40000000000000002,-0.0069927457550116433,0.0069927457550116329,0.033219456007546611
C04,0.40000000000000002,0.5,-0.0088690437450792484,0.0088690437450792692,0.034879322950600283
C04,0.5,0.60000000000000009,-0.010736117728363893,0.010736117728363893,0.036468343396836356
C04,0.60000000000000009,0.70000000000000007,-0.012592101670505743,0.012592101670505777,0.037974092334520398
C04,0.70000000000000007,0.80000000000000004,-0.014432187805491561,0.014432187805491582,0.03938584530017894
C04,0.80000000000000004,0.90000000000000002,-0.016250320651711642,0.016250320651711642,0.040694752264215983
C04,0.90000000000000002,1,-0.01803994641737855,0.018039946417378605,0.041893958654024399
C04,1,1.1000000000000001,-0.019794392222660051,0.019794392222660051,0.042978652308908294
C04,1.1000000000000001,1.2000000000000002,-0.02150709668907258,0.02150709668907258,0.04394602994568475
C04,1.2000000000000002,1.3,-0.023171773833287002,0.023171773833286974,0.044795186800872799
C04,1.3,1.4000000000000001,-0.024782539877655302,0.024782539877655219,0.045526937024704894
C04,1.4000000000000001,1.5,-0.026334010764958893,0.026334010764958893,0.046143580814946072
C04,1.5,1.6000000000000001,-0.027821374063307813,0.027821374063307813,0.046648631400969753
C04,1.6000000000000001,1.7000000000000002,-0.029240434787267677,0.029240434787267788,0.047046521386928886
C04,1.7000000000000002,1.8,-0.030587636954618858,0.030587636954618858,0.047342302895383659
C04,1.8,1.9000000000000001,-0.031860062169564607,0.031860062169564607,0.04754135715483998
C04,1.9000000000000001,2,-0.033055407529635705,0.033055407529635705,0.047649126185737023
C04,2,2.1000000000000001,-0.034171946828907618,0.034171946828907618,0.047670874022233467
C04,2.1000000000000001,2.2000000000000002,-0.035208477116767556,0.035208477116767556,0.047611486845573037
C04,2.2000000000000002,2.3000000000000003,-0.036164256009134976,0.036164256009134865,0.047475311352884408
C04,2.3000000000000003,2.4000000000000004,-0.037038931684564846,0.037038931684564846,0.047266035621422064
C04,2.4000000000000004,2.5,-0.0378324702293793,0.0378324702293793,0.046986607864254015
C04,2.5,2.6000000000000001,-0.038545082470495151,0.038545082470495151,0.046639191769987765
C04,2.6000000000000001,2.7000000000000002,-0.039177153096484507,0.039177153096484507,0.046225153684984921
C04,2.7000000000000002,2.8000000000000003,-0.039729174435491732,0.039729174435491732,0.045745076169664056
C04,2.8000000000000003,2.9000000000000004,-0.040201685593555969,0.040201685593555969,0.04519879573085106
C04,2.9000000000000004,3,-0.040595219382486336,0.040595219382486336,0.044585457475759149
C04,3,3.1000000000000001,-0.04091025641325019,0.04091025641325019,0.043903587340053951
C04,3.1000000000000001,3.2000000000000002,-0.041147188227618869,0.041147188227618869,0.043151176372278721
C04,3.2000000000000002,3.3000000000000003,-0.041306288789908052,0.041306288789908052,0.042325779106555883
C04,3.3000000000000003,3.4000000000000004,-0.041387695262616653,0.041387695262616653,0.041424624946423849
C04,3.4000000000000004,3.5,-0.041391398188221018,0.041391398188221018,0.040444744794004617
C04,3.5,3.6000000000000001,-0.041317241174568808,0.04131724117456903,0.039383117171559512
C04,3.6000000000000001,3.7000000000000002,-0.041164931435223373,0.041164931435223595,0.03823683520168375
C04,3.7000000000000002,3.8000000000000003,-0.040934060788933913,0.040934060788933913,0.037003303236334384
C04,3.8000000000000003,3.9000000000000004,-0.040624139469580989,0.040624139469580989,0.035680463368984006
C04,3.9000000000000004,4,-0.040234642730794246,0.040234642730794246,0.03426706032088811
C04,4,4.1000000000000005,-0.039765072588864747,0.039765072588864747,0.032762943612162587
C04,4.1000000000000005,4.2000000000000002,-0.039215035416351185,0.039215035416351185,0.031169408395644638
C04,4.2000000000000002,4.2999999999999998,-0.038584336811213316,0.038584336811213316,0.029489567908239867
C04,4.2999999999999998,4.4000000000000004,-0.037873094387480988,0.037873094387480988,0.027728743325431626
C04,4.4000000000000004,4.5,-0.037081867552844372,0.037081867552844372,0.025894850187869078
C04,4.5,4.6000000000000005,-0.036211803024582601,0.036211803024582601,0.023998742373472215
C04,4.6000000000000005,4.7000000000000002,-0.035264790747609132,0.035264790747609132,0.022054471538177634
C04,4.7000000000000002,4.8000000000000007,-0.034243624157763719,0.034243624157763719,0.020079397694416468
C04,4.8000000000000007,4.9000000000000004,-0.033152153315704425,0.033152153315704425,0.018094090854536393
C04,4.9000000000000004,5,-0.031995417677205706,0.031995417677205706,0.016121956615889221
C04,5,5.1000000000000005,-0.030738424634294992,0.030738424634294992,0.013704815620254163
C04,5.1000000000000005,5.2000000000000002,-0.029334417311308147,0.029334417311308147,0.011200433842637691
C04,5.2000000000000002,5.3000000000000007,-0.027861079909820896,0.027861079909820896,0.0091699368667941261
C04,5.3000000000000007,5.4000000000000004,-0.026363189318622249,0.026363189318622249,0.007515253104351638
C04,5.4000000000000004,5.5,-0.024869211206008934,0.024869211206008934,0.0061632171528953617
C04,5.5,5.6000000000000005,-0.023399290948980189,0.023399290948980189,0.0050572582342320871
C04,5.6000000000000005,5.7000000000000002,-0.021968000433547408,0.021968000433547408,0.0041524314037677534
C04,5.7000000000000002,5.8000000000000007,-0.020585761976314565,0.020585761976314565,0.0034123689097393939
C04,5.8000000000000007,5.9000000000000004,-0.019259781311039337,0.019259781311039337,0.0028073221365041423
C04,5.9000000000000004,6,-0.017994738656860854,0.017994738656860854,0.0023128263769778279
C04,6,6.1000000000000005,-0.016793330736525558,0.016793330736525558,0.0019087302523541627
C04,6.1000000000000005,6.2000000000000002,-0.015656706082783245,0.015656706082783245,0.0015784469638033816
C04,6.2000000000000002,6.3000000000000007,-0.014584818687855439,0.014584818687855439,0.0013083511582037133
C04,6.3000000000000007,6.4000000000000004,-0.013576715331928835,0.013576715331928835,0.0010872788680054146
C04,6.4000000000000004,6.5,-0.012630768643547174,0.012630768643547174,0.00090610733083518191
C04,6.5,6.6000000000000005,-0.01174486497342464,0.01174486497342464,0.00075740033058169232
C04,6.6000000000000005,6.7000000000000002,-0.010916554468926476,0.010916554468926476,0.00063510929343379985
C04,6.7000000000000002,6.8000000000000007,-0.010143170199545581,0.010143170199545581,0.00053432267512487641
C04,6.8000000000000007,6.9000000000000004,-0.0094219211518762336,0.0094219211518762336,0.00045105698983904929
C04,6.9000000000000004,7,-0.0087499645252766545,0.0087499645252766545,0.00038208380315785107
C04,7,7.1000000000000005,-0.0081244605339272358,0.0081244605339272358,0.00032478726161522253
C04,7.1000000000000005,7.2000000000000002,-0.0075426136332858995,0.0075426136332858995,0.00027704747986478928
C04,7.2000000000000002,7.3000000000000007,-0.0070017025903958974,0.0070017025903958974,0.00023714550290598879
C04,7.3000000000000007,7.4000000000000004,-0.0064991017792017658,0.0064991017792017658,0.00020368616443300347
C04,7.4000000000000004,7.5,-0.0060322957257672449,0.0060322957257672449,0.00017553567325268027
C04,7.5,7.6000000000000005,-0.0055988880748385483,0.0055988880748385483,0.00015177122158838152
C04,7.6000000000000005,7.7000000000000002,-0.0051966067069670885,0.0051966067069670885,0.00013164038896174013
C04,7.7000000000000002,7.8000000000000007,-0.0048233054067119419,0.0048233054067119419,0.00011452845603288075
C04,7.8000000000000007,7.9000000000000004,-0.0044769634414745241,0.0044769634414745241,9.9932118132750603e-05
C04,7.9000000000000004,8,-0.0041556832027787038,0.0041556832027787038,8.743833740521012e-05
C04,8,8.0999999999999996,-0.0038576866774320262,0.0038576866774320262,7.6707329490499632e-05
C04,8.0999999999999996,8.2000000000000011,-0.003581311053805214,0.003581311053805214,6.7458865657066269e-05
C04,8.2000000000000011,8.3000000000000007,-0.0033250036515113379,0.0033250036515113379,5.9461232719382195e-05
C04,8.3000000000000007,8.4000000000000004,-0.0030873166561375953,0.0030873166561375953,5.2522325547643689e-05
C04,8.4000000000000004,8.5,-0.0028669014657562997,0.0028669014657562997,4.6482447370044255e-05
C04,8.5,8.5999999999999996,-0.0026625032063782861,0.0026625032063782861,4.1208482241206212e-05
C04,8.5999999999999996,8.7000000000000011,-0.0024729551029425423,0.0024729551029429864,3.6589167910161535e-05
C04,8.7000000000000011,8.8000000000000007,-0.0022971730991931949,0.0022971730991931949,3.2531254168910451e-05
C04,8.8000000000000007,8.9000000000000004,-0.0021341505860523746,0.0021341505860523746,2.8956373618660436e-05
C04,8.9000000000000004,9,-0.001982953325528225,0.001982953325528225,2.5798487063077857e-05
C04,9,9.0999999999999996,-0.0018427146682671314,0.0018427146682671314,2.3001792740284799e-05
C04,9.0999999999999996,9.2000000000000011,-0.0017126308978512306,0.0017126308978512306,2.0519011340702775e-05
C04,9.2000000000000011,9.3000000000000007,-0.0015919569663267463,0.0015919569663267463,1.8309975057029249e-05
C04,9.3000000000000007,9.4000000000000004,-0.0014800023205818746,0.0014800023205818746,1.6340464545461231e-05
C04,9.4000000000000004,9.5,-0.001376127115864767,0.001376127115864767,1.4581246851941287e-05
C04,9.5,9.6000000000000014,-0.00127973856669783,0.00127973856669783,1.3007278232946007e-05
C04,9.6000000000000014,9.7000000000000011,-0.0011902875752642927,0.0011902875752647368,1.1597041424948884e-05
C04,9.7000000000000011,9.8000000000000007,-0.001107265586790529,0.001107265586790529,1.0331993344880885e-05
C04,9.8000000000000007,9.9000000000000004,-0.0010302016078935772,0.0010302016078935772,9.1961039843102554e-06
C04,9.9000000000000004,10,-0.00095865950925699828,0.00095865950925699828,8.175469870419505e-06
C04,10,10.100000000000001,-0.00089320561243799723,0.00089320561243799723,7.652953073700175e-06
C04,10.100000000000001,10.200000000000001,-0.00083417165782195823,0.00083417165782195823,7.5583427774361667e-06
C04,10.200000000000001,10.300000000000001,-0.0007796113222000578,0.0007796113222000578,7.4643704870425154e-06
C04,10.300000000000001,10.4,-0.00072884043449117364,0.00072884043449117364,7.3710720420727682e-06
C04,10.4,10.5,-0.00068147860697731488,0.00068147860697731488,7.2784822529037285e-06
C04,10.5,10.600000000000001,-0.00063725052840846175,0.00063725052840846175,7.1866331969872022e-06
C04,10.600000000000001,10.700000000000001,-0.00059593008925307167,0.00059593008925307167,7.0955537423422754e-06
C04,10.700000000000001,10.800000000000001,-0.00055731842407369392,0.00055731842407369392,7.0052695413380661e-06
C04,10.800000000000001,10.9,-0.00052123467218367914,0.00052123467218367914,6.9158031865690361e-06
C04,10.9,11,-0.00048751181802408894,0.00048751181802408894,6.8271744126935374e-06
C04,11,11.100000000000001,-0.00045599459191203451,0.00045599459191203451,6.7394003238074873e-06
C04,11.100000000000001,11.200000000000001,-0.00042653822329019597,0.00042653822329019597,6.6524955941726915e-06
C04,11.200000000000001,11.300000000000001,-0.00039900756163491202,0.00039900756163491202,6.5664726760505943e-06
C04,11.300000000000001,11.4,-0.00037327636935868824,0.00037327636935868824,6.4813419839993003e-06
C04,11.4,11.5,-0.00034922670680392898,0.00034922670680392898,6.3971120605188503e-06
C04,11.5,11.600000000000001,-0.00032674837586887939,0.00032674837586887939,6.3137897452492098e-06
C04,11.600000000000001,11.700000000000001,-0.00030573840743897129,0.00030573840743897129,6.2313803050884076e-06
C04,11.700000000000001,11.800000000000001,-0.00028610058535161187,0.00028610058535161187,6.149887585849001e-06
C04,11.800000000000001,11.9,-0.00026774500275639213,0.00026774500275639213,6.0693141281653595e-06
C04,11.9,12,-0.00025058764803764788,0.00025058764803764788,5.9896612782939229e-06
C04,12,12.100000000000001,-0.0002345500180904736,0.0002345500180904736,5.9109293046866185e-06
C04,12.100000000000001,12.200000000000001,-0.00021955875702017735,0.00021955875702017735,5.8331174848103018e-06
C04,12.200000000000001,12.300000000000001,-0.00020554531857341907,0.00020554531857341907,5.7562242012920706e-06
C04,12.300000000000001,12.4,-0.00019244565072118469,0.00019244565072118469,5.6802470220773671e-06
C04,12.4,12.5,-0.00018019990093454119,0.00018019990093454119,5.6051827708181179e-06
C04,12.5,12.600000000000001,-0.00016875214079359324,0.00016875214079359324,5.5310276101394606e-06
C04,12.600000000000001,12.700000000000001,-0.00015805010863778612,0.00015805010863778612,5.4577770978170292e-06
C04,12.700000000000001,12.800000000000001,-0.00014804496912645959,0.00014804496912690368,5.3854262347385884e-06
C04,12.800000000000001,12.9,-0.00013869108854436263,0.00013869108854436263,5.3139695426196454e-06
C04,12.9,13,-0.00012994582485292838,0.00012994582485292838,5.2434010986424084e-06
C04,13,13.100000000000001,-0.0001217693315018753,0.0001217693315018753,5.1737145831953768e-06
C04,13.100000000000001,13.200000000000001,-0.00011412437412494647,0.00011412437412494647,5.1049033260586185e-06
C04,13.200000000000001,13.300000000000001,-0.00010697615923316306,0.00010697615923316306,5.036960339266372e-06
C04,13.300000000000001,13.4,-0.00010029217416485103,0.00010029217416485103,4.9698783604057439e-06
C04,13.4,13.5,-9.4042037511954391e-05,9.4042037511954391e-05,4.903649881482508e-06
C04,13.5,13.600000000000001,-8.8197359376707141e-05,8.8197359376707141e-05,4.8382671722357884e-06
C04,13.600000000000001,13.700000000000001,-8.2731610773434383e-05,8.2731610773434383e-05,4.7737223249910699e-06
C04,13.700000000000001,13.800000000000001,-7.7620001602829447e-05,7.7620001602829447e-05,4.710007260211313e-06
C04,13.800000000000001,13.9,-7.2839366634491753e-05,7.2839366634491753e-05,4.647113763134314e-06
C04,13.9,14,-6.8368058957490874e-05,6.8368058957490874e-05,4.5850334990937824e-06
C04,14,14.100000000000001,-6.4185850422893154e-05,6.4185850422893154e-05,4.5237580339474448e-06
C04,14.100000000000001,14.200000000000001,-6.0273838612179276e-05,6.0273838612179276e-05,4.4632788556153713e-06
C04,14.200000000000001,14.300000000000001,-5.6614359911666412e-05,5.6614359911666412e-05,4.403587381851537e-06
C04,14.300000000000001,14.4,-5.3190908282152449e-05,5.3190908282152449e-05,4.3446749848907729e-06
C04,14.4,14.5,-4.9988059359629133e-05,4.9988059359629133e-05,4.2865329987762379e-06
C04,14.5,14.600000000000001,-4.6991399530238454e-05,4.6991399530238454e-05,4.2291527333482293e-06
C04,14.600000000000001,14.700000000000001,-4.4187459657951678e-05,4.4187459657951678e-05,4.1725254822377877e-06
C04,14.700000000000001,14.800000000000001,-4.1563653153442459e-05,4.1563653153442459e-05,4.1166425435168463e-06
C04,14.800000000000001,14.9,-3.9108218121697291e-05,3.9108218121697291e-05,4.0614952174777841e-06
C04,14.9,15,-3.681016327350406e-05,3.681016327350406e-05,4.0070748192899686e-06
C04,15,15.100000000000001,-3.4659217411636689e-05,3.4659217411636689e-05,3.9533726881035847e-06
C04,15.100000000000001,15.200000000000001,-3.2645782214846264e-05,3.2645782214846264e-05,3.9003801934889282e-06
C04,15.200000000000001,15.300000000000001,-3.0760888121594832e-05,3.0760888121594832e-05,3.8480887432079669e-06
C04,15.300000000000001,15.4,-2.899615311235948e-05,2.899615311235948e-05,3.7964897816600285e-06
C04,15.4,15.5,-2.7343744176899776e-05,2.7343744176899776e-05,3.7455748067571903e-06
C04,15.5,15.600000000000001,-2.579634133725861e-05,2.579634133725861e-05,3.6953353621527185e-06
C04,15.600000000000001,15.700000000000001,-2.4347104000677078e-05,2.4347104000677078e-05,3.645763053894413e-06
C04,15.700000000000001,15.800000000000001,-2.2989639535841988e-05,2.2989639535841988e-05,3.5968495408766898e-06
C04,15.800000000000001,15.9,-2.1717973905932553e-05,2.1717973905932553e-05,3.5485865510498371e-06
C04,15.9,16,-2.0526524234121268e-05,2.0526524234121268e-05,3.5009658763129892e-06
C04,16,16.100000000000001,-1.9410073143433237e-05,1.9410073143433237e-05,3.4539793780652417e-06
C04,16.100000000000001,16.199999999999999,-1.8363744815896865e-05,1.8363744815896865e-05,3.4076189849852057e-06
C04,16.199999999999999,16.300000000000001,-1.7382982588021179e-05,1.7382982588021179e-05,3.361876703911193e-06
C04,16.300000000000001,16.400000000000002,-1.6463528039523112e-05,1.6463528039523112e-05,3.3167446118476107e-06
C04,16.400000000000002,16.5,-1.5601401439635509e-05,1.5601401439635509e-05,3.2722148670671913e-06
C04,16.5,16.600000000000001,-1.479288347727703e-05,1.479288347727703e-05,3.228279704448056e-06
C04,16.600000000000001,16.699999999999999,-1.4034498194703815e-05,1.4034498194703815e-05,3.1849314310328225e-06
C04,16.699999999999999,16.800000000000001,-1.3322997037601425e-05,1.3322997037601425e-05,3.1421624422378613e-06
C04,16.800000000000001,16.900000000000002,-1.2655343945011666e-05,1.2655343945011666e-05,3.0999652096408425e-06
C04,16.900000000000002,17,-1.2028701433797195e-05,1.2028701433797195e-05,3.0583322905286536e-06
C04,17,17.100000000000001,-1.1440417564401173e-05,1.1440417564401173e-05,3.0172563112440542e-06
C04,17.100000000000001,17.199999999999999,-1.0888013801002572e-05,1.0888013801002572e-05,2.9767299971616978e-06
C04,17.199999999999999,17.300000000000001,-1.0369173638169471e-05,1.0369173638169471e-05,2.9367461455986898e-06
C04,17.300000000000001,17.400000000000002,-9.8817319780231117e-06,9.8817319780231117e-06,2.8972976373609072e-06
C04,17.400000000000002,17.5,-9.423665218388777e-06,9.423665218388777e-06,2.858377437409132e-06
C04,17.5,17.600000000000001,-8.9930819742178869e-06,8.9930819742178869e-06,2.8199785895299812e-06
C04,17.600000000000001,17.699999999999999,-8.5882144165161378e-06,8.5882144165161378e-06,2.7820942225531553e-06
C04,17.699999999999999,17.800000000000001,-8.2074101772633412e-06,8.2074101772633412e-06,2.7447175510175725e-06
C04,17.800000000000001,17.900000000000002,-7.8491247779144402e-06,7.8491247779144402e-06,2.7078418622927813e-06
C04,17.900000000000002,18,-7.5119145732660542e-06,7.5119145732660542e-06,2.6714605287914139e-06
C04,18,18.100000000000001,-7.1944301316406722e-06,7.1944301316406722e-06,2.6355670061928294e-06
C04,18.100000000000001,18.199999999999999,-6.8954100727047773e-06,6.8954100727047773e-06,2.6001548301124444e-06
C04,18.199999999999999,18.300000000000001,-6.6136752989720549e-06,6.6136752989720549e-06,2.5652176101065294e-06
C04,18.300000000000001,18.400000000000002,-6.3481235974549577e-06,6.3481235974549577e-06,2.5307490449932857e-06
C04,18.400000000000002,18.5,-6.0977246150173414e-06,6.0977246150173414e-06,2.4967429039790545e-06
C04,18.5,18.600000000000001,-5.8615151425911449e-06,5.8615151425911449e-06,2.4631930375385025e-06
C04,18.600000000000001,18.699999999999999,-5.6385947266868186e-06,5.6385947266868186e-06,2.4300933736398633e-06
C04,18.699999999999999,18.800000000000001,-5.4281215531304383e-06,5.4281215531304383e-06,2.3974379195212947e-06
C04,18.800000000000001,18.900000000000002,-5.2293086101329322e-06,5.2293086101329322e-06,2.3652207548074955e-06
C04,18.900000000000002,19,-5.041420095164284e-06,5.041420095164284e-06,2.3334360372828655e-06
C04,19,19.100000000000001,-4.8637680731822286e-06,4.8637680731822286e-06,2.302077996452212e-06
C04,19.100000000000001,19.200000000000003,-4.6957093338129141e-06,4.6957093338129141e-06,2.2711409410902661e-06
C04,19.200000000000003,19.300000000000001,-4.5366424654691428e-06,4.5366424654691428e-06,2.2406192483614973e-06
C04,19.300000000000001,19.400000000000002,-4.3860051222033292e-06,4.3860051222033292e-06,2.2105073718137191e-06
C04,19.400000000000002,19.5,-4.2432714626450263e-06,4.2432714626450263e-06,2.1807998344947066e-06
C04,19.5,19.600000000000001,-4.1079497659080033e-06,4.1079497659080033e-06,2.1514912316167312e-06
C04,19.600000000000001,19.700000000000003,-3.9795801995978763e-06,3.9795801995978763e-06,2.1225762290022487e-06
C04,19.700000000000003,19.800000000000001,-3.8577327292621533e-06,3.8577327292621533e-06,2.0940495601973197e-06
C04,19.800000000000001,19.900000000000002,-3.7420051688386025e-06,3.7420051688386025e-06,2.065906030912501e-06
C04,19.900000000000002,20,-3.6320213627760722e-06,3.6320213627760722e-06,2.0381405125835528e-06
